0,1,0.5,0,1,0,1,0,0,0,0,0,1,1
0,2,0.5,0,1,0,1,0,0,0,0,0,1,1
1,1,0.542,0.159143499102581,1.078,0.268440161377691,0.426,0.494988917104325,0.066,0.248530752765408,0.45,0,1,1
1,2,0.5468,0.14890973177208,1,0,0.474,0.499823616183338,0,0,0.45,0,1,1
2,1,0.5802,0.199568572752478,1.114,0.318129553524427,0.792,0.406283315267227,0.018,0.133084269715438,0.96734826,0.143820998876757,1,1
2,2,0.587,0.200427898969606,1,0,0.914,0.280644834347779,0,0,0.97304769,0.130928424713313,1,1
3,1,0.5966,0.222592756104372,1.184,0.387872259615919,0.77,0.421253973060954,0.01,0.0995983919516712,1.506940325397,0.306908933028219,1,1
3,2,0.601,0.227337556794866,1,0,0.946,0.226244055713053,0,0,1.514239435413,0.292037160543189,1,1
4,1,0.6134,0.237303742347786,1.266,0.442306760677567,0.71,0.454216496013191,0,0,2.06437306212444,0.48501281554861,1,1
4,2,0.5904,0.24647380931319,1,0,0.958,0.200790022826168,0,0,2.06777334202345,0.465935528327357,1,1
5,1,0.6136,0.264868553628782,1.326,0.469216718220179,0.636,0.481630497240097,0,0,2.64204193679613,0.661105625776322,1,1
5,2,0.5814,0.264222760818725,1,0,0.948,0.222249386004007,0,0,2.61005637457128,0.634775263318301,1,1
6,1,0.5858,0.268705722922051,1.388,0.487782598836259,0.564,0.496383716077768,0.07,0.255402546819415,3.22355109497031,0.843484234855455,1,1
6,2,0.5652,0.272649289877199,1,0,0.94,0.23772468540752,0,0,3.14378942796594,0.815193483162433,1,1
7,1,0.5714,0.27348057197266,1.432,0.495850517263965,0.516,0.500244429232306,0.208,0.406283315267227,3.77731871807423,1.02494154094277,1,1
7,2,0.5572,0.273491783260525,1,0,0.928,0.258746787032417,0,0,3.66167858568557,1.00096548851449,1,1
8,1,0.5484,0.279524073050658,1.478,0.500016031807109,0.46,0.498896578051185,0.322,0.467710922487414,4.3121441904475,1.21019907660747,1,1
8,2,0.5504,0.284502589525814,1,0,0.916,0.277665619752942,0,0,4.1721211329357,1.18400453696717,1,1
9,1,0.544,0.282814370101436,1.528,0.499715349836008,0.406,0.491576336482116,0.352,0.478072281368022,4.82103689302298,1.39677771921123,1,1
9,2,0.5324,0.282754558372736,1,0,0.91,0.286468372174858,0,0,4.67631759419544,1.37080692097852,1,1
10,1,0.5418,0.283396165770723,1.568,0.495850517263965,0.362,0.481060118566641,0.408,0.491955323256249,5.32668158517648,1.57990239632623,1,1
10,2,0.509,0.283513243992301,1,0,0.896,0.305566263653182,0,0,5.16277955943855,1.56231173608556,1,1
11,1,0.5188,0.281362559306598,1.62,0.485872559719704,0.31,0.462956431335206,0.466,0.499342252739283,5.82947851160109,1.7630741836283,1,1
11,2,0.4894,0.285991647508961,1,0,0.886,0.318129553524427,0,0,5.62651556827286,1.73634406139352,1,1
12,1,0.5266,0.293743102080781,1.65,0.477447286958097,0.278,0.448462079191704,0.436,0.496383716077768,6.30895077552191,1.93777128807482,1,1
12,2,0.4766,0.279335814019592,1,0,0.882,0.322931214252008,0,0,6.07112620300443,1.90606615797407,1,1
13,1,0.5218,0.291676035730807,1.684,0.465378506496182,0.242,0.428723229151896,0.488,0.500356586273084,6.79926201940794,2.13211640745993,1,1
13,2,0.4664,0.272800072873009,1,0,0.878,0.327613585375584,0,0,6.5031074883593,2.07161097238751,1,1
14,1,0.5044,0.298326393861738,1.716,0.451388417004703,0.208,0.406283315267227,0.522,0.500016031807109,7.28393150780317,2.32573281047154,1,1
14,2,0.4528,0.270552318626599,1,0,0.868,0.338829767320472,0,0,6.9250585677885,2.23233848107525,1,1
15,1,0.5096,0.299745784074005,1.736,0.441240735623477,0.188,0.391103469490742,0.654,0.476169586334427,7.75117687342191,2.51360435966959,1,1
15,2,0.433,0.269362417988198,1,0,0.854,0.353459853074534,0,0,7.33388578019351,2.38850555477241,1,1
16,1,0.5258,0.314184314642113,1.76,0.427510854905609,0.164,0.370646404967093,0.666,0.472112041319768,8.21797611408426,2.69512925623832,1,1
16,2,0.4174,0.263012530466449,1,0,0.848,0.359380451078289,0,0,7.72360073983098,2.53612007586899,1,1
17,1,0.5186,0.321809201740176,1.778,0.416007360810475,0.142,0.349399714253806,0.672,0.46995501426292,8.70150181497314,2.88923821675892,1,1
17,2,0.4,0.255677025723795,1,0,0.842,0.365106293030428,0,0,8.09800118962105,2.68094681694179,1,1
18,1,0.513,0.323945800657343,1.792,0.406283315267227,0.128,0.334424400064824,0.674,0.469216718220179,9.17859003459228,3.08967483092669,1,1
18,2,0.3962,0.265757057530472,1,0,0.832,0.374240714279525,0,0,8.45529324612176,2.81904223269161,1,1
19,1,0.5022,0.328437059120324,1.8,0.400400601001753,0.12,0.325286985977756,0.668,0.471402631390368,9.65063953774354,3.28953666416129,1,1
19,2,0.378,0.252276210874403,1,0,0.83,0.376008996609206,0,0,8.80925550837052,2.94889781915436,1,1
20,1,0.4876,0.327812693965089,1.804,0.397366077564754,0.114,0.318129553524427,0.656,0.475516805659831,10.1125610086833,3.48151791551588,1,1
20,2,0.3648,0.25363284337498,1,0,0.822,0.382895832357671,0,0,9.14511673345958,3.07382565804479,1,1
21,1,0.4838,0.337082793419122,1.812,0.391103469490742,0.104,0.305566263653182,0.658,0.474854687191667,10.5607636614615,3.67571387329175,1,1
21,2,0.3492,0.252402007811139,1,0,0.81,0.392693795257408,0,0,9.46816994812072,3.19838323825058,1,1
22,1,0.4758,0.339329705888826,1.83,0.376008996609206,0.084,0.277665619752942,0.656,0.475516805659831,11.005528626839,3.86897495246196,1,1
22,2,0.3432,0.256954882466254,1,0,0.798,0.401894312072406,0,0,9.77622232598033,3.31776486181534,1,1
23,1,0.4696,0.339509017178471,1.836,0.370646404967093,0.078,0.268440161377691,0.652,0.476813067567161,11.4433642797916,4.07605111254811,1,1
23,2,0.332,0.251361024682545,1,0,0.79,0.407716157307826,0,0,10.0788557661365,3.43716025302938,1,1
24,1,0.4636,0.33974386202486,1.848,0.359380451078289,0.066,0.248530752765408,0.656,0.475516805659831,11.8754692447679,4.28348190230836,1,1
24,2,0.326,0.252053688971712,1,0,0.782,0.413300901608672,0,0,10.3706837556437,3.55714971156266,1,1
25,1,0.4652,0.341206394440688,1.854,0.353459853074534,0.058,0.233977543755729,0.658,0.474854687191667,12.3019444238031,4.49403203628905,1,1
25,2,0.3148,0.244172480842542,1,0,0.776,0.417339603547733,0,0,10.6568959869073,3.68517351133799,1,1
26,1,0.4598,0.342985770079393,1.854,0.353459853074534,0.056,0.230151992995411,0.644,0.479294739063332,12.730272211016,4.70198960775689,1,1
26,2,0.296,0.242944528829477,1,0,0.724,0.447464466631481,0,0,10.9322068142729,3.80592871972438,1,1
27,1,0.467,0.353526465662541,1.864,0.343131868175948,0.046,0.20969488283641,0.646,0.478688086930454,13.1539691105122,4.91095392225407,1,1
27,2,0.2894,0.244350269302525,1,0,0.68,0.466943328621674,0,0,11.1913321779478,3.9254729998517,1,1
28,1,0.4624,0.356820517576452,1.87,0.336640243147805,0.026,0.159294536940216,0.654,0.476169586334427,13.5852031469722,5.11826488885535,1,1
28,2,0.2784,0.240018035394487,1,0,0.504,0.500484734971887,0,0,11.4460434936552,4.02833561312329,1,1
29,1,0.4608,0.362002004002469,1.874,0.332181711385136,0.008,0.0891734478845314,0.654,0.476169586334427,14.0124052449216,5.33374720928688,1,1
29,2,0.2658,0.238923688775551,1,0,0.24,0.427510854905609,0,0,11.6985354899222,4.13641087196279,1,1
30,1,0.4402,0.356170851349042,1.874,0.332181711385136,0.002,0.0447213595499958,0.638,0.481060118566641,14.4388666498218,5.55288391738314,1,1
30,2,0.2654,0.246463645711319,1,0,0.066,0.248530752765408,0,0,11.9516004994234,4.24861787545978,1,1
31,1,0.4338,0.353223858464256,1.874,0.332181711385136,0,0,0.628,0.483822455386967,14.8458438238357,5.76610387138613,1,1
31,2,0.2566,0.244327304375354,1,0,0.032,0.176176264440771,0,0,12.212915338495,4.36784236893568,1,1
32,1,0.4336,0.356208940959149,1.874,0.332181711385136,0,0,0.624,0.48486512390226,15.2469982531881,5.97528194004933,1,1
32,2,0.2382,0.234927951262869,1,0,0.016,0.125600760754879,0,0,12.4671260230996,4.48580240151235,1,1
33,1,0.4308,0.360209469230678,1.874,0.332181711385136,0,0,0.612,0.487782598836259,15.6481125670977,6.19590518772778,1,1
33,2,0.2288,0.230035633730018,1,0,0.012,0.108994309571822,0,0,12.703767519427,4.60369204312462,1,1
34,1,0.4352,0.360639823320066,1.874,0.332181711385136,0,0,0.612,0.487782598836259,16.0469940179718,6.41711000987235,1,1
34,2,0.2276,0.238226244328735,1,0,0,0,0,0,12.9312156630788,4.72061048076649,1,1
35,1,0.416,0.358945237281028,1.874,0.332181711385136,0,0,0.596,0.491188897539564,16.4502206453586,6.63543529238829,1,1
35,2,0.215,0.231131658773468,1,0,0.004,0.0631821491240672,0,0,13.1580430985539,4.83604310976673,1,1
36,1,0.4136,0.365516407961364,1.874,0.332181711385136,0,0,0.586,0.493041763302787,16.8350712407229,6.85789267159303,1,1
36,2,0.2158,0.244560789906967,1,0,0,0,0,0,13.3720925752092,4.95104019823806,1,1
37,1,0.4164,0.37089914039357,1.874,0.332181711385136,0,0,0.64,0.480480721202104,17.2179901790713,7.08574567082063,1,1
37,2,0.191,0.216778656633774,1,0,0,0,0,0,13.5871170532097,5.0758419777525,1,1
38,1,0.402,0.364831748082342,1.874,0.332181711385136,0,0,0.628,0.483822455386967,17.600970456191,7.31783320901867,1,1
38,2,0.1908,0.224178214248145,1,0,0,0,0,0,13.7774116237868,5.18838558826193,1,1
39,1,0.3926,0.3624195577942,1.874,0.332181711385136,0,0,0.624,0.48486512390226,17.9701647783854,7.53723499122712,1,1
39,2,0.194,0.233651848639692,1,0,0,0,0,0,13.9674879235027,5.30245707151652,1,1
40,1,0.3914,0.359505951352848,1.874,0.332181711385136,0,0,0.614,0.487318128039407,18.3301579930595,7.76136769324421,1,1
40,2,0.187,0.225372103798009,1,0,0,0,0,0,14.1607327592713,5.42281965763204,1,1
41,1,0.3894,0.362947795425746,1.874,0.332181711385136,0,0,0.606,0.489124201987532,18.6894180029591,7.989947540651,1,1
41,2,0.1764,0.216093574327724,1,0,0,0,0,0,14.3469862160254,5.53929181779012,1,1
42,1,0.3918,0.370333706416546,1.874,0.332181711385136,0,0,0.598,0.490792986411809,19.0470486337547,8.22139099552999,1,1
42,2,0.1886,0.233836264932528,1,0,0,0,0,0,14.5226644206268,5.65135585589478,1,1
43,1,0.3912,0.371319695994256,1.874,0.332181711385136,0,0,0.592,0.491955323256249,19.4074317655631,8.45830663384481,1,1
43,2,0.181,0.222976314602577,1,0,0,0,0,0,14.7104739223098,5.77386544938023,1,1
44,1,0.3894,0.365478849701537,1.874,0.332181711385136,0,0,0.59,0.492325877381108,19.7674801463531,8.69737357881517,1,1
44,2,0.18,0.228175652199162,1,0,0,0,0,0,14.8906972545083,5.88570293296933,1,1
45,1,0.3774,0.364272740207824,1.874,0.332181711385136,0,0,0.578,0.494373148157582,20.1257999862455,8.93454013750319,1,1
45,2,0.1748,0.221592342676062,1,0,0,0,0,0,15.0699069549268,5.99881449674462,1,1
46,1,0.369,0.361220098997605,1.874,0.332181711385136,0,0,0.57,0.495571571384729,20.4727351814554,9.1621477528638,1,1
46,2,0.1728,0.218805648518605,1,0,0,0,0,0,15.243922082969,6.11478461697589,1,1
47,1,0.3604,0.358844504984422,1.874,0.332181711385136,0,0,0.562,0.496637995523092,20.8116724004672,9.39011229152291,1,1
47,2,0.1688,0.222993300401712,1,0,0,0,0,0,15.4159289888287,6.23629523893529,1,1
48,1,0.3684,0.365881371972821,1.874,0.332181711385136,0,0,0.558,0.497121977507575,21.1424141772479,9.61565113009658,1,1
48,2,0.166,0.22571196641642,1,0,0,0,0,0,15.5839374508226,6.35648481499922,1,1
49,1,0.3546,0.363018463455537,1.874,0.332181711385136,0,0,0.55,0.497991959758356,21.4812836122052,9.84910286157587,1,1
49,2,0.1678,0.229801604770529,1,0,0,0,0,0,15.7491425204347,6.47562685555875,1,1
50,1,0.3574,0.367253304927212,1.874,0.332181711385136,0,0,0.51,0.500400641089924,21.8067846628816,10.0759957958418,1,1
50,2,0.169,0.237427343595833,1,0,0,0,0,0,15.9161222706747,6.59608911618335,1,1
51,1,0.354,0.366049155125286,1.874,0.332181711385136,0,0,0.502,0.500496747230165,22.137029222159,10.3109029130835,1,1
51,2,0.1666,0.235574682132277,1,0,0,0,0,0,16.0842793376162,6.72372962629185,1,1
52,1,0.354,0.366596215980392,1.874,0.332181711385136,0,0,0.504,0.500484734971887,22.4642560187929,10.5434905676087,1,1
52,2,0.1584,0.22101387799986,1,0,0,0,0,0,16.2500317983009,6.84831275293778,1,1
53,1,0.3582,0.371899689106505,1.874,0.332181711385136,0,0,0.504,0.500484734971887,22.7913506114233,10.7803915518553,1,1
53,2,0.1552,0.22147474376156,1,0,0,0,0,0,16.4076102151886,6.97190466495335,1,1
54,1,0.3446,0.367451876799571,1.874,0.332181711385136,0,0,0.492,0.500436683055404,23.1225902923722,11.0225465152614,1,1
54,2,0.1498,0.217334831211464,1,0,0,0,0,0,16.5619897902134,7.09112832386219,1,1
55,1,0.3356,0.366498680168333,1.874,0.332181711385136,0,0,0.488,0.500356586273084,23.440866863645,11.2588892459104,1,1
55,2,0.1502,0.226013548816209,1,0,0,0,0,0,16.7109830101405,7.20873320928343,1,1
56,1,0.3236,0.355662806692137,1.874,0.332181711385136,0,0,0.476,0.499923841895334,23.7503598768113,11.4905309434222,1,1
56,2,0.15,0.224054459454846,1,0,0,0,0,0,16.8603591366751,7.32860141993818,1,1
57,1,0.311,0.347419632147642,1.874,0.332181711385136,0,0,0.468,0.499474673932322,24.0484856054319,11.7147558246949,1,1
57,2,0.1516,0.227157745372165,1,0,0,0,0,0,17.0095214425226,7.4468331822812,1,1
58,1,0.3202,0.358649157864442,1.874,0.332181711385136,0,0,0.464,0.49920176763471,24.334450867124,11.9285135189619,1,1
58,2,0.1496,0.227251240376164,1,0,0,0,0,0,17.1602597376288,7.56919449665222,1,1
59,1,0.3184,0.360779383456225,1.874,0.332181711385136,0,0,0.456,0.498559045895758,24.6297331673824,12.1506922598545,1,1
59,2,0.149,0.230836676336939,1,0,0,0,0,0,17.3089945259071,7.68768417099314,1,1
60,1,0.3128,0.362407005555012,1.874,0.332181711385136,0,0,0.45,0.497991959758356,24.9235941755022,12.3719384012335,1,1
60,2,0.1502,0.238356009310335,1,0,0,0,0,0,17.45711797046,7.80448950384062,1,1
61,1,0.3112,0.362017504199304,1.874,0.332181711385136,0,0,0.444,0.49735170396297,25.2121575038922,12.5939006708964,1,1
61,2,0.1446,0.230862372139202,1,0,0,0,0,0,17.6064194238675,7.92572570858933,1,1
62,1,0.3014,0.354950729031622,1.874,0.332181711385136,0,0,0.442,0.497121977507575,25.4993998822062,12.8185344294944,1,1
62,2,0.141,0.229268681368636,1,0,0,0,0,0,17.7501400048509,8.04736443815832,1,1
63,1,0.307,0.367642928186155,1.874,0.332181711385136,0,0,0.428,0.495284376117855,25.7769734932216,13.0355915640075,1,1
63,2,0.142,0.233377226523325,1,0,0,0,0,0,17.8902684658361,8.16948726045345,1,1
64,1,0.3106,0.369351432868378,1.874,0.332181711385136,0,0,0.426,0.494988917104325,26.0607797796652,13.2643407567953,1,1
64,2,0.1364,0.22569207745877,1,0,0,0,0,0,18.0313766334656,8.29042972393979,1,1
65,1,0.3094,0.372732476446574,1.874,0.332181711385136,0,0,0.416,0.493387131696244,26.3482340799181,13.4989791155937,1,1
65,2,0.132,0.219710138796962,1,0,0,0,0,0,18.1669064176153,8.40840342688598,1,1
66,1,0.2938,0.360223655753379,1.874,0.332181711385136,0,0,0.41,0.492325877381108,26.6349641702116,13.7342776575997,1,1
66,2,0.1304,0.221842891563093,1,0,0,0,0,0,18.2980511574584,8.52576825871802,1,1
67,1,0.291,0.359551880971607,1.874,0.332181711385136,0,0,0.406,0.491576336482116,26.9064662400101,13.9604494605096,1,1
67,2,0.1302,0.22407225788461,1,0,0,0,0,0,18.4275933085807,8.64552350723569,1,1
68,1,0.2916,0.358422059512931,1.874,0.332181711385136,0,0,0.412,0.492688017883459,27.1753585222399,14.1858718621443,1,1
68,2,0.1308,0.228902058323225,1,0,0,0,0,0,18.5569238410755,8.76598521520939,1,1
69,1,0.3002,0.364754783524779,1.874,0.332181711385136,0,0,0.414,0.493041763302787,27.4445218820605,14.4129985746949,1,1
69,2,0.1294,0.221661696771524,1,0,0,0,0,0,18.6868373741549,8.8938816921958,1,1
70,1,0.3038,0.370729606157592,1.874,0.332181711385136,0,0,0.42,0.494052807251113,27.7220998745105,14.652490174135,1,1
70,2,0.133,0.231166337842479,1,0,0,0,0,0,18.8153475431103,9.02110023022677,1,1
71,1,0.2936,0.360970413300809,1.874,0.332181711385136,0,0,0.418,0.493724140643445,28.0029270886759,14.8916639670094,1,1
71,2,0.1304,0.224536574630267,1,0,0,0,0,0,18.9474197477921,9.1559116958546,1,1
72,1,0.2822,0.359557677496801,1.874,0.332181711385136,0,0,0.402,0.490792986411809,28.2736976797112,15.1279397226086,1,1
72,2,0.13,0.223068417840976,1,0,0,0,0,0,19.0768971407917,9.28656423799852,1,1
73,1,0.2712,0.348674213865651,1.874,0.332181711385136,0,0,0.392,0.488685611875886,28.5339172433825,15.3590855125822,1,1
73,2,0.127,0.221696410880272,1,0,0,0,0,0,19.2059644558519,9.42051562177366,1,1
74,1,0.2636,0.345418105105493,1.874,0.332181711385136,0,0,0.39,0.488238418712635,28.7836871598093,15.5807055539405,1,1
74,2,0.126,0.222312495580844,1,0,0,0,0,0,19.3320406855268,9.55370263554323,1,1
75,1,0.2612,0.34399305580911,1.874,0.332181711385136,0,0,0.366,0.48219188922676,29.0259873971549,15.7935441008948,1,1
75,2,0.1318,0.23409048830191,1,0,0,0,0,0,19.4571116806334,9.68651802812377,1,1
76,1,0.2474,0.332497140886046,1.874,0.332181711385136,0,0,0.346,0.476169586334427,29.2670723712575,16.0028431495538,1,1
76,2,0.1294,0.229479763647795,1,0,0,0,0,0,19.5879268291996,9.82912969834893,1,1
77,1,0.253,0.340709797823111,1.874,0.332181711385136,0,0,0.344,0.475516805659831,29.495430152961,16.1992083535145,1,1
77,2,0.1236,0.219589341630954,1,0,0,0,0,0,19.7163470680194,9.97018564125902,1,1
78,1,0.2476,0.337760869269398,1.874,0.332181711385136,0,0,0.344,0.475516805659831,29.7294213752521,16.3990262564851,1,1
78,2,0.126,0.229847034609188,1,0,0,0,0,0,19.8389989555308,10.1045500668825,1,1
79,1,0.2476,0.343526215187491,1.874,0.332181711385136,0,0,0.314,0.464581178420613,29.958031156669,16.6020180927264,1,1
79,2,0.144,0.259998458450802,1,0,0,0,0,0,19.9640199297431,10.2445048099564,1,1
80,1,0.2446,0.341561368331773,1.874,0.332181711385136,0,0,0.278,0.448462079191704,30.1881062732043,16.8098426649628,1,1
80,2,0.1464,0.266287171518702,1,0,0,0,0,0,20.1068867550174,10.4062659688337,1,1
81,1,0.2496,0.349491242031203,1.874,0.332181711385136,0,0,0.232,0.422531733876007,30.4169679444065,17.0177415427786,1,1
81,2,0.1352,0.24576770236761,1,0,0,0,0,0,20.2521201692522,10.5754502939367,1,1
82,1,0.243,0.348157186991318,1.874,0.332181711385136,0,0,0,0,30.6530478353398,17.2382338723376,1,1
82,2,0.138,0.251560261429067,1,0,0,0,0,0,20.3862294182194,10.7322284261858,1,1
83,1,0.2172,0.317909252122631,1.874,0.332181711385136,0,0,0,0,30.8940632838922,17.4633582035851,1,1
83,2,0.1396,0.255033181856196,1,0,0,0,0,0,20.5231023890023,10.8962818487128,1,1
84,1,0.2104,0.302514247167764,1.874,0.332181711385136,0,0,0,0,31.1094678952915,17.6643864065406,1,1
84,2,0.1408,0.254607560806902,1,0,0,0,0,0,20.6615484467893,11.0631411865218,1,1
0,1,0.5,0,1,0,1,0,0,0,0,0,2,1
0,2,0.5,0,1,0,1,0,0,0,0,0,2,1
1,1,0.5614,0.153548671074606,1.098,0.297612409507038,0.462,0.499053211808553,0.064,0.244998057331466,0.45,0,2,1
1,2,0.5536,0.142715715851837,1,0,0.494,0.50046471390071,0,0,0.45,0,2,1
2,1,0.5922,0.204457246218035,1.142,0.349399714253806,0.77,0.421253973060954,0.012,0.108994309571822,0.98504649,0.139060437240219,2,1
2,2,0.5786,0.20631813868077,1,0,0.902,0.297612409507038,0,0,0.97884711,0.12452995469376,2,1
3,1,0.6026,0.230910977996974,1.208,0.406283315267227,0.754,0.431109860038999,0.018,0.133084269715438,1.538035875531,0.302314634695603,2,1
3,2,0.5988,0.235604709541886,1,0,0.936,0.244998057331466,0,0,1.512240415335,0.280727510075377,2,1
4,1,0.6344,0.242929350508903,1.276,0.447464466631481,0.696,0.460443282101134,0,0,2.10186669245044,0.481150874575247,2,1
4,2,0.6114,0.257493000469102,1,0,0.956,0.205300503148888,0,0,2.06407483189445,0.465218077757023,2,1
5,1,0.6264,0.251852932878693,1.342,0.474854687191667,0.628,0.483822455386967,0,0,2.70122688842404,0.672851897256448,2,1
5,2,0.6124,0.266661690000322,1,0,0.954,0.20969488283641,0,0,2.62744942570819,0.66464071711872,2,1
6,1,0.6346,0.274761401319965,1.406,0.491576336482116,0.556,0.49735170396297,0.046,0.20969488283641,3.29592944791809,0.857880488991958,2,1
6,2,0.6188,0.272902017255359,1,0,0.948,0.222249386004007,0,0,3.19186713217255,0.871612634315979,2,1
7,1,0.6212,0.281262826472163,1.448,0.497786684400389,0.51,0.500400641089924,0.172,0.37775839210481,3.900066838581,1.04189457994381,2,1
7,2,0.5998,0.288003214744917,1,0,0.934,0.248530752765408,0,0,3.76292437787112,1.06245211135657,2,1
8,1,0.6036,0.284585695417166,1.49,0.500400641089924,0.466,0.499342252739283,0.31,0.462956431335206,4.48675599185145,1.22742598966223,2,1
8,2,0.5882,0.297013794946931,1,0,0.92,0.271564900143557,0,0,4.31563732400276,1.24467295152682,2,1
9,1,0.583,0.296423233682743,1.536,0.49920176763471,0.416,0.493387131696244,0.306,0.461291208628906,5.05110430996383,1.40240808122808,2,1
9,2,0.5766,0.297067227872331,1,0,0.91,0.286468372174858,0,0,4.8574037157884,1.4322899597697,2,1
10,1,0.5808,0.300619533976781,1.566,0.496121227670305,0.384,0.486844981562041,0.354,0.478688086930454,5.5975122968019,1.58141588330821,2,1
10,2,0.5554,0.311552515540927,1,0,0.89,0.313203116818415,0,0,5.3880259169398,1.62224697486614,2,1
11,1,0.5698,0.307077438289127,1.596,0.491188897539564,0.352,0.478072281368022,0.36,0.480480721202104,6.14086864149164,1.76668847501575,2,1
11,2,0.5512,0.315876742151848,1,0,0.878,0.327613585375584,0,0,5.8984152467835,1.80533429421449,2,1
12,1,0.5688,0.310385628657246,1.626,0.484348207772823,0.32,0.466943328621674,0.38,0.485872559719704,6.67448131521351,1.95807185044123,2,1
12,2,0.5592,0.324076242297462,1,0,0.874,0.332181711385136,0,0,6.40515749571481,1.98966696357273,2,1
13,1,0.5578,0.312080034439551,1.666,0.472112041319768,0.28,0.449448559922081,0.392,0.488685611875886,7.2076411074041,2.15518408808813,2,1
13,2,0.5328,0.322260552546313,1,0,0.862,0.345245403702287,0,0,6.92003923583143,2.18367260923085,2,1
14,1,0.5528,0.312934523554152,1.674,0.469216718220179,0.27,0.444404084117102,0.442,0.497121977507575,7.73116005613022,2.3467879302446,2,1
14,2,0.5176,0.324377374924216,1,0,0.854,0.353459853074534,0,0,7.40910300765741,2.3775460411455,2,1
15,1,0.545,0.312778933629881,1.716,0.451388417004703,0.228,0.419962781059167,0.612,0.487782598836259,8.24763644659401,2.54472819690563,2,1
15,2,0.5142,0.326667695934468,1,0,0.848,0.359380451078289,0,0,7.88333857964359,2.56885101823691,2,1
16,1,0.5372,0.313772315751828,1.734,0.442306760677567,0.21,0.407716157307826,0.634,0.48219188922676,8.74988247451522,2.73503863572392,2,1
16,2,0.5132,0.330703022329636,1,0,0.838,0.368819815238043,0,0,8.35443137481899,2.76791094437101,2,1
17,1,0.551,0.315051606931404,1.756,0.429922862074895,0.186,0.389496360483201,0.652,0.476813067567161,9.24409106823811,2.92911898270391,2,1
17,2,0.5064,0.333799166816718,1,0,0.826,0.379489161963944,0,0,8.82497786011515,2.96508710594401,2,1
18,1,0.5412,0.321355096733182,1.778,0.416007360810475,0.162,0.368819815238043,0.654,0.476169586334427,9.75232629026804,3.12447347705086,2,1
18,2,0.5068,0.330108623648056,1,0,0.826,0.379489161963944,0,0,9.28928782233499,3.1706820920846,2,1
19,1,0.5384,0.326218142587297,1.798,0.401894312072406,0.136,0.343131868175948,0.666,0.472112041319768,10.2518263354719,3.31323683579268,2,1
19,2,0.5044,0.329176783369391,1,0,0.822,0.382895832357671,0,0,9.75395063417028,3.3848503941857,2,1
20,1,0.5338,0.331023735443327,1.812,0.391103469490742,0.122,0.327613585375584,0.676,0.468468703172051,10.7491804170822,3.51002366252737,2,1
20,2,0.5062,0.332991481352461,1,0,0.81,0.392693795257408,0,0,10.2163711559645,3.60243044760415,2,1
21,1,0.5314,0.332407927192058,1.824,0.381201559884685,0.108,0.310691258512744,0.682,0.466165873099356,11.2420935549294,3.70838751845475,2,1
21,2,0.5048,0.337052174502218,1,0,0.798,0.401894312072406,0,0,10.6811406402639,3.82470485112748,2,1
22,1,0.5242,0.333251366007541,1.838,0.368819815238043,0.094,0.292120984077963,0.686,0.464581178420613,11.7329615972655,3.90858525007005,2,1
22,2,0.5018,0.335979947392847,1,0,0.792,0.406283315267227,0,0,11.1450653259358,4.040541092566,2,1
23,1,0.5152,0.336385597998907,1.844,0.363218743612472,0.088,0.283578619905194,0.68,0.466943328621674,12.2170952773306,4.11043316752849,2,1
23,2,0.5002,0.338125150254264,1,0,0.778,0.416007360810475,0,0,11.6062495529064,4.25064003734807,2,1
24,1,0.5124,0.342696837225687,1.854,0.353459853074534,0.078,0.268440161377691,0.684,0.465378506496182,12.6927998427906,4.30814636909322,2,1
24,2,0.4916,0.337159893206731,1,0,0.766,0.423796184990882,0,0,12.0664897291788,4.46193460403654,2,1
25,1,0.5006,0.34066368090387,1.866,0.340993479565537,0.066,0.248530752765408,0.688,0.463773837494839,13.1659628308991,4.50809674041778,2,1
25,2,0.4972,0.346340965131554,1,0,0.764,0.425047445188561,0,0,12.5187030593698,4.67110053257821,2,1
26,1,0.4942,0.338904222671079,1.87,0.336640243147805,0.058,0.233977543755729,0.694,0.461291208628906,13.6277069685351,4.70774026141577,2,1
26,2,0.4778,0.344157010819469,1,0,0.736,0.441240735623477,0,0,12.9765569353147,4.88826307561625,2,1
27,1,0.4788,0.337131837344833,1.876,0.329911629632442,0.048,0.213980314866346,0.694,0.461291208628906,14.0831212912986,4.90985310298552,2,1
27,2,0.4582,0.340329852962733,1,0,0.704,0.456948140609427,0,0,13.4164117674188,5.08922513124332,2,1
28,1,0.4724,0.3342779134895,1.888,0.315682293803822,0.032,0.176176264440771,0.708,0.455137672140202,14.5236302503744,5.10656664518315,2,1
28,2,0.4566,0.343354371530199,1,0,0.608,0.488685611875886,0,0,13.8382711509122,5.28005515867794,2,1
29,1,0.4686,0.332588740851344,1.892,0.310691258512744,0.018,0.133084269715438,0.706,0.456048199119172,14.9578127747609,5.30090985129656,2,1
29,2,0.4618,0.35100879525832,1,0,0.36,0.480480721202104,0,0,14.2632794005529,5.48070443468487,2,1
30,1,0.4792,0.339348899144673,1.894,0.308145919680322,0.002,0.0447213595499958,0.7,0.458716515599086,15.3889605687259,5.50392557890964,2,1
30,2,0.4444,0.349962265357779,1,0,0.09,0.286468372174858,0,0,14.7057941807603,5.69116278051245,2,1
31,1,0.4782,0.345751135494001,1.894,0.308145919680322,0,0,0.696,0.460443282101134,15.8317301987591,5.71227316298278,2,1
31,2,0.4402,0.3560583028523,1,0,0.014,0.117608092096817,0,0,15.1443763925405,5.90574233510273,2,1
32,1,0.4774,0.351049442988941,1.894,0.308145919680322,0,0,0.678,0.467710922487414,16.2737577185774,5.92328996876978,2,1
32,2,0.4282,0.359504167559969,1,0,0.004,0.0631821491240672,0,0,15.5825159842413,6.11986710051489,2,1
33,1,0.4776,0.356640750967274,1.894,0.308145919680322,0,0,0.672,0.46995501426292,16.7158407161393,6.13221992755529,2,1
33,2,0.4136,0.349885523792453,1,0,0.002,0.0447213595499958,0,0,16.009148505,6.33508683916769,2,1
34,1,0.4676,0.358339300256358,1.894,0.308145919680322,0,0,0.658,0.474854687191667,17.1583778580386,6.35100050151818,2,1
34,2,0.3948,0.341535140951865,1,0,0.002,0.0447213595499958,0,0,16.4212861360256,6.55518220054324,2,1
35,1,0.4556,0.358337063254422,1.894,0.308145919680322,0,0,0.65,0.477447286958097,17.5916023141064,6.56616948699861,2,1
35,2,0.392,0.343587112983617,1,0,0.004,0.0631821491240672,0,0,16.8146463679325,6.77306302485063,2,1
36,1,0.4554,0.359233820617925,1.894,0.308145919680322,0,0,0.648,0.478072281368022,18.0132239787844,6.78258969352922,2,1
36,2,0.3932,0.345706212803794,1,0,0.002,0.0447213595499958,0,0,17.2050773965803,6.99227207456117,2,1
37,1,0.4634,0.365496395646333,1.894,0.308145919680322,0.002,0.0447213595499958,0.68,0.466943328621674,18.4347038406667,7.00265239484656,2,1
37,2,0.4046,0.353962453994312,1,0,0.002,0.0447213595499958,0,0,17.5967647103058,7.21582022899397,2,1
38,1,0.4488,0.354725556509369,1.894,0.308145919680322,0,0,0.674,0.469216718220179,18.8624182864718,7.2279885941484,2,1
38,2,0.4062,0.354334115392043,1,0,0.002,0.0447213595499958,0,0,17.9997707511356,7.44731674406707,2,1
39,1,0.4458,0.361030533462454,1.894,0.308145919680322,0,0,0.67,0.47068363703484,19.2759438211261,7.44507932865903,2,1
39,2,0.395,0.34773097887208,1,0,0,0,0,0,18.4043304225957,7.67866540578176,2,1
40,1,0.44,0.357849287025207,1.894,0.308145919680322,0,0,0.666,0.472112041319768,19.6866389025045,7.66785191970768,2,1
40,2,0.3968,0.357162273735006,1,0,0,0,0,0,18.797792845939,7.90807183430309,2,1
41,1,0.4386,0.362204948681957,1.894,0.308145919680322,0,0,0.66,0.474183191813879,20.09171527075,7.88989320179909,2,1
41,2,0.3888,0.352424411657115,1,0,0,0,0,0,19.1930087370623,8.14277679991828,2,1
42,1,0.4346,0.36161356271229,1.894,0.308145919680322,0,0,0.65,0.477447286958097,20.4956556323504,8.11576327492736,2,1
42,2,0.379,0.345220733313367,1,0,0,0,0,0,19.5802178410816,8.37685903515698,2,1
43,1,0.419,0.363708079555938,1.894,0.308145919680322,0,0,0.634,0.48219188922676,20.8960702698198,8.34296093052313,2,1
43,2,0.373,0.344162600803142,1,0,0,0,0,0,19.9576292999249,8.61258270682557,2,1
44,1,0.4168,0.363733920234914,1.894,0.308145919680322,0,0,0.632,0.482744325878965,21.2817083723639,8.56322319504935,2,1
44,2,0.3736,0.346443481930812,1,0,0,0,0,0,20.3290287635163,8.84881794955372,2,1
45,1,0.4316,0.372503634768618,1.894,0.308145919680322,0,0,0.626,0.484348207772823,21.6652171312596,8.78286691263586,2,1
45,2,0.3712,0.348271655884577,1,0,0,0,0,0,20.7009884528294,9.08565493134481,2,1
46,1,0.4234,0.377886273992777,1.894,0.308145919680322,0,0,0.608,0.488685611875886,22.0637197385553,9.0172126696733,2,1
46,2,0.3616,0.344212731910979,1,0,0,0,0,0,21.0705217224476,9.32396791377104,2,1
47,1,0.4114,0.371113851778621,1.894,0.308145919680322,0,0,0.6,0.490388582579007,22.4549160001459,9.2437913505361,2,1
47,2,0.362,0.344780723786858,1,0,0,0,0,0,21.4304620995244,9.55878707513145,2,1
48,1,0.4206,0.382057031279756,1.894,0.308145919680322,0,0,0.598,0.490792986411809,22.8345275369023,9.46063828663506,2,1
48,2,0.3592,0.354608028261368,1,0,0,0,0,0,21.7907646068811,9.79387360199542,2,1
49,1,0.4076,0.371723818438352,1.894,0.308145919680322,0,0,0.596,0.491188897539564,23.2233565772484,9.68925041814385,2,1
49,2,0.3582,0.355310076554271,1,0,0,0,0,0,22.1482444924513,10.037652737758,2,1
50,1,0.4048,0.370041648525253,1.894,0.308145919680322,0,0,0.568,0.495850517263965,23.5993097932238,9.91295656149166,2,1
50,2,0.3686,0.364334350615031,1,0,0,0,0,0,22.5046935182914,10.282479217301,2,1
51,1,0.4128,0.379795536175186,1.894,0.308145919680322,0,0,0.564,0.496383716077768,23.973832396755,10.1413424380742,2,1
51,2,0.3642,0.364092690085846,1,0,0,0,0,0,22.8714550264254,10.5387848977898,2,1
52,1,0.407,0.380553072885459,1.894,0.308145919680322,0,0,0.554,0.497573269294717,24.3564758324053,10.3771970283395,2,1
52,2,0.3604,0.365484607057523,1,0,0,0,0,0,23.2338022424,10.7954993478301,2,1
53,1,0.3916,0.370193904669037,1.894,0.308145919680322,0,0,0.552,0.497786684400389,24.733808493551,10.6124023687618,2,1
53,2,0.3494,0.364039406354254,1,0,0,0,0,0,23.5923329333489,11.0497026127522,2,1
54,1,0.3838,0.362740570439654,1.894,0.308145919680322,0,0,0.552,0.497786684400389,25.0958843009546,10.8449318759981,2,1
54,2,0.3354,0.35634365660582,1,0,0,0,0,0,23.9398859199061,11.3014914237079,2,1
55,1,0.3848,0.367912597444988,1.894,0.308145919680322,0,0,0.55,0.497991959758356,25.4501659093527,11.0723369936009,2,1
55,2,0.3268,0.351409643400619,1,0,0,0,0,0,24.2734795511714,11.5390266825957,2,1
56,1,0.375,0.367839110512252,1.894,0.308145919680322,0,0,0.534,0.499342252739283,25.8055060558961,11.3048672236764,2,1
56,2,0.331,0.35630451275787,1,0,0,0,0,0,24.5984869955889,11.7723519603041,2,1
57,1,0.3804,0.371823001829336,1.894,0.308145919680322,0,0,0.53,0.499599037625968,26.151860930074,11.5391296418788,2,1
57,2,0.3326,0.361522664952765,1,0,0,0,0,0,24.9276384838258,12.0113362651462,2,1
58,1,0.3788,0.376182917175074,1.894,0.308145919680322,0,0,0.526,0.499823616183338,26.5037493379769,11.7759188183744,2,1
58,2,0.3266,0.356941528137338,1,0,0,0,0,0,25.258347962403,12.2529683900005,2,1
59,1,0.3788,0.379682601333681,1.894,0.308145919680322,0,0,0.512,0.500356586273084,26.8542106539401,12.0124321335803,2,1
59,2,0.3094,0.345732123764636,1,0,0,0,0,0,25.5830590710373,12.4911184174104,2,1
60,1,0.3664,0.367124776067218,1.894,0.308145919680322,0,0,0.508,0.500436683055404,27.2053328057259,12.250134406022,2,1
60,2,0.3144,0.355648156500838,1,0,0,0,0,0,25.8906388948271,12.7200804068617,2,1
61,1,0.375,0.374747744147296,1.894,0.308145919680322,0,0,0.51,0.500400641089924,27.5442928297735,12.4835959210152,2,1
61,2,0.3144,0.3526490645464,1,0,0,0,0,0,26.2031580489636,12.9563270384084,2,1
62,1,0.3658,0.372138864766015,1.894,0.308145919680322,0,0,0.504,0.500484734971887,27.8916672630632,12.7263923655774,2,1
62,2,0.3114,0.35199124374243,1,0,0,0,0,0,26.5156459511847,13.1965265179142,2,1
63,1,0.3552,0.371792171565884,1.894,0.308145919680322,0,0,0.494,0.50046471390071,28.2301619709467,12.9592584581702,2,1
63,2,0.3128,0.359073847635987,1,0,0,0,0,0,26.8251211479989,13.4347349789482,2,1
64,1,0.3394,0.361343019242257,1.894,0.308145919680322,0,0,0.49,0.500400641089924,28.5585862625069,13.1874585173125,2,1
64,2,0.306,0.359475235433235,1,0,0,0,0,0,27.13595660458,13.6735941826535,2,1
65,1,0.3416,0.362950280082029,1.894,0.308145919680322,0,0,0.492,0.500436683055404,28.8714772377909,13.4076215671379,2,1
65,2,0.3018,0.357368415460485,1,0,0,0,0,0,27.4400043608102,13.9133365445688,2,1
66,1,0.3404,0.359759215846896,1.894,0.308145919680322,0,0,0.494,0.50046471390071,29.1864233175658,13.6380108622428,2,1
66,2,0.292,0.347645962770836,1,0,0,0,0,0,27.739848925088,14.1541605076051,2,1
67,1,0.3394,0.360565743395877,1.894,0.308145919680322,0,0,0.49,0.500400641089924,29.5000464549071,13.869060042921,2,1
67,2,0.2886,0.346308965808856,1,0,0,0,0,0,28.0299279751471,14.3906663811379,2,1
68,1,0.33,0.361609627977592,1.894,0.308145919680322,0,0,0.476,0.499923841895334,29.8128435722849,14.103834465083,2,1
68,2,0.2966,0.351875080311591,1,0,0,0,0,0,28.3166007222898,14.6283747394876,2,1
69,1,0.325,0.361075825143426,1.894,0.308145919680322,0,0,0.476,0.499923841895334,30.1169683722003,14.3336897454767,2,1
69,2,0.296,0.355973924423882,1,0,0,0,0,0,28.6111905839975,14.8746633484988,2,1
70,1,0.3216,0.359097956949592,1.894,0.308145919680322,0,0,0.47,0.499599037625968,30.4160971425972,14.5625030374135,2,1
70,2,0.2908,0.353957528333171,1,0,0,0,0,0,28.9051551126744,15.1237525704972,2,1
71,1,0.3222,0.364352391690601,1.894,0.308145919680322,0,0,0.462,0.499053211808553,30.7121176254215,14.7897057346195,2,1
71,2,0.2812,0.347113144479059,1,0,0,0,0,0,29.1939265196027,15.3669551445264,2,1
72,1,0.3174,0.359354297347401,1.894,0.308145919680322,0,0,0.46,0.498896578051185,31.0091014309905,15.0185147925504,2,1
72,2,0.282,0.349571739134621,1,0,0,0,0,0,29.473136971378,15.6048470059602,2,1
73,1,0.3176,0.361651522390401,1.894,0.308145919680322,0,0,0.458,0.498731858751642,31.3013892583267,15.2458709642434,2,1
73,2,0.279,0.35069212985164,1,0,0,0,0,0,29.7531137625085,15.8475302749916,2,1
74,1,0.322,0.366475932659209,1.894,0.308145919680322,0,0,0.458,0.498731858751642,31.5939456747456,15.4751187778264,2,1
74,2,0.2726,0.3454096925557,1,0,0,0,0,0,30.0300843773061,16.0909919166273,2,1
75,1,0.3176,0.362647578970364,1.894,0.308145919680322,0,0,0.43,0.495571571384729,31.8908403940821,15.712944476464,2,1
75,2,0.2768,0.35052459969306,1,0,0,0,0,0,30.3006744825924,16.3294279259763,2,1
76,1,0.3152,0.360261761881758,1.894,0.308145919680322,0,0,0.444,0.49735170396297,32.1847278408989,15.9496410405632,2,1
76,2,0.2786,0.354815202119795,1,0,0,0,0,0,30.5754061451351,16.5708034982272,2,1
77,1,0.3166,0.363384833302311,1.894,0.308145919680322,0,0,0.434,0.496121227670305,32.4755093708385,16.1834255023171,2,1
77,2,0.2818,0.360761774743712,1,0,0,0,0,0,30.8518967056852,16.8150725202321,2,1
78,1,0.3156,0.358292320282681,1.894,0.308145919680322,0,0,0.44,0.496884078609036,32.7681472480804,16.4210291024682,2,1
78,2,0.2888,0.372817039699341,1,0,0,0,0,0,31.1315350705776,17.0639257344759,2,1
79,1,0.307,0.357584582255631,1.894,0.308145919680322,0,0,0.394,0.489124201987532,33.0594659625943,16.6573445152516,2,1
79,2,0.268,0.352398026012455,1,0,0,0,0,0,31.418091081312,17.3237362623799,2,1
80,1,0.311,0.362549146692604,1.894,0.308145919680322,0,0,0.354,0.478688086930454,33.344505121631,16.8892841571054,2,1
80,2,0.2698,0.355641563717864,1,0,0,0,0,0,31.683982117239,17.5706052629361,2,1
81,1,0.2942,0.356033537408373,1.894,0.308145919680322,0,0,0.284,0.451388417004703,33.6354679658598,17.1282921026712,2,1
81,2,0.2698,0.354060273618362,1,0,0,0,0,0,31.9516322207949,17.8198108652693,2,1
82,1,0.2916,0.352900151649256,1.894,0.308145919680322,0,0,0,0,33.9132090140167,17.3556267785676,2,1
82,2,0.2694,0.351697344380205,1,0,0,0,0,0,32.2192555593403,18.0697108313893,2,1
83,1,0.291,0.354669678944119,1.894,0.308145919680322,0,0,0,0,34.2024275522796,17.5938122116809,2,1
83,2,0.2686,0.353445735262927,1,0,0,0,0,0,32.4864554023033,18.320849065507,2,1
84,1,0.291,0.354895620998072,1.894,0.308145919680322,0,0,0,0,34.4910221283256,17.8332936878465,2,1
84,2,0.2704,0.355776606858821,1,0,0,0,0,0,32.7528351381314,18.573181294812,2,1
0,1,0.5,0,1,0,1,0,0,0,0,0,3,1
0,2,0.5,0,1,0,1,0,0,0,0,0,3,1
1,1,0.5504,0.14609081097078,1.114,0.318129553524427,0.462,0.499053211808553,0.086,0.280644834347779,0.45,0,3,1
1,2,0.5614,0.15328742305922,1,0,0.542,0.498731858751642,0,0,0.45,0,3,1
2,1,0.593,0.202615661320701,1.16,0.366973212479269,0.762,0.426285630625471,0.022,0.146830236111208,0.9729477,0.132637375284097,3,1
2,2,0.6038,0.19779739031451,1,0,0.914,0.280644834347779,0,0,0.98424657,0.135984565619627,3,1
3,1,0.6064,0.231227100366475,1.242,0.428723229151896,0.718,0.450423981962611,0.014,0.117608092096817,1.526636945538,0.300738109268917,3,1
3,2,0.6284,0.224263300734008,1,0,0.958,0.200790022826168,0,0,1.542234955581,0.290403041170281,3,1
4,1,0.6156,0.253624309917568,1.32,0.466943328621674,0.652,0.476813067567161,0,0,2.09626602263143,0.482972186884235,3,1
4,2,0.6374,0.243680118187759,1,0,0.97,0.170758064621459,0,0,2.12256082299542,0.459390835343674,3,1
5,1,0.6076,0.26908558881556,1.39,0.488238418712635,0.572,0.495284376117855,0,0,2.6790328576091,0.669597269713613,3,1
5,2,0.6404,0.260275482236239,1,0,0.96,0.196155433031603,0,0,2.71122529832706,0.63451661136809,3,1
6,1,0.6046,0.266873158195294,1.452,0.498189105430397,0.508,0.500436683055404,0.08,0.271564900143557,3.25774341550331,0.863622903270918,3,1
6,2,0.627,0.270105375414217,1,0,0.952,0.213980314866346,0,0,3.30332915756114,0.813301250973892,3,1
7,1,0.5944,0.272464886230239,1.5,0.500500751252191,0.46,0.498896578051185,0.208,0.406283315267227,3.83259838177181,1.04805593786774,3,1
7,2,0.6114,0.273568491312281,1,0,0.94,0.23772468540752,0,0,3.88238160445955,0.980661797028738,3,1
8,1,0.6078,0.28120688937019,1.546,0.498378131064201,0.414,0.493041763302787,0.336,0.472811909964638,4.39320579956217,1.22812786262305,3,1
8,2,0.6076,0.287170984517408,1,0,0.932,0.251998027793918,0,0,4.4463866429638,1.14943254799203,3,1
9,1,0.5958,0.28594735841334,1.578,0.494373148157582,0.382,0.486363134084393,0.344,0.475516805659831,4.96304971921424,1.41697594575815,3,1
9,2,0.6024,0.295650229352579,1,0,0.92,0.271564900143557,0,0,5.00693800001239,1.32762128702058,3,1
10,1,0.5814,0.289969316322982,1.618,0.486363134084393,0.34,0.474183191813879,0.406,0.491576336482116,5.52204637058725,1.6046636888474,3,1
10,2,0.5972,0.291963431426919,1,0,0.918,0.274639497719128,0,0,5.56283744026966,1.51051985920519,3,1
11,1,0.5906,0.293502858343341,1.66,0.474183191813879,0.298,0.457837559032592,0.436,0.496383716077768,6.06560251536697,1.78585334864424,3,1
11,2,0.5892,0.301504842980476,1,0,0.906,0.292120984077963,0,0,6.11358638828851,1.67741640838375,3,1
12,1,0.5856,0.295376258809907,1.692,0.462128906532047,0.266,0.442306760677567,0.422,0.494373148157582,6.61889352992059,1.96100408056656,3,1
12,2,0.5778,0.299242798585045,1,0,0.902,0.297612409507038,0,0,6.65688839734379,1.84268448206144,3,1
13,1,0.5732,0.306054077241903,1.71,0.454216496013191,0.24,0.427510854905609,0.416,0.493387131696244,7.16943245359136,2.14657190028411,3,1
13,2,0.5776,0.31011381968936,1,0,0.894,0.308145919680322,0,0,7.18894950880862,2.00930408375091,3,1
14,1,0.566,0.306057744037577,1.732,0.443361182645203,0.212,0.409134185278041,0.478,0.500016031807109,7.70913035494884,2.32523313641242,3,1
14,2,0.5648,0.308660821948643,1,0,0.888,0.315682293803822,0,0,7.72115715431825,2.1814366080315,3,1
15,1,0.5524,0.311783029228066,1.75,0.433446365197594,0.194,0.395824904104604,0.646,0.478688086930454,8.23988673842043,2.49251310965648,3,1
15,2,0.5614,0.308675559774992,1,0,0.882,0.322931214252008,0,0,8.24082906769288,2.36082737409554,3,1
16,1,0.5552,0.316216612295723,1.774,0.418658033600451,0.168,0.374240714279525,0.666,0.472112041319768,8.74952167410827,2.65360337313105,3,1
16,2,0.5578,0.315210843327927,1,0,0.872,0.334424400064824,0,0,8.75735366062258,2.54104060845029,3,1
17,1,0.5484,0.309206496236139,1.786,0.410537552684683,0.156,0.363218743612472,0.672,0.46995501426292,9.2622006900208,2.8277793749239,3,1
17,2,0.5572,0.323446123472796,1,0,0.862,0.345245403702287,0,0,9.27073155737472,2.72803299292988,3,1
18,1,0.5454,0.315337462777358,1.794,0.404835501861107,0.146,0.353459853074534,0.682,0.466165873099356,9.76833947919616,2.99912939153008,3,1
18,2,0.5398,0.323984400525036,1,0,0.85,0.357429029349945,0,0,9.78395828620125,2.91509320078423,3,1
19,1,0.541,0.317648865263527,1.81,0.392693795257408,0.13,0.336640243147805,0.698,0.459585070333826,10.2714330499051,3.16585467554285,3,1
19,2,0.5332,0.334367107720617,1,0,0.834,0.372453276110939,0,0,10.2803639066646,3.10348538166536,3,1
20,1,0.5306,0.321761870647853,1.822,0.382895832357671,0.116,0.320545627014308,0.698,0.459585070333826,10.7700846637371,3.33029839507649,3,1
20,2,0.5258,0.33283015461891,1,0,0.832,0.374240714279525,0,0,10.7709308966535,3.29846539257889,3,1
21,1,0.5208,0.321081838624031,1.836,0.370646404967093,0.098,0.297612409507038,0.708,0.455137672140202,11.2590057939889,3.50416071795516,3,1
21,2,0.5272,0.330330738493388,1,0,0.832,0.374240714279525,0,0,11.2541634160818,3.49614157173048,3,1
22,1,0.5176,0.324006482035162,1.842,0.365106293030428,0.09,0.286468372174858,0.704,0.456948140609427,11.7384977524001,3.67603235549627,3,1
22,2,0.5156,0.336367248482523,1,0,0.822,0.382895832357671,0,0,11.7387446751962,3.69897195745474,3,1
23,1,0.5208,0.327630957157861,1.85,0.357429029349945,0.082,0.274639497719128,0.7,0.458716515599086,12.2153474756135,3.85550684300409,3,1
23,2,0.501,0.334009167910848,1,0,0.82,0.384572218943551,0,0,12.2122018705608,3.90155718455997,3,1
24,1,0.5268,0.325166459606316,1.86,0.347334539838943,0.07,0.255402546819415,0.72,0.449448559922081,12.6959407834618,4.02804290201908,3,1
24,2,0.4894,0.331975987252428,1,0,0.804,0.397366077564754,0,0,12.6711450335466,4.0969879997552,3,1
25,1,0.5408,0.334962325521898,1.866,0.340993479565537,0.064,0.244998057331466,0.724,0.447464466631481,13.182072607424,4.20725839837777,3,1
25,2,0.4734,0.327363366226422,1,0,0.798,0.401894312072406,0,0,13.1192681924299,4.29249826258879,3,1
26,1,0.5402,0.337567569128693,1.87,0.336640243147805,0.06,0.23772468540752,0.728,0.44543554601233,13.6822206104715,4.39787202820334,3,1
26,2,0.4872,0.341275692360872,1,0,0.764,0.425047445188561,0,0,13.5516857419334,4.48237129603357,3,1
27,1,0.5256,0.335275198781293,1.88,0.325286985977756,0.05,0.218163219587449,0.73,0.444404084117102,14.1817201567701,4.59349207645943,3,1
27,2,0.4838,0.343210061467587,1,0,0.74,0.439073537283089,0,0,13.9995198000167,4.68237296258454,3,1
28,1,0.5192,0.338379019328094,1.886,0.318129553524427,0.036,0.186476666353162,0.722,0.448462079191704,14.6670080433137,4.78962690629456,3,1
28,2,0.4896,0.344338464241089,1,0,0.598,0.490792986411809,0,0,14.4451150069785,4.88837316159623,3,1
29,1,0.507,0.33745926793471,1.89,0.313203116818415,0.022,0.146830236111208,0.716,0.451388417004703,15.1469622210519,4.98494819561563,3,1
29,2,0.488,0.348854409170352,1,0,0.354,0.478688086930454,0,0,14.9035295831395,5.10039905550749,3,1
30,1,0.5082,0.344194275662449,1.892,0.310691258512744,0,0,0.71,0.454216496013191,15.6157008379413,5.17058217625951,3,1
30,2,0.4968,0.355644099418087,1,0,0.094,0.292120984077963,0,0,15.3724676208402,5.32743310816253,3,1
31,1,0.5146,0.348611387937341,1.892,0.310691258512744,0.002,0.0447213595499958,0.714,0.45234193532427,16.0869847922684,5.36487082173928,3,1
31,2,0.4908,0.358625968343538,1,0,0.016,0.125600760754879,0,0,15.8630934594786,5.55893128482205,3,1
32,1,0.5084,0.345264906573812,1.892,0.310691258512744,0,0,0.71,0.454216496013191,16.5643027365377,5.56118157036678,3,1
32,2,0.4736,0.356591299262081,1,0,0.006,0.0773042812773498,0,0,16.3515767357776,5.79778453667636,3,1
33,1,0.5118,0.351921094726968,1.892,0.310691258512744,0,0,0.706,0.456048199119172,17.0356917997778,5.76680011882313,3,1
33,2,0.4654,0.356703398679153,1,0,0.014,0.117608092096817,0,0,16.8233645209997,6.02548426168119,3,1
34,1,0.5088,0.350382785239779,1.892,0.310691258512744,0,0,0.694,0.461291208628906,17.5106218631,5.98210397067653,3,1
34,2,0.4622,0.357388602541341,1,0,0.006,0.0773042812773498,0,0,17.2865334620822,6.25419171767968,3,1
35,1,0.495,0.347154190618705,1.892,0.310691258512744,0,0,0.69,0.462956431335206,17.9831125799662,6.20145349736055,3,1
35,2,0.4616,0.355327955432476,1,0,0,0,0,0,17.7468655905793,6.48296156828176,3,1
36,1,0.4798,0.34579054672505,1.892,0.310691258512744,0,0,0.682,0.466165873099356,18.4420035669296,6.41854683840732,3,1
36,2,0.4514,0.355683935712942,1,0,0,0,0,0,18.2068527340806,6.71332821651363,3,1
37,1,0.4672,0.347051941501846,1.892,0.310691258512744,0,0,0.698,0.459585070333826,18.88610185166,6.62902580745268,3,1
37,2,0.4626,0.368038237535962,1,0,0.002,0.0447213595499958,0,0,18.6566305346802,6.94172195988427,3,1
38,1,0.4638,0.356319360930539,1.892,0.310691258512744,0,0,0.69,0.462956431335206,19.3168052174218,6.83560578168035,3,1
38,2,0.446,0.363687416711313,1,0,0,0,0,0,19.1174223613397,7.17585986056322,3,1
39,1,0.462,0.357114914452265,1.892,0.310691258512744,0,0,0.688,0.463773837494839,19.7444768917824,7.05452116472631,3,1
39,2,0.4382,0.36075066470371,1,0,0,0,0,0,19.5617306929605,7.4045729222235,3,1
40,1,0.4538,0.35577902894194,1.892,0.310691258512744,0,0,0.678,0.467710922487414,20.1704124163941,7.27242900536258,3,1
40,2,0.4282,0.360450564181049,1,0,0,0,0,0,19.9982249560214,7.64274940642058,3,1
41,1,0.4442,0.355977245900912,1.892,0.310691258512744,0,0,0.668,0.471402631390368,20.5886360874693,7.4885888032319,3,1
41,2,0.424,0.363439370944736,1,0,0,0,0,0,20.4247154917547,7.87730930705173,3,1
42,1,0.4388,0.353644863356952,1.892,0.310691258512744,0,0,0.662,0.473502279632987,20.9977551716544,7.70310656206303,3,1
42,2,0.4176,0.362481759612955,1,0,0,0,0,0,20.8469805640391,8.11529784256023,3,1
43,1,0.44,0.358688325192302,1.892,0.310691258512744,0,0,0.658,0.474854687191667,21.4017547200785,7.92192490918646,3,1
43,2,0.4248,0.366898062650586,1,0,0,0,0,0,21.2628302347858,8.34992876618337,3,1
44,1,0.423,0.356855280727027,1.892,0.310691258512744,0,0,0.65,0.477447286958097,21.8071078611725,8.14335569293273,3,1
44,2,0.4134,0.363902858715293,1,0,0,0,0,0,21.6858074254925,8.58819679997193,3,1
45,1,0.4244,0.363743396527049,1.892,0.310691258512744,0,0,0.642,0.479892272480369,22.195893350136,8.35710629501285,3,1
45,2,0.4164,0.364192686122677,1,0,0,0,0,0,22.0973923707871,8.82549646497123,3,1
46,1,0.424,0.358554211026016,1.892,0.310691258512744,0,0,0.636,0.481630497240097,22.5864318783451,8.57164103108617,3,1
46,2,0.4188,0.37390663586608,1,0,0,0,0,0,22.5119226872446,9.06995533287809,3,1
47,1,0.4342,0.366386186523661,1.892,0.310691258512744,0,0,0.634,0.48219188922676,22.9768318116679,8.78361332599712,3,1
47,2,0.415,0.370985526026343,1,0,0,0,0,0,22.928800535474,9.31740643220471,3,1
48,1,0.4158,0.359818424482675,1.892,0.310691258512744,0,0,0.628,0.483822455386967,23.3774444061735,9.00513717150859,3,1
48,2,0.4068,0.371361790116211,1,0,0,0,0,0,23.3418545149022,9.56535691760572,3,1
49,1,0.4088,0.359138581945861,1.892,0.310691258512744,0,0,0.622,0.48537323200677,23.7600036155644,9.21973505387268,3,1
49,2,0.4038,0.372885568632777,1,0,0,0,0,0,23.7467064565781,9.81286628734937,3,1
50,1,0.4,0.353567560785885,1.892,0.310691258512744,0,0,0.58,0.494052807251113,24.1358573203657,9.43806088896556,3,1
50,2,0.3944,0.371597644797755,1,0,0,0,0,0,24.148532577835,10.0563310814705,3,1
51,1,0.392,0.351144706937782,1.892,0.310691258512744,0,0,0.568,0.495850517263965,24.5050068578526,9.65529323089639,3,1
51,2,0.3864,0.371336534215645,1,0,0,0,0,0,24.5409654015138,10.3024141582058,3,1
52,1,0.389,0.355628941296649,1.892,0.310691258512744,0,0,0.564,0.496383716077768,24.8667571261897,9.87004678877836,3,1
52,2,0.386,0.367905843143103,1,0,0,0,0,0,24.9253996800767,10.5535484091856,3,1
53,1,0.3928,0.362119346130089,1.892,0.310691258512744,0,0,0.562,0.496637995523092,25.2256857424338,10.0893656184652,3,1
53,2,0.3884,0.371296596166258,1,0,0,0,0,0,25.3093975899165,10.8091788887643,3,1
54,1,0.3888,0.362349491939229,1.892,0.310691258512744,0,0,0.556,0.49735170396297,25.588457849467,10.3093136195688,3,1
54,2,0.3804,0.363593509954402,1,0,0,0,0,0,25.6957444129813,11.0691920940334,3,1
55,1,0.3852,0.362883354064794,1.892,0.310691258512744,0,0,0.556,0.49735170396297,25.9475136064341,10.5313417232632,3,1
55,2,0.374,0.363577195040485,1,0,0,0,0,0,26.0740956870818,11.3216026484682,3,1
56,1,0.3824,0.361817722241817,1.892,0.310691258512744,0,0,0.552,0.497786684400389,26.3029532044599,10.751124735055,3,1
56,2,0.3786,0.374917546045348,1,0,0,0,0,0,26.4460442311827,11.5724669313117,3,1
57,1,0.393,0.369871071075364,1.892,0.310691258512744,0,0,0.554,0.497573269294717,26.6557717785579,10.9703918238435,3,1
57,2,0.3816,0.37398016300955,1,0,0,0,0,0,26.8225298911418,11.8289683784435,3,1
58,1,0.3886,0.367096117002396,1.892,0.310691258512744,0,0,0.554,0.497573269294717,27.0189953880716,11.1965929222718,3,1
58,2,0.3778,0.374817470607421,1,0,0,0,0,0,27.2019608503272,12.0895273643448,3,1
59,1,0.386,0.371537454586103,1.892,0.310691258512744,0,0,0.548,0.498189105430397,27.377808122628,11.426023174471,3,1
59,2,0.371,0.372742369133823,1,0,0,0,0,0,27.5775758437198,12.3508050803771,3,1
60,1,0.3702,0.361820103884721,1.892,0.310691258512744,0,0,0.542,0.498731858751642,27.7342985066326,11.6530799833713,3,1
60,2,0.3508,0.364699013902537,1,0,0,0,0,0,27.9463932794859,12.6048318509471,3,1
61,1,0.3696,0.359073401151951,1.892,0.310691258512744,0,0,0.54,0.498896578051185,28.0753459677784,11.8716992502009,3,1
61,2,0.348,0.365736964298262,1,0,0,0,0,0,28.2950946766586,12.8528095284339,3,1
62,1,0.3648,0.356166631422256,1.892,0.310691258512744,0,0,0.534,0.499342252739283,28.4158623650461,12.0902935132714,3,1
62,2,0.347,0.36264862891801,1,0,0,0,0,0,28.6409782325522,13.1004867612908,3,1
63,1,0.3726,0.362563296940792,1.892,0.310691258512744,0,0,0.528,0.499715349836008,28.751872525749,12.3081481916251,3,1
63,2,0.3478,0.363206550045552,1,0,0,0,0,0,28.985833381218,13.3475725814989,3,1
64,1,0.3852,0.376223401845489,1.892,0.310691258512744,0,0,0.524,0.499923841895334,29.0958982133076,12.5340446870616,3,1
64,2,0.3514,0.368251623916357,1,0,0,0,0,0,29.3314490199612,13.600290792248,3,1
65,1,0.3766,0.372168589375616,1.892,0.310691258512744,0,0,0.52,0.500100190362693,29.452607835813,12.7722477345215,3,1
65,2,0.3518,0.369282410897129,1,0,0,0,0,0,29.6806071295668,13.8544210914638,3,1
66,1,0.367,0.369816885847734,1.892,0.310691258512744,0,0,0.51,0.500400641089924,29.8009362130025,13.0084558524441,3,1
66,2,0.3444,0.363500902078142,1,0,0,0,0,0,30.0301277316639,14.1112503399378,3,1
67,1,0.3672,0.376520511248433,1.892,0.310691258512744,0,0,0.498,0.500496747230165,30.1401896225751,13.2433232182351,3,1
67,2,0.3386,0.365893147778395,1,0,0,0,0,0,30.372262063309,14.3628718625635,3,1
68,1,0.3552,0.36935864904351,1.892,0.310691258512744,0,0,0.498,0.500496747230165,30.4802037644564,13.4811707122244,3,1
68,2,0.3452,0.369689465093614,1,0,0,0,0,0,30.7086009135603,14.6167179035066,3,1
69,1,0.3558,0.375163771853604,1.892,0.310691258512744,0,0,0.492,0.500436683055404,30.808265232164,13.7169161777784,3,1
69,2,0.337,0.36638706166828,1,0,0,0,0,0,31.0514613999443,14.8765185282799,3,1
70,1,0.348,0.367867711693502,1.892,0.310691258512744,0,0,0.488,0.500356586273084,31.1371877047917,13.9532907058238,3,1
70,2,0.3202,0.358593276953923,1,0,0,0,0,0,31.3861439883366,15.1340520491905,3,1
71,1,0.3442,0.364048654503339,1.892,0.310691258512744,0,0,0.486,0.500304516488145,31.4585303020474,14.1874211621898,3,1
71,2,0.3126,0.355293832503225,1,0,0,0,0,0,31.7041103036682,15.3826040989713,3,1
72,1,0.3348,0.355022593765761,1.892,0.310691258512744,0,0,0.484,0.500244429232306,31.7761669433096,14.4184108825625,3,1
72,2,0.306,0.355043817330268,1,0,0,0,0,0,32.0144985939419,15.6297056855057,3,1
73,1,0.3342,0.361707097038607,1.892,0.310691258512744,0,0,0.48,0.500100190362693,32.0845385437533,14.6434416805223,3,1
73,2,0.3034,0.355219371097927,1,0,0,0,0,0,32.3183031970835,15.8718316882496,3,1
74,1,0.3206,0.355539669957978,1.892,0.310691258512744,0,0,0.47,0.499599037625968,32.3924822165498,14.8733918163309,3,1
74,2,0.3026,0.356465110143334,1,0,0,0,0,0,32.6194963315982,16.114093602592,3,1
75,1,0.322,0.358850312935893,1.892,0.310691258512744,0,0,0.454,0.498378131064201,32.6873916819958,15.0971372344523,3,1
75,2,0.311,0.364258656365878,1,0,0,0,0,0,32.9198652452432,16.3571301427084,3,1
76,1,0.3212,0.362454557997587,1.892,0.310691258512744,0,0,0.442,0.497121977507575,32.9844552173969,15.3260689935806,3,1
76,2,0.3018,0.361383391859426,1,0,0,0,0,0,33.2285413545307,16.6124415682379,3,1
77,1,0.324,0.359280063917631,1.892,0.310691258512744,0,0,0.448,0.497786684400389,33.2812905607584,15.5589867725102,3,1
77,2,0.2946,0.353554580911302,1,0,0,0,0,0,33.5280562546528,16.8633463496796,3,1
78,1,0.318,0.357675640388684,1.892,0.310691258512744,0,0,0.448,0.497786684400389,33.5805770435532,15.7937876463676,3,1
78,2,0.2782,0.34557720876011,1,0,0,0,0,0,33.8203964331386,17.1099315542826,3,1
79,1,0.3196,0.366120100316428,1.892,0.310691258512744,0,0,0.414,0.493041763302787,33.8738802179752,16.0245969799815,3,1
79,2,0.2754,0.349082450309706,1,0,0,0,0,0,34.0964348063599,17.3431960882623,3,1
80,1,0.3212,0.368921083066639,1.892,0.310691258512744,0,0,0.366,0.48219188922676,34.1704280934923,16.2607575569346,3,1
80,2,0.2734,0.348015329171974,1,0,0,0,0,0,34.3696676096969,17.5780942626483,3,1
81,1,0.318,0.374160382702349,1.892,0.310691258512744,0,0,0.312,0.463773837494839,34.4709144402939,16.5023182207543,3,1
81,2,0.2792,0.352101278925883,1,0,0,0,0,0,34.6408890267175,17.8150960142487,3,1
82,1,0.3222,0.377852756256748,1.892,0.310691258512744,0,0,0,0,34.7708747723034,16.7455532629107,3,1
82,2,0.2838,0.361855549740163,1,0,0,0,0,0,34.9178365290225,18.061949788144,3,1
83,1,0.315,0.371902706694228,1.892,0.310691258512744,0,0,0,0,35.0904434040876,17.008169026122,3,1
83,2,0.2828,0.364760552309377,1,0,0,0,0,0,35.1993187689368,18.3130081103197,3,1
84,1,0.304,0.364980028003839,1.892,0.310691258512744,0,0,0,0,35.4028395946529,17.267440067614,3,1
84,2,0.28,0.362743940449272,1,0,0,0,0,0,35.4797811266887,18.5655303114567,3,1
