"delta_t_crit_r_test","delta_t_crit_K_test","sigmoid_bool_r_test","sigmoid_bool_K_test","DEP_EFFECT_test","scen_test","delta_t_crit_r","delta_t_crit_K","sigmoid_bool_r","sigmoid_bool_K","DEP_EFFECT","scen","max_value","r_EVPI","stationary_test"
1,1,TRUE,TRUE,1,"SSP1_1_9",1,1,TRUE,TRUE,1,"SSP1_1_9",36.2491517156374,0.000426471007249369,2
1,1,TRUE,TRUE,1,"SSP1_2_6",1,1,TRUE,TRUE,1,"SSP1_2_6",34.2092321239154,0.00688480414063865,2
1,1,TRUE,TRUE,1,"SSP2_4_5",1,1,TRUE,TRUE,1,"SSP2_4_5",32.0961086602234,0.060159142355507,4
1,1,TRUE,TRUE,1,"SSP3_7_0",1,1,TRUE,TRUE,1,"SSP3_7_0",29.5905696411211,0.0959296053079886,4
1,1,TRUE,TRUE,1,"SSP5_8_5",1,1,TRUE,TRUE,1,"SSP5_8_5",27.4844402072966,0.130848371600723,4
1,1.15,TRUE,TRUE,1,"SSP1_1_9",1,1.15,TRUE,TRUE,1,"SSP1_1_9",37.0355252013637,5.92882362290715e-06,2
1,1.15,TRUE,TRUE,1,"SSP1_2_6",1,1.15,TRUE,TRUE,1,"SSP1_2_6",35.6067847393922,0.00112992725074628,2
1,1.15,TRUE,TRUE,1,"SSP2_4_5",1,1.15,TRUE,TRUE,1,"SSP2_4_5",33.5908636236588,0.0495445244870969,4
1,1.15,TRUE,TRUE,1,"SSP3_7_0",1,1.15,TRUE,TRUE,1,"SSP3_7_0",31.8316905699643,0.0916980012749249,4
1,1.15,TRUE,TRUE,1,"SSP5_8_5",1,1.15,TRUE,TRUE,1,"SSP5_8_5",30.1556790496088,0.101314846661367,4
1,1.3,TRUE,TRUE,1,"SSP1_1_9",1,1.3,TRUE,TRUE,1,"SSP1_1_9",37.5355966668793,0.000184990501172017,3
1,1.3,TRUE,TRUE,1,"SSP1_2_6",1,1.3,TRUE,TRUE,1,"SSP1_2_6",36.4621618586995,0.000783262906378955,4
1,1.3,TRUE,TRUE,1,"SSP2_4_5",1,1.3,TRUE,TRUE,1,"SSP2_4_5",34.765733288557,0.0309817724909149,4
1,1.3,TRUE,TRUE,1,"SSP3_7_0",1,1.3,TRUE,TRUE,1,"SSP3_7_0",33.452179112277,0.069650307527748,4
1,1.3,TRUE,TRUE,1,"SSP5_8_5",1,1.3,TRUE,TRUE,1,"SSP5_8_5",32.1397563767561,0.0776063015189957,4
1,1.45,TRUE,TRUE,1,"SSP1_1_9",1,1.45,TRUE,TRUE,1,"SSP1_1_9",37.6913430221771,6.89689353539428e-05,3
1,1.45,TRUE,TRUE,1,"SSP1_2_6",1,1.45,TRUE,TRUE,1,"SSP1_2_6",36.7848758691366,0.000542548583961496,4
1,1.45,TRUE,TRUE,1,"SSP2_4_5",1,1.45,TRUE,TRUE,1,"SSP2_4_5",35.342394678442,0.0204280204940919,4
1,1.45,TRUE,TRUE,1,"SSP3_7_0",1,1.45,TRUE,TRUE,1,"SSP3_7_0",34.2628646233691,0.0545324055034419,4
1,1.45,TRUE,TRUE,1,"SSP5_8_5",1,1.45,TRUE,TRUE,1,"SSP5_8_5",33.1443263349672,0.0618324365611314,4
1,1.6,TRUE,TRUE,1,"SSP1_1_9",1,1.6,TRUE,TRUE,1,"SSP1_1_9",37.8850349564887,0.000148609512554681,3
1,1.6,TRUE,TRUE,1,"SSP1_2_6",1,1.6,TRUE,TRUE,1,"SSP1_2_6",37.0645248219231,0.000588237367524602,4
1,1.6,TRUE,TRUE,1,"SSP2_4_5",1,1.6,TRUE,TRUE,1,"SSP2_4_5",35.7374602092786,0.0198163289372738,4
1,1.6,TRUE,TRUE,1,"SSP3_7_0",1,1.6,TRUE,TRUE,1,"SSP3_7_0",34.7507117704807,0.0490229146924877,4
1,1.6,TRUE,TRUE,1,"SSP5_8_5",1,1.6,TRUE,TRUE,1,"SSP5_8_5",33.7210168554587,0.0557907503345426,4
1,1.75,TRUE,TRUE,1,"SSP1_1_9",1,1.75,TRUE,TRUE,1,"SSP1_1_9",37.9797108872604,0.000214494033382322,3
1,1.75,TRUE,TRUE,1,"SSP1_2_6",1,1.75,TRUE,TRUE,1,"SSP1_2_6",37.1940334481289,0.000628596755450131,4
1,1.75,TRUE,TRUE,1,"SSP2_4_5",1,1.75,TRUE,TRUE,1,"SSP2_4_5",35.9402372268021,0.0185883908487891,4
1,1.75,TRUE,TRUE,1,"SSP3_7_0",1,1.75,TRUE,TRUE,1,"SSP3_7_0",35.0089626952276,0.0465826174588375,4
1,1.75,TRUE,TRUE,1,"SSP5_8_5",1,1.75,TRUE,TRUE,1,"SSP5_8_5",34.0304032454935,0.0529603213902636,4
1,1.9,TRUE,TRUE,1,"SSP1_1_9",1,1.9,TRUE,TRUE,1,"SSP1_1_9",38.0266505233564,0.000151009180537057,3
1,1.9,TRUE,TRUE,1,"SSP1_2_6",1,1.9,TRUE,TRUE,1,"SSP1_2_6",37.2609754215753,0.000829939857631809,4
1,1.9,TRUE,TRUE,1,"SSP2_4_5",1,1.9,TRUE,TRUE,1,"SSP2_4_5",36.036006719928,0.0181057355379581,4
1,1.9,TRUE,TRUE,1,"SSP3_7_0",1,1.9,TRUE,TRUE,1,"SSP3_7_0",35.1263894888182,0.0453179027641265,4
1,1.9,TRUE,TRUE,1,"SSP5_8_5",1,1.9,TRUE,TRUE,1,"SSP5_8_5",34.1690559899093,0.0516513764944459,4
1,2.05,TRUE,TRUE,1,"SSP1_1_9",1,2.05,TRUE,TRUE,1,"SSP1_1_9",38.0501083894412,0.000294585938769815,3
1,2.05,TRUE,TRUE,1,"SSP1_2_6",1,2.05,TRUE,TRUE,1,"SSP1_2_6",37.2969330791346,0.000740027197671533,2
1,2.05,TRUE,TRUE,1,"SSP2_4_5",1,2.05,TRUE,TRUE,1,"SSP2_4_5",36.0805119186126,0.0178221577805604,4
1,2.05,TRUE,TRUE,1,"SSP3_7_0",1,2.05,TRUE,TRUE,1,"SSP3_7_0",35.1851211202154,0.0449685081599831,4
1,2.05,TRUE,TRUE,1,"SSP5_8_5",1,2.05,TRUE,TRUE,1,"SSP5_8_5",34.2406340664899,0.0507635882136715,4
1,2.2,TRUE,TRUE,1,"SSP1_1_9",1,2.2,TRUE,TRUE,1,"SSP1_1_9",38.0616499583,0.000377581645534166,2
1,2.2,TRUE,TRUE,1,"SSP1_2_6",1,2.2,TRUE,TRUE,1,"SSP1_2_6",37.3093472468439,0.000670568914767458,2
1,2.2,TRUE,TRUE,1,"SSP2_4_5",1,2.2,TRUE,TRUE,1,"SSP2_4_5",36.0980624402548,0.0177167803951055,4
1,2.2,TRUE,TRUE,1,"SSP3_7_0",1,2.2,TRUE,TRUE,1,"SSP3_7_0",35.2106571518892,0.0446933223381622,4
1,2.2,TRUE,TRUE,1,"SSP5_8_5",1,2.2,TRUE,TRUE,1,"SSP5_8_5",34.2705721012349,0.0505272665938104,4
1,2.35,TRUE,TRUE,1,"SSP1_1_9",1,2.35,TRUE,TRUE,1,"SSP1_1_9",38.0670287593868,0.000334198409245853,2
1,2.35,TRUE,TRUE,1,"SSP1_2_6",1,2.35,TRUE,TRUE,1,"SSP1_2_6",37.3189976692942,0.000639108526028886,2
1,2.35,TRUE,TRUE,1,"SSP2_4_5",1,2.35,TRUE,TRUE,1,"SSP2_4_5",36.1146353520352,0.0178638796392344,4
1,2.35,TRUE,TRUE,1,"SSP3_7_0",1,2.35,TRUE,TRUE,1,"SSP3_7_0",35.2283590913019,0.0445798507028379,4
1,2.35,TRUE,TRUE,1,"SSP5_8_5",1,2.35,TRUE,TRUE,1,"SSP5_8_5",34.2903916922036,0.0503529990742646,4
1,2.5,TRUE,TRUE,1,"SSP1_1_9",1,2.5,TRUE,TRUE,1,"SSP1_1_9",38.0722357239641,0.00010610860509187,4
1,2.5,TRUE,TRUE,1,"SSP1_2_6",1,2.5,TRUE,TRUE,1,"SSP1_2_6",37.322329367697,0.000634146391762541,2
1,2.5,TRUE,TRUE,1,"SSP2_4_5",1,2.5,TRUE,TRUE,1,"SSP2_4_5",36.1220228979259,0.0179273135547286,4
1,2.5,TRUE,TRUE,1,"SSP3_7_0",1,2.5,TRUE,TRUE,1,"SSP3_7_0",35.2361597076553,0.0445223520897387,4
1,2.5,TRUE,TRUE,1,"SSP5_8_5",1,2.5,TRUE,TRUE,1,"SSP5_8_5",34.3001234822057,0.0502711651450012,4
1.15,1,TRUE,TRUE,1,"SSP1_1_9",1.15,1,TRUE,TRUE,1,"SSP1_1_9",36.4343469533778,0.000516601986907747,2
1.15,1,TRUE,TRUE,1,"SSP1_2_6",1.15,1,TRUE,TRUE,1,"SSP1_2_6",34.0206017216323,0.00333378337410737,2
1.15,1,TRUE,TRUE,1,"SSP2_4_5",1.15,1,TRUE,TRUE,1,"SSP2_4_5",31.9311444872532,0.0972563699419765,3
1.15,1,TRUE,TRUE,1,"SSP3_7_0",1.15,1,TRUE,TRUE,1,"SSP3_7_0",28.6121575410088,0.117843341185854,4
1.15,1,TRUE,TRUE,1,"SSP5_8_5",1.15,1,TRUE,TRUE,1,"SSP5_8_5",26.0936983634453,0.128142160538703,4
1.15,1.15,TRUE,TRUE,1,"SSP1_1_9",1.15,1.15,TRUE,TRUE,1,"SSP1_1_9",37.1105993039885,0.00143408245017433,3
1.15,1.15,TRUE,TRUE,1,"SSP1_2_6",1.15,1.15,TRUE,TRUE,1,"SSP1_2_6",35.7781993571341,0.00140061920523691,3
1.15,1.15,TRUE,TRUE,1,"SSP2_4_5",1.15,1.15,TRUE,TRUE,1,"SSP2_4_5",33.1171139358184,0.0566217701146778,4
1.15,1.15,TRUE,TRUE,1,"SSP3_7_0",1.15,1.15,TRUE,TRUE,1,"SSP3_7_0",30.7208911270854,0.103419031670779,4
1.15,1.15,TRUE,TRUE,1,"SSP5_8_5",1.15,1.15,TRUE,TRUE,1,"SSP5_8_5",28.5150208811534,0.12951728262906,2
1.15,1.3,TRUE,TRUE,1,"SSP1_1_9",1.15,1.3,TRUE,TRUE,1,"SSP1_1_9",37.6402182911865,0.000282145713407972,3
1.15,1.3,TRUE,TRUE,1,"SSP1_2_6",1.15,1.3,TRUE,TRUE,1,"SSP1_2_6",36.7315596867734,0.000283911882809508,3
1.15,1.3,TRUE,TRUE,1,"SSP2_4_5",1.15,1.3,TRUE,TRUE,1,"SSP2_4_5",34.4212592381209,0.0356646181342092,4
1.15,1.3,TRUE,TRUE,1,"SSP3_7_0",1.15,1.3,TRUE,TRUE,1,"SSP3_7_0",32.735231864009,0.0717430796072138,4
1.15,1.3,TRUE,TRUE,1,"SSP5_8_5",1.15,1.3,TRUE,TRUE,1,"SSP5_8_5",31.0092502877713,0.0898679537785333,2
1.15,1.45,TRUE,TRUE,1,"SSP1_1_9",1.15,1.45,TRUE,TRUE,1,"SSP1_1_9",37.9378980765753,0.00078437010289384,4
1.15,1.45,TRUE,TRUE,1,"SSP1_2_6",1.15,1.45,TRUE,TRUE,1,"SSP1_2_6",37.2736581292507,0.000735517558878526,3
1.15,1.45,TRUE,TRUE,1,"SSP2_4_5",1.15,1.45,TRUE,TRUE,1,"SSP2_4_5",35.389274062783,0.0231651715147229,4
1.15,1.45,TRUE,TRUE,1,"SSP3_7_0",1.15,1.45,TRUE,TRUE,1,"SSP3_7_0",34.1308297118317,0.0679570601974365,2
1.15,1.45,TRUE,TRUE,1,"SSP5_8_5",1.15,1.45,TRUE,TRUE,1,"SSP5_8_5",32.7868851810911,0.0777152480545914,2
1.15,1.6,TRUE,TRUE,1,"SSP1_1_9",1.15,1.6,TRUE,TRUE,1,"SSP1_1_9",38.0738915145767,0.000285690712514511,3
1.15,1.6,TRUE,TRUE,1,"SSP1_2_6",1.15,1.6,TRUE,TRUE,1,"SSP1_2_6",37.5008089378069,0.000276925842011206,3
1.15,1.6,TRUE,TRUE,1,"SSP2_4_5",1.15,1.6,TRUE,TRUE,1,"SSP2_4_5",35.9031387671278,0.0184757770906492,4
1.15,1.6,TRUE,TRUE,1,"SSP3_7_0",1.15,1.6,TRUE,TRUE,1,"SSP3_7_0",34.8625043219647,0.0428998359399906,4
1.15,1.6,TRUE,TRUE,1,"SSP5_8_5",1.15,1.6,TRUE,TRUE,1,"SSP5_8_5",33.7268959176913,0.0622731900428319,4
1.15,1.75,TRUE,TRUE,1,"SSP1_1_9",1.15,1.75,TRUE,TRUE,1,"SSP1_1_9",38.2363924036418,0.000592295747204105,4
1.15,1.75,TRUE,TRUE,1,"SSP1_2_6",1.15,1.75,TRUE,TRUE,1,"SSP1_2_6",37.7248595660739,0.000577970594499241,3
1.15,1.75,TRUE,TRUE,1,"SSP2_4_5",1.15,1.75,TRUE,TRUE,1,"SSP2_4_5",36.2546745251286,0.0174270769596231,4
1.15,1.75,TRUE,TRUE,1,"SSP3_7_0",1.15,1.75,TRUE,TRUE,1,"SSP3_7_0",35.3076908381204,0.0400561143688856,4
1.15,1.75,TRUE,TRUE,1,"SSP5_8_5",1.15,1.75,TRUE,TRUE,1,"SSP5_8_5",34.2623630358818,0.0559667333350975,2
1.15,1.9,TRUE,TRUE,1,"SSP1_1_9",1.15,1.9,TRUE,TRUE,1,"SSP1_1_9",38.3159063722481,0.000481776044161937,4
1.15,1.9,TRUE,TRUE,1,"SSP1_2_6",1.15,1.9,TRUE,TRUE,1,"SSP1_2_6",37.828460465616,0.000749043990921839,3
1.15,1.9,TRUE,TRUE,1,"SSP2_4_5",1.15,1.9,TRUE,TRUE,1,"SSP2_4_5",36.4304271410799,0.0162983470641377,4
1.15,1.9,TRUE,TRUE,1,"SSP3_7_0",1.15,1.9,TRUE,TRUE,1,"SSP3_7_0",35.534925296895,0.0388002415047282,4
1.15,1.9,TRUE,TRUE,1,"SSP5_8_5",1.15,1.9,TRUE,TRUE,1,"SSP5_8_5",34.5415274696107,0.0534800093490573,2
1.15,2.05,TRUE,TRUE,1,"SSP1_1_9",1.15,2.05,TRUE,TRUE,1,"SSP1_1_9",38.3652172623515,0.000238017284962909,3
1.15,2.05,TRUE,TRUE,1,"SSP1_2_6",1.15,2.05,TRUE,TRUE,1,"SSP1_2_6",37.8802898644946,0.000859394831622325,3
1.15,2.05,TRUE,TRUE,1,"SSP2_4_5",1.15,2.05,TRUE,TRUE,1,"SSP2_4_5",36.5163481724793,0.0157501227818052,4
1.15,2.05,TRUE,TRUE,1,"SSP3_7_0",1.15,2.05,TRUE,TRUE,1,"SSP3_7_0",35.6436267626794,0.0439291520699168,2
1.15,2.05,TRUE,TRUE,1,"SSP5_8_5",1.15,2.05,TRUE,TRUE,1,"SSP5_8_5",34.6718690790923,0.0522145249205266,2
1.15,2.2,TRUE,TRUE,1,"SSP1_1_9",1.15,2.2,TRUE,TRUE,1,"SSP1_1_9",38.389323043538,9.37230707382105e-05,3
1.15,2.2,TRUE,TRUE,1,"SSP1_2_6",1.15,2.2,TRUE,TRUE,1,"SSP1_2_6",37.9036727223561,0.000774630181910684,2
1.15,2.2,TRUE,TRUE,1,"SSP2_4_5",1.15,2.2,TRUE,TRUE,1,"SSP2_4_5",36.5562914553606,0.0153727525478325,4
1.15,2.2,TRUE,TRUE,1,"SSP3_7_0",1.15,2.2,TRUE,TRUE,1,"SSP3_7_0",35.6944941198349,0.0437348168771896,2
1.15,2.2,TRUE,TRUE,1,"SSP5_8_5",1.15,2.2,TRUE,TRUE,1,"SSP5_8_5",34.7343369805152,0.0515667130233513,2
1.15,2.35,TRUE,TRUE,1,"SSP1_1_9",1.15,2.35,TRUE,TRUE,1,"SSP1_1_9",38.399470290767,8.80601673041911e-05,3
1.15,2.35,TRUE,TRUE,1,"SSP1_2_6",1.15,2.35,TRUE,TRUE,1,"SSP1_2_6",37.9139964521687,0.000204738322476685,3
1.15,2.35,TRUE,TRUE,1,"SSP2_4_5",1.15,2.35,TRUE,TRUE,1,"SSP2_4_5",36.5739631143238,0.0152712365619345,4
1.15,2.35,TRUE,TRUE,1,"SSP3_7_0",1.15,2.35,TRUE,TRUE,1,"SSP3_7_0",35.7180818556496,0.0431529665923733,2
1.15,2.35,TRUE,TRUE,1,"SSP5_8_5",1.15,2.35,TRUE,TRUE,1,"SSP5_8_5",34.7627259099161,0.0513042418515362,2
1.15,2.5,TRUE,TRUE,1,"SSP1_1_9",1.15,2.5,TRUE,TRUE,1,"SSP1_1_9",38.4032511074237,9.06978238315759e-05,3
1.15,2.5,TRUE,TRUE,1,"SSP1_2_6",1.15,2.5,TRUE,TRUE,1,"SSP1_2_6",37.9191009958502,0.000258335361908223,3
1.15,2.5,TRUE,TRUE,1,"SSP2_4_5",1.15,2.5,TRUE,TRUE,1,"SSP2_4_5",36.5860949946076,0.0153916122840795,4
1.15,2.5,TRUE,TRUE,1,"SSP3_7_0",1.15,2.5,TRUE,TRUE,1,"SSP3_7_0",35.7331259948414,0.0431634521598884,2
1.15,2.5,TRUE,TRUE,1,"SSP5_8_5",1.15,2.5,TRUE,TRUE,1,"SSP5_8_5",34.780109571136,0.0512816204527083,2
1.3,1,TRUE,TRUE,1,"SSP1_1_9",1.3,1,TRUE,TRUE,1,"SSP1_1_9",36.5202472427112,0.000517874955150409,2
1.3,1,TRUE,TRUE,1,"SSP1_2_6",1.3,1,TRUE,TRUE,1,"SSP1_2_6",33.7791182310762,0.00424021905635861,2
1.3,1,TRUE,TRUE,1,"SSP2_4_5",1.3,1,TRUE,TRUE,1,"SSP2_4_5",31.7758001278679,0.0976858450414692,4
1.3,1,TRUE,TRUE,1,"SSP3_7_0",1.3,1,TRUE,TRUE,1,"SSP3_7_0",27.7919886353744,0.119638160051932,4
1.3,1,TRUE,TRUE,1,"SSP5_8_5",1.3,1,TRUE,TRUE,1,"SSP5_8_5",25.0722004754529,0.121428007556441,4
1.3,1.15,TRUE,TRUE,1,"SSP1_1_9",1.3,1.15,TRUE,TRUE,1,"SSP1_1_9",37.195851134897,0.000366397823460884,2
1.3,1.15,TRUE,TRUE,1,"SSP1_2_6",1.3,1.15,TRUE,TRUE,1,"SSP1_2_6",35.8506129336346,0.000356806933342518,2
1.3,1.15,TRUE,TRUE,1,"SSP2_4_5",1.3,1.15,TRUE,TRUE,1,"SSP2_4_5",32.9657559402028,0.105545146169571,4
1.3,1.15,TRUE,TRUE,1,"SSP3_7_0",1.3,1.15,TRUE,TRUE,1,"SSP3_7_0",29.8321576270794,0.125543150766178,4
1.3,1.15,TRUE,TRUE,1,"SSP5_8_5",1.3,1.15,TRUE,TRUE,1,"SSP5_8_5",27.1828936545486,0.137652064872269,4
1.3,1.3,TRUE,TRUE,1,"SSP1_1_9",1.3,1.3,TRUE,TRUE,1,"SSP1_1_9",37.6055613910716,0.00325688664550241,3
1.3,1.3,TRUE,TRUE,1,"SSP1_2_6",1.3,1.3,TRUE,TRUE,1,"SSP1_2_6",36.8368486867371,0.00332885118670185,3
1.3,1.3,TRUE,TRUE,1,"SSP2_4_5",1.3,1.3,TRUE,TRUE,1,"SSP2_4_5",34.0311892948389,0.0554152857335141,4
1.3,1.3,TRUE,TRUE,1,"SSP3_7_0",1.3,1.3,TRUE,TRUE,1,"SSP3_7_0",31.7950389399115,0.102266055100408,2
1.3,1.3,TRUE,TRUE,1,"SSP5_8_5",1.3,1.3,TRUE,TRUE,1,"SSP5_8_5",29.5092247314722,0.111306742560222,2
1.3,1.45,TRUE,TRUE,1,"SSP1_1_9",1.3,1.45,TRUE,TRUE,1,"SSP1_1_9",37.9319239623179,0.000398342398094925,3
1.3,1.45,TRUE,TRUE,1,"SSP1_2_6",1.3,1.45,TRUE,TRUE,1,"SSP1_2_6",37.3896383407992,0.00057854431746672,3
1.3,1.45,TRUE,TRUE,1,"SSP2_4_5",1.3,1.45,TRUE,TRUE,1,"SSP2_4_5",35.1030076156363,0.032646635685947,4
1.3,1.45,TRUE,TRUE,1,"SSP3_7_0",1.3,1.45,TRUE,TRUE,1,"SSP3_7_0",33.4980832241089,0.0650273763489329,4
1.3,1.45,TRUE,TRUE,1,"SSP5_8_5",1.3,1.45,TRUE,TRUE,1,"SSP5_8_5",31.7502552834216,0.0940883631772855,2
1.3,1.6,TRUE,TRUE,1,"SSP1_1_9",1.3,1.6,TRUE,TRUE,1,"SSP1_1_9",38.1717614046874,0.000518646918430345,3
1.3,1.6,TRUE,TRUE,1,"SSP1_2_6",1.3,1.6,TRUE,TRUE,1,"SSP1_2_6",37.805995800455,0.0019340231463212,3
1.3,1.6,TRUE,TRUE,1,"SSP2_4_5",1.3,1.6,TRUE,TRUE,1,"SSP2_4_5",35.9784467185177,0.0226383515310012,4
1.3,1.6,TRUE,TRUE,1,"SSP3_7_0",1.3,1.6,TRUE,TRUE,1,"SSP3_7_0",34.7677415319001,0.0429853859025834,4
1.3,1.6,TRUE,TRUE,1,"SSP5_8_5",1.3,1.6,TRUE,TRUE,1,"SSP5_8_5",33.4116322521193,0.0785366592382943,2
1.3,1.75,TRUE,TRUE,1,"SSP1_1_9",1.3,1.75,TRUE,TRUE,1,"SSP1_1_9",38.3332639673203,0.00101038491386023,4
1.3,1.75,TRUE,TRUE,1,"SSP1_2_6",1.3,1.75,TRUE,TRUE,1,"SSP1_2_6",37.9841035865607,0.000970451227606183,3
1.3,1.75,TRUE,TRUE,1,"SSP2_4_5",1.3,1.75,TRUE,TRUE,1,"SSP2_4_5",36.430875801856,0.0178222191915523,4
1.3,1.75,TRUE,TRUE,1,"SSP3_7_0",1.3,1.75,TRUE,TRUE,1,"SSP3_7_0",35.4301408875032,0.0427548706472318,4
1.3,1.75,TRUE,TRUE,1,"SSP5_8_5",1.3,1.75,TRUE,TRUE,1,"SSP5_8_5",34.2809644830771,0.0606884049143053,2
1.3,1.9,TRUE,TRUE,1,"SSP1_1_9",1.3,1.9,TRUE,TRUE,1,"SSP1_1_9",38.4783941142794,0.00036579790684352,3
1.3,1.9,TRUE,TRUE,1,"SSP1_2_6",1.3,1.9,TRUE,TRUE,1,"SSP1_2_6",38.1590453851171,0.00145359012958261,3
1.3,1.9,TRUE,TRUE,1,"SSP2_4_5",1.3,1.9,TRUE,TRUE,1,"SSP2_4_5",36.7398341429478,0.0166979961180297,4
1.3,1.9,TRUE,TRUE,1,"SSP3_7_0",1.3,1.9,TRUE,TRUE,1,"SSP3_7_0",35.8255755251076,0.0269899451727816,4
1.3,1.9,TRUE,TRUE,1,"SSP5_8_5",1.3,1.9,TRUE,TRUE,1,"SSP5_8_5",34.7703328892722,0.0531319576767465,2
1.3,2.05,TRUE,TRUE,1,"SSP1_1_9",1.3,2.05,TRUE,TRUE,1,"SSP1_1_9",38.5726449484606,0.000188454346011641,3
1.3,2.05,TRUE,TRUE,1,"SSP1_2_6",1.3,2.05,TRUE,TRUE,1,"SSP1_2_6",38.2436862093465,0.00174646544932622,3
1.3,2.05,TRUE,TRUE,1,"SSP2_4_5",1.3,2.05,TRUE,TRUE,1,"SSP2_4_5",36.8942493775985,0.0162678481551443,4
1.3,2.05,TRUE,TRUE,1,"SSP3_7_0",1.3,2.05,TRUE,TRUE,1,"SSP3_7_0",36.0328142608674,0.0258396329999005,4
1.3,2.05,TRUE,TRUE,1,"SSP5_8_5",1.3,2.05,TRUE,TRUE,1,"SSP5_8_5",35.0299448889525,0.0498513116041936,2
1.3,2.2,TRUE,TRUE,1,"SSP1_1_9",1.3,2.2,TRUE,TRUE,1,"SSP1_1_9",38.6204777686276,0.000225328734070416,3
1.3,2.2,TRUE,TRUE,1,"SSP1_2_6",1.3,2.2,TRUE,TRUE,1,"SSP1_2_6",38.2874616784982,0.000403302140193028,4
1.3,2.2,TRUE,TRUE,1,"SSP2_4_5",1.3,2.2,TRUE,TRUE,1,"SSP2_4_5",36.9684369197217,0.014178442467863,4
1.3,2.2,TRUE,TRUE,1,"SSP3_7_0",1.3,2.2,TRUE,TRUE,1,"SSP3_7_0",36.1268343767995,0.0254158079067082,4
1.3,2.2,TRUE,TRUE,1,"SSP5_8_5",1.3,2.2,TRUE,TRUE,1,"SSP5_8_5",35.1463267576173,0.0481198779254324,2
1.3,2.35,TRUE,TRUE,1,"SSP1_1_9",1.3,2.35,TRUE,TRUE,1,"SSP1_1_9",38.6407073656538,0.000231928275551492,3
1.3,2.35,TRUE,TRUE,1,"SSP1_2_6",1.3,2.35,TRUE,TRUE,1,"SSP1_2_6",38.311983787372,0.000320587042225904,3
1.3,2.35,TRUE,TRUE,1,"SSP2_4_5",1.3,2.35,TRUE,TRUE,1,"SSP2_4_5",37.0066791130863,0.013929368844926,4
1.3,2.35,TRUE,TRUE,1,"SSP3_7_0",1.3,2.35,TRUE,TRUE,1,"SSP3_7_0",36.1728399370128,0.0251212568622984,4
1.3,2.35,TRUE,TRUE,1,"SSP5_8_5",1.3,2.35,TRUE,TRUE,1,"SSP5_8_5",35.2064106319526,0.0475588573455531,2
1.3,2.5,TRUE,TRUE,1,"SSP1_1_9",1.3,2.5,TRUE,TRUE,1,"SSP1_1_9",38.6501076428443,0.000241601047370538,3
1.3,2.5,TRUE,TRUE,1,"SSP1_2_6",1.3,2.5,TRUE,TRUE,1,"SSP1_2_6",38.3248337745652,0.000292859381564974,3
1.3,2.5,TRUE,TRUE,1,"SSP2_4_5",1.3,2.5,TRUE,TRUE,1,"SSP2_4_5",37.0229711453404,0.0139011729526622,4
1.3,2.5,TRUE,TRUE,1,"SSP3_7_0",1.3,2.5,TRUE,TRUE,1,"SSP3_7_0",36.1931607865163,0.0250497641891992,4
1.3,2.5,TRUE,TRUE,1,"SSP5_8_5",1.3,2.5,TRUE,TRUE,1,"SSP5_8_5",35.2326546146408,0.0472402198723359,2
1.45,1,TRUE,TRUE,1,"SSP1_1_9",1.45,1,TRUE,TRUE,1,"SSP1_1_9",36.5597391825809,0.000525139604449026,2
1.45,1,TRUE,TRUE,1,"SSP1_2_6",1.45,1,TRUE,TRUE,1,"SSP1_2_6",33.6103277261313,0.0114579932859325,2
1.45,1,TRUE,TRUE,1,"SSP2_4_5",1.45,1,TRUE,TRUE,1,"SSP2_4_5",31.5951341562233,0.0985626467861987,4
1.45,1,TRUE,TRUE,1,"SSP3_7_0",1.45,1,TRUE,TRUE,1,"SSP3_7_0",27.1190842542833,0.121087750038641,4
1.45,1,TRUE,TRUE,1,"SSP5_8_5",1.45,1,TRUE,TRUE,1,"SSP5_8_5",24.1450554018341,0.11953825994491,4
1.45,1.15,TRUE,TRUE,1,"SSP1_1_9",1.45,1.15,TRUE,TRUE,1,"SSP1_1_9",37.2513403544131,0.000448064615434009,2
1.45,1.15,TRUE,TRUE,1,"SSP1_2_6",1.45,1.15,TRUE,TRUE,1,"SSP1_2_6",35.8199603658334,0.000452283943204961,2
1.45,1.15,TRUE,TRUE,1,"SSP2_4_5",1.45,1.15,TRUE,TRUE,1,"SSP2_4_5",32.8925160965819,0.114426781974758,3
1.45,1.15,TRUE,TRUE,1,"SSP3_7_0",1.45,1.15,TRUE,TRUE,1,"SSP3_7_0",29.0542617375473,0.126839577922092,4
1.45,1.15,TRUE,TRUE,1,"SSP5_8_5",1.45,1.15,TRUE,TRUE,1,"SSP5_8_5",26.1854214034696,0.13790829178769,4
1.45,1.3,TRUE,TRUE,1,"SSP1_1_9",1.45,1.3,TRUE,TRUE,1,"SSP1_1_9",37.6338599367765,0.00248162910252626,3
1.45,1.3,TRUE,TRUE,1,"SSP1_2_6",1.45,1.3,TRUE,TRUE,1,"SSP1_2_6",36.9140814923636,0.00248708600495701,3
1.45,1.3,TRUE,TRUE,1,"SSP2_4_5",1.45,1.3,TRUE,TRUE,1,"SSP2_4_5",33.8665269692559,0.0899276924163038,4
1.45,1.3,TRUE,TRUE,1,"SSP3_7_0",1.45,1.3,TRUE,TRUE,1,"SSP3_7_0",31.0186960406236,0.133233825736158,4
1.45,1.3,TRUE,TRUE,1,"SSP5_8_5",1.45,1.3,TRUE,TRUE,1,"SSP5_8_5",28.2424902358893,0.146392502110489,4
1.45,1.45,TRUE,TRUE,1,"SSP1_1_9",1.45,1.45,TRUE,TRUE,1,"SSP1_1_9",37.8372428553179,0.00083746234064857,4
1.45,1.45,TRUE,TRUE,1,"SSP1_2_6",1.45,1.45,TRUE,TRUE,1,"SSP1_2_6",37.4399596285229,0.00413878624887588,4
1.45,1.45,TRUE,TRUE,1,"SSP2_4_5",1.45,1.45,TRUE,TRUE,1,"SSP2_4_5",34.7995248800765,0.0388741061488516,4
1.45,1.45,TRUE,TRUE,1,"SSP3_7_0",1.45,1.45,TRUE,TRUE,1,"SSP3_7_0",32.7331004807099,0.0937968046932111,4
1.45,1.45,TRUE,TRUE,1,"SSP5_8_5",1.45,1.45,TRUE,TRUE,1,"SSP5_8_5",30.4477708647996,0.127781017268819,4
1.45,1.6,TRUE,TRUE,1,"SSP1_1_9",1.45,1.6,TRUE,TRUE,1,"SSP1_1_9",38.176318976883,0.00182679273173863,3
1.45,1.6,TRUE,TRUE,1,"SSP1_2_6",1.45,1.6,TRUE,TRUE,1,"SSP1_2_6",37.8530722922016,0.00180599817263139,4
1.45,1.6,TRUE,TRUE,1,"SSP2_4_5",1.45,1.6,TRUE,TRUE,1,"SSP2_4_5",35.7987776966074,0.0167303708590717,4
1.45,1.6,TRUE,TRUE,1,"SSP3_7_0",1.45,1.6,TRUE,TRUE,1,"SSP3_7_0",34.2462489518395,0.0519647271546658,4
1.45,1.6,TRUE,TRUE,1,"SSP5_8_5",1.45,1.6,TRUE,TRUE,1,"SSP5_8_5",32.4896871910322,0.0829844834703546,4
1.45,1.75,TRUE,TRUE,1,"SSP1_1_9",1.45,1.75,TRUE,TRUE,1,"SSP1_1_9",38.3405546874313,0.00168653929934406,4
1.45,1.75,TRUE,TRUE,1,"SSP1_2_6",1.45,1.75,TRUE,TRUE,1,"SSP1_2_6",38.1496885554636,0.00181063709883169,4
1.45,1.75,TRUE,TRUE,1,"SSP2_4_5",1.45,1.75,TRUE,TRUE,1,"SSP2_4_5",36.5691373486574,0.0129433054477255,4
1.45,1.75,TRUE,TRUE,1,"SSP3_7_0",1.45,1.75,TRUE,TRUE,1,"SSP3_7_0",35.37821326397,0.0313746543901053,4
1.45,1.75,TRUE,TRUE,1,"SSP5_8_5",1.45,1.75,TRUE,TRUE,1,"SSP5_8_5",34.0206415108759,0.0796514095588208,4
1.45,1.9,TRUE,TRUE,1,"SSP1_1_9",1.45,1.9,TRUE,TRUE,1,"SSP1_1_9",38.59161125345,0.000694931553898288,3
1.45,1.9,TRUE,TRUE,1,"SSP1_2_6",1.45,1.9,TRUE,TRUE,1,"SSP1_2_6",38.3253198799884,0.00243677127685662,4
1.45,1.9,TRUE,TRUE,1,"SSP2_4_5",1.45,1.9,TRUE,TRUE,1,"SSP2_4_5",36.9611665104932,0.00919433595566904,4
1.45,1.9,TRUE,TRUE,1,"SSP3_7_0",1.45,1.9,TRUE,TRUE,1,"SSP3_7_0",35.9690896469786,0.0300196213322987,4
1.45,1.9,TRUE,TRUE,1,"SSP5_8_5",1.45,1.9,TRUE,TRUE,1,"SSP5_8_5",34.8185819018551,0.0506977398576491,4
1.45,2.05,TRUE,TRUE,1,"SSP1_1_9",1.45,2.05,TRUE,TRUE,1,"SSP1_1_9",38.7568546454567,0.000822472096510364,3
1.45,2.05,TRUE,TRUE,1,"SSP1_2_6",1.45,2.05,TRUE,TRUE,1,"SSP1_2_6",38.4749498833344,0.00136390088039949,4
1.45,2.05,TRUE,TRUE,1,"SSP2_4_5",1.45,2.05,TRUE,TRUE,1,"SSP2_4_5",37.2345818992211,0.00938347255581257,4
1.45,2.05,TRUE,TRUE,1,"SSP3_7_0",1.45,2.05,TRUE,TRUE,1,"SSP3_7_0",36.3263395448554,0.0219067134893915,4
1.45,2.05,TRUE,TRUE,1,"SSP5_8_5",1.45,2.05,TRUE,TRUE,1,"SSP5_8_5",35.2715803295152,0.0554129037309502,4
1.45,2.2,TRUE,TRUE,1,"SSP1_1_9",1.45,2.2,TRUE,TRUE,1,"SSP1_1_9",38.8289822374952,0.000878794629171312,3
1.45,2.2,TRUE,TRUE,1,"SSP1_2_6",1.45,2.2,TRUE,TRUE,1,"SSP1_2_6",38.5525505006096,0.000954967173170959,3
1.45,2.2,TRUE,TRUE,1,"SSP2_4_5",1.45,2.2,TRUE,TRUE,1,"SSP2_4_5",37.3672153632827,0.00947268635689977,4
1.45,2.2,TRUE,TRUE,1,"SSP3_7_0",1.45,2.2,TRUE,TRUE,1,"SSP3_7_0",36.5049407138735,0.0208481480508573,4
1.45,2.2,TRUE,TRUE,1,"SSP5_8_5",1.45,2.2,TRUE,TRUE,1,"SSP5_8_5",35.5012001542388,0.0521791585345805,4
1.45,2.35,TRUE,TRUE,1,"SSP1_1_9",1.45,2.35,TRUE,TRUE,1,"SSP1_1_9",38.8679952607024,0.000975728513992721,3
1.45,2.35,TRUE,TRUE,1,"SSP1_2_6",1.45,2.35,TRUE,TRUE,1,"SSP1_2_6",38.5989285991703,0.000984126014415195,3
1.45,2.35,TRUE,TRUE,1,"SSP2_4_5",1.45,2.35,TRUE,TRUE,1,"SSP2_4_5",37.4341758078888,0.00961421337685111,4
1.45,2.35,TRUE,TRUE,1,"SSP3_7_0",1.45,2.35,TRUE,TRUE,1,"SSP3_7_0",36.5919830002026,0.0204263478857668,4
1.45,2.35,TRUE,TRUE,1,"SSP5_8_5",1.45,2.35,TRUE,TRUE,1,"SSP5_8_5",35.6089614723932,0.0512468695079008,4
1.45,2.5,TRUE,TRUE,1,"SSP1_1_9",1.45,2.5,TRUE,TRUE,1,"SSP1_1_9",38.8817067047643,0.000266237685125327,3
1.45,2.5,TRUE,TRUE,1,"SSP1_2_6",1.45,2.5,TRUE,TRUE,1,"SSP1_2_6",38.6213368996878,0.00101622693594314,3
1.45,2.5,TRUE,TRUE,1,"SSP2_4_5",1.45,2.5,TRUE,TRUE,1,"SSP2_4_5",37.4661414772713,0.00962541897023682,4
1.45,2.5,TRUE,TRUE,1,"SSP3_7_0",1.45,2.5,TRUE,TRUE,1,"SSP3_7_0",36.6324501961588,0.0202068850437861,4
1.45,2.5,TRUE,TRUE,1,"SSP5_8_5",1.45,2.5,TRUE,TRUE,1,"SSP5_8_5",35.6637883254971,0.0509449665723636,4
1.6,1,TRUE,TRUE,1,"SSP1_1_9",1.6,1,TRUE,TRUE,1,"SSP1_1_9",36.5761606186858,0.000533562314441784,3
1.6,1,TRUE,TRUE,1,"SSP1_2_6",1.6,1,TRUE,TRUE,1,"SSP1_2_6",33.5409389986174,0.0229695384586656,4
1.6,1,TRUE,TRUE,1,"SSP2_4_5",1.6,1,TRUE,TRUE,1,"SSP2_4_5",31.4512676673145,0.0993531392076577,4
1.6,1,TRUE,TRUE,1,"SSP3_7_0",1.6,1,TRUE,TRUE,1,"SSP3_7_0",26.2862449154208,0.115292586366826,4
1.6,1,TRUE,TRUE,1,"SSP5_8_5",1.6,1,TRUE,TRUE,1,"SSP5_8_5",22.9375031844585,0.12268934613381,4
1.6,1.15,TRUE,TRUE,1,"SSP1_1_9",1.6,1.15,TRUE,TRUE,1,"SSP1_1_9",37.277293607782,0.000503456239032907,2
1.6,1.15,TRUE,TRUE,1,"SSP1_2_6",1.6,1.15,TRUE,TRUE,1,"SSP1_2_6",35.7393130849196,0.000549519893212244,3
1.6,1.15,TRUE,TRUE,1,"SSP2_4_5",1.6,1.15,TRUE,TRUE,1,"SSP2_4_5",32.8169974022941,0.114545786978032,3
1.6,1.15,TRUE,TRUE,1,"SSP3_7_0",1.6,1.15,TRUE,TRUE,1,"SSP3_7_0",28.4041017694887,0.12691997902317,4
1.6,1.15,TRUE,TRUE,1,"SSP5_8_5",1.6,1.15,TRUE,TRUE,1,"SSP5_8_5",25.2682473775074,0.143404545617091,4
1.6,1.3,TRUE,TRUE,1,"SSP1_1_9",1.6,1.3,TRUE,TRUE,1,"SSP1_1_9",37.6495103736775,0.00214262451564572,3
1.6,1.3,TRUE,TRUE,1,"SSP1_2_6",1.6,1.3,TRUE,TRUE,1,"SSP1_2_6",36.946853199177,0.00213247661711971,3
1.6,1.3,TRUE,TRUE,1,"SSP2_4_5",1.6,1.3,TRUE,TRUE,1,"SSP2_4_5",33.8056259979973,0.11872829689367,4
1.6,1.3,TRUE,TRUE,1,"SSP3_7_0",1.6,1.3,TRUE,TRUE,1,"SSP3_7_0",30.2836040059665,0.134008983141469,4
1.6,1.3,TRUE,TRUE,1,"SSP5_8_5",1.6,1.3,TRUE,TRUE,1,"SSP5_8_5",27.2508477742427,0.147451011542508,4
1.6,1.45,TRUE,TRUE,1,"SSP1_1_9",1.6,1.45,TRUE,TRUE,1,"SSP1_1_9",37.892312574698,0.00476489008663111,3
1.6,1.45,TRUE,TRUE,1,"SSP1_2_6",1.6,1.45,TRUE,TRUE,1,"SSP1_2_6",37.5425360115676,0.0047831851370527,4
1.6,1.45,TRUE,TRUE,1,"SSP2_4_5",1.6,1.45,TRUE,TRUE,1,"SSP2_4_5",34.673955719569,0.0555191796817906,4
1.6,1.45,TRUE,TRUE,1,"SSP3_7_0",1.6,1.45,TRUE,TRUE,1,"SSP3_7_0",32.1346956116527,0.124405754742228,4
1.6,1.45,TRUE,TRUE,1,"SSP5_8_5",1.6,1.45,TRUE,TRUE,1,"SSP5_8_5",29.264129580625,0.152540583302692,4
1.6,1.6,TRUE,TRUE,1,"SSP1_1_9",1.6,1.6,TRUE,TRUE,1,"SSP1_1_9",38.077240626079,0.00188234104113394,3
1.6,1.6,TRUE,TRUE,1,"SSP1_2_6",1.6,1.6,TRUE,TRUE,1,"SSP1_2_6",37.8260458908439,0.00474088636261375,4
1.6,1.6,TRUE,TRUE,1,"SSP2_4_5",1.6,1.6,TRUE,TRUE,1,"SSP2_4_5",35.5661159320083,0.0207040580838432,4
1.6,1.6,TRUE,TRUE,1,"SSP3_7_0",1.6,1.6,TRUE,TRUE,1,"SSP3_7_0",33.6132123945566,0.0614280696633528,4
1.6,1.6,TRUE,TRUE,1,"SSP5_8_5",1.6,1.6,TRUE,TRUE,1,"SSP5_8_5",31.2794126872755,0.130323413700996,4
1.6,1.75,TRUE,TRUE,1,"SSP1_1_9",1.6,1.75,TRUE,TRUE,1,"SSP1_1_9",38.4346267244113,0.00273865166453782,4
1.6,1.75,TRUE,TRUE,1,"SSP1_2_6",1.6,1.75,TRUE,TRUE,1,"SSP1_2_6",38.1876228288585,0.00450239080105739,4
1.6,1.75,TRUE,TRUE,1,"SSP2_4_5",1.6,1.75,TRUE,TRUE,1,"SSP2_4_5",36.5070278789736,0.00934486902568674,4
1.6,1.75,TRUE,TRUE,1,"SSP3_7_0",1.6,1.75,TRUE,TRUE,1,"SSP3_7_0",34.9692632234762,0.0380727222011328,4
1.6,1.75,TRUE,TRUE,1,"SSP5_8_5",1.6,1.75,TRUE,TRUE,1,"SSP5_8_5",33.2152165790299,0.0791440694242006,4
1.6,1.9,TRUE,TRUE,1,"SSP1_1_9",1.6,1.9,TRUE,TRUE,1,"SSP1_1_9",38.6464817202432,0.000508420184917144,3
1.6,1.9,TRUE,TRUE,1,"SSP1_2_6",1.6,1.9,TRUE,TRUE,1,"SSP1_2_6",38.3743761485919,0.00388329187592185,4
1.6,1.9,TRUE,TRUE,1,"SSP2_4_5",1.6,1.9,TRUE,TRUE,1,"SSP2_4_5",37.1677432839862,0.00983693634398359,4
1.6,1.9,TRUE,TRUE,1,"SSP3_7_0",1.6,1.9,TRUE,TRUE,1,"SSP3_7_0",35.9647137806283,0.034241442984193,4
1.6,1.9,TRUE,TRUE,1,"SSP5_8_5",1.6,1.9,TRUE,TRUE,1,"SSP5_8_5",34.6146498456106,0.052797674521915,4
1.6,2.05,TRUE,TRUE,1,"SSP1_1_9",1.6,2.05,TRUE,TRUE,1,"SSP1_1_9",38.8929735082695,0.00181994639730351,4
1.6,2.05,TRUE,TRUE,1,"SSP1_2_6",1.6,2.05,TRUE,TRUE,1,"SSP1_2_6",38.6184011560542,0.00258904281025429,4
1.6,2.05,TRUE,TRUE,1,"SSP2_4_5",1.6,2.05,TRUE,TRUE,1,"SSP2_4_5",37.5153136491319,0.00684162904563729,4
1.6,2.05,TRUE,TRUE,1,"SSP3_7_0",1.6,2.05,TRUE,TRUE,1,"SSP3_7_0",36.4920488427947,0.027579112334944,4
1.6,2.05,TRUE,TRUE,1,"SSP5_8_5",1.6,2.05,TRUE,TRUE,1,"SSP5_8_5",35.3441275078681,0.04974226979718,4
1.6,2.2,TRUE,TRUE,1,"SSP1_1_9",1.6,2.2,TRUE,TRUE,1,"SSP1_1_9",39.0153297319929,0.00143971804217355,3
1.6,2.2,TRUE,TRUE,1,"SSP1_2_6",1.6,2.2,TRUE,TRUE,1,"SSP1_2_6",38.758619583316,0.00227961281102312,4
1.6,2.2,TRUE,TRUE,1,"SSP2_4_5",1.6,2.2,TRUE,TRUE,1,"SSP2_4_5",37.7420810356549,0.00742484098737066,4
1.6,2.2,TRUE,TRUE,1,"SSP3_7_0",1.6,2.2,TRUE,TRUE,1,"SSP3_7_0",36.8048308085419,0.0266281575088928,4
1.6,2.2,TRUE,TRUE,1,"SSP5_8_5",1.6,2.2,TRUE,TRUE,1,"SSP5_8_5",35.7542461918896,0.0472576349856924,4
1.6,2.35,TRUE,TRUE,1,"SSP1_1_9",1.6,2.35,TRUE,TRUE,1,"SSP1_1_9",39.0766694145896,0.00115571750241956,3
1.6,2.35,TRUE,TRUE,1,"SSP1_2_6",1.6,2.35,TRUE,TRUE,1,"SSP1_2_6",38.8404577821084,0.00242041495313185,4
1.6,2.35,TRUE,TRUE,1,"SSP2_4_5",1.6,2.35,TRUE,TRUE,1,"SSP2_4_5",37.851616334599,0.007752852505296,4
1.6,2.35,TRUE,TRUE,1,"SSP3_7_0",1.6,2.35,TRUE,TRUE,1,"SSP3_7_0",36.9632075819425,0.0233898267761253,4
1.6,2.35,TRUE,TRUE,1,"SSP5_8_5",1.6,2.35,TRUE,TRUE,1,"SSP5_8_5",35.9656170480064,0.0319485304962838,4
1.6,2.5,TRUE,TRUE,1,"SSP1_1_9",1.6,2.5,TRUE,TRUE,1,"SSP1_1_9",39.1053134971648,0.00103954200410258,3
1.6,2.5,TRUE,TRUE,1,"SSP1_2_6",1.6,2.5,TRUE,TRUE,1,"SSP1_2_6",38.8779273877501,0.00250617706618543,4
1.6,2.5,TRUE,TRUE,1,"SSP2_4_5",1.6,2.5,TRUE,TRUE,1,"SSP2_4_5",37.9071574811312,0.00803004318178219,4
1.6,2.5,TRUE,TRUE,1,"SSP3_7_0",1.6,2.5,TRUE,TRUE,1,"SSP3_7_0",37.0386622992266,0.0214553691854118,4
1.6,2.5,TRUE,TRUE,1,"SSP5_8_5",1.6,2.5,TRUE,TRUE,1,"SSP5_8_5",36.0635992312274,0.0315899120563965,4
1.75,1,TRUE,TRUE,1,"SSP1_1_9",1.75,1,TRUE,TRUE,1,"SSP1_1_9",36.5817440379143,0.000535061434777725,3
1.75,1,TRUE,TRUE,1,"SSP1_2_6",1.75,1,TRUE,TRUE,1,"SSP1_2_6",33.5012882379032,0.0326231033237516,4
1.75,1,TRUE,TRUE,1,"SSP2_4_5",1.75,1,TRUE,TRUE,1,"SSP2_4_5",31.3692868814835,0.0995889988172967,3
1.75,1,TRUE,TRUE,1,"SSP3_7_0",1.75,1,TRUE,TRUE,1,"SSP3_7_0",26.0746794278671,0.113177383431517,4
1.75,1,TRUE,TRUE,1,"SSP5_8_5",1.75,1,TRUE,TRUE,1,"SSP5_8_5",22.726412188042,0.111611513454832,4
1.75,1.15,TRUE,TRUE,1,"SSP1_1_9",1.75,1.15,TRUE,TRUE,1,"SSP1_1_9",37.2916077169778,0.000520322482043726,3
1.75,1.15,TRUE,TRUE,1,"SSP1_2_6",1.75,1.15,TRUE,TRUE,1,"SSP1_2_6",35.6173584572236,0.00054543132124836,3
1.75,1.15,TRUE,TRUE,1,"SSP2_4_5",1.75,1.15,TRUE,TRUE,1,"SSP2_4_5",32.7494847374612,0.114491902936381,3
1.75,1.15,TRUE,TRUE,1,"SSP3_7_0",1.75,1.15,TRUE,TRUE,1,"SSP3_7_0",27.7044896813188,0.123007478226489,4
1.75,1.15,TRUE,TRUE,1,"SSP5_8_5",1.75,1.15,TRUE,TRUE,1,"SSP5_8_5",24.1878479303422,0.132612123739403,4
1.75,1.3,TRUE,TRUE,1,"SSP1_1_9",1.75,1.3,TRUE,TRUE,1,"SSP1_1_9",37.6579811303756,0.00197242828276283,3
1.75,1.3,TRUE,TRUE,1,"SSP1_2_6",1.75,1.3,TRUE,TRUE,1,"SSP1_2_6",36.9499745143772,0.00193748607961152,3
1.75,1.3,TRUE,TRUE,1,"SSP2_4_5",1.75,1.3,TRUE,TRUE,1,"SSP2_4_5",33.750716874594,0.129624622204657,3
1.75,1.3,TRUE,TRUE,1,"SSP3_7_0",1.75,1.3,TRUE,TRUE,1,"SSP3_7_0",29.6642927354807,0.135290008670121,4
1.75,1.3,TRUE,TRUE,1,"SSP5_8_5",1.75,1.3,TRUE,TRUE,1,"SSP5_8_5",26.3566858698025,0.152734414431713,4
1.75,1.45,TRUE,TRUE,1,"SSP1_1_9",1.75,1.45,TRUE,TRUE,1,"SSP1_1_9",37.8976222895353,0.00447202851491807,3
1.75,1.45,TRUE,TRUE,1,"SSP1_2_6",1.75,1.45,TRUE,TRUE,1,"SSP1_2_6",37.566222442987,0.00448076006801211,4
1.75,1.45,TRUE,TRUE,1,"SSP2_4_5",1.75,1.45,TRUE,TRUE,1,"SSP2_4_5",34.5992093466048,0.0784517602951659,4
1.75,1.45,TRUE,TRUE,1,"SSP3_7_0",1.75,1.45,TRUE,TRUE,1,"SSP3_7_0",31.4741174245994,0.141460365786713,4
1.75,1.45,TRUE,TRUE,1,"SSP5_8_5",1.75,1.45,TRUE,TRUE,1,"SSP5_8_5",28.2875919725156,0.15385890369706,4
1.75,1.6,TRUE,TRUE,1,"SSP1_1_9",1.75,1.6,TRUE,TRUE,1,"SSP1_1_9",38.0339004556703,0.0038998383420385,4
1.75,1.6,TRUE,TRUE,1,"SSP1_2_6",1.75,1.6,TRUE,TRUE,1,"SSP1_2_6",37.8435575642923,0.00580788425053307,4
1.75,1.6,TRUE,TRUE,1,"SSP2_4_5",1.75,1.6,TRUE,TRUE,1,"SSP2_4_5",35.3845777885281,0.0286715084564783,4
1.75,1.6,TRUE,TRUE,1,"SSP3_7_0",1.75,1.6,TRUE,TRUE,1,"SSP3_7_0",33.1027605226948,0.0974721863256627,4
1.75,1.6,TRUE,TRUE,1,"SSP5_8_5",1.75,1.6,TRUE,TRUE,1,"SSP5_8_5",30.1856612662336,0.155795744154303,4
1.75,1.75,TRUE,TRUE,1,"SSP1_1_9",1.75,1.75,TRUE,TRUE,1,"SSP1_1_9",38.3955111916753,0.0051221408402537,3
1.75,1.75,TRUE,TRUE,1,"SSP1_2_6",1.75,1.75,TRUE,TRUE,1,"SSP1_2_6",38.136900994304,0.00535798899296568,3
1.75,1.75,TRUE,TRUE,1,"SSP2_4_5",1.75,1.75,TRUE,TRUE,1,"SSP2_4_5",36.3768830645409,0.013468537274522,4
1.75,1.75,TRUE,TRUE,1,"SSP3_7_0",1.75,1.75,TRUE,TRUE,1,"SSP3_7_0",34.4665807088769,0.0632377903937869,4
1.75,1.75,TRUE,TRUE,1,"SSP5_8_5",1.75,1.75,TRUE,TRUE,1,"SSP5_8_5",32.1488437735312,0.110515314999923,4
1.75,1.9,TRUE,TRUE,1,"SSP1_1_9",1.75,1.9,TRUE,TRUE,1,"SSP1_1_9",38.6640465207066,0.00286868471996331,4
1.75,1.9,TRUE,TRUE,1,"SSP1_2_6",1.75,1.9,TRUE,TRUE,1,"SSP1_2_6",38.4831615188229,0.00655919205978001,4
1.75,1.9,TRUE,TRUE,1,"SSP2_4_5",1.75,1.9,TRUE,TRUE,1,"SSP2_4_5",37.2191662133962,0.0092777608468379,4
1.75,1.9,TRUE,TRUE,1,"SSP3_7_0",1.75,1.9,TRUE,TRUE,1,"SSP3_7_0",35.654543672144,0.040335309429967,4
1.75,1.9,TRUE,TRUE,1,"SSP5_8_5",1.75,1.9,TRUE,TRUE,1,"SSP5_8_5",33.9328768399089,0.0646181121800838,4
1.75,2.05,TRUE,TRUE,1,"SSP1_1_9",1.75,2.05,TRUE,TRUE,1,"SSP1_1_9",39.0340430747269,0.00174881690004599,4
1.75,2.05,TRUE,TRUE,1,"SSP1_2_6",1.75,2.05,TRUE,TRUE,1,"SSP1_2_6",38.6976980683877,0.00447170610944597,4
1.75,2.05,TRUE,TRUE,1,"SSP2_4_5",1.75,2.05,TRUE,TRUE,1,"SSP2_4_5",37.7687602168356,0.0118342505816928,4
1.75,2.05,TRUE,TRUE,1,"SSP3_7_0",1.75,2.05,TRUE,TRUE,1,"SSP3_7_0",36.5207917330546,0.0339740507550663,4
1.75,2.05,TRUE,TRUE,1,"SSP5_8_5",1.75,2.05,TRUE,TRUE,1,"SSP5_8_5",35.1956570612384,0.0553457695639723,4
1.75,2.2,TRUE,TRUE,1,"SSP1_1_9",1.75,2.2,TRUE,TRUE,1,"SSP1_1_9",39.2462678502868,0.00203017883824623,4
1.75,2.2,TRUE,TRUE,1,"SSP1_2_6",1.75,2.2,TRUE,TRUE,1,"SSP1_2_6",38.9266157790598,0.00420278712123253,3
1.75,2.2,TRUE,TRUE,1,"SSP2_4_5",1.75,2.2,TRUE,TRUE,1,"SSP2_4_5",38.0534197914737,0.00850219585784231,4
1.75,2.2,TRUE,TRUE,1,"SSP3_7_0",1.75,2.2,TRUE,TRUE,1,"SSP3_7_0",36.9835095067776,0.0268155384703513,4
1.75,2.2,TRUE,TRUE,1,"SSP5_8_5",1.75,2.2,TRUE,TRUE,1,"SSP5_8_5",35.8577454320213,0.0368766736771146,4
1.75,2.35,TRUE,TRUE,1,"SSP1_1_9",1.75,2.35,TRUE,TRUE,1,"SSP1_1_9",39.3587063231912,0.00154045411793111,4
1.75,2.35,TRUE,TRUE,1,"SSP1_2_6",1.75,2.35,TRUE,TRUE,1,"SSP1_2_6",39.0575940031758,0.00201926086124481,4
1.75,2.35,TRUE,TRUE,1,"SSP2_4_5",1.75,2.35,TRUE,TRUE,1,"SSP2_4_5",38.2407335458378,0.00921205585201022,4
1.75,2.35,TRUE,TRUE,1,"SSP3_7_0",1.75,2.35,TRUE,TRUE,1,"SSP3_7_0",37.2569405573174,0.0258296355720732,4
1.75,2.35,TRUE,TRUE,1,"SSP5_8_5",1.75,2.35,TRUE,TRUE,1,"SSP5_8_5",36.226008575555,0.031669498435863,4
1.75,2.5,TRUE,TRUE,1,"SSP1_1_9",1.75,2.5,TRUE,TRUE,1,"SSP1_1_9",39.4149205813156,0.00132650288958297,4
1.75,2.5,TRUE,TRUE,1,"SSP1_2_6",1.75,2.5,TRUE,TRUE,1,"SSP1_2_6",39.1172325897339,0.0035758982717738,4
1.75,2.5,TRUE,TRUE,1,"SSP2_4_5",1.75,2.5,TRUE,TRUE,1,"SSP2_4_5",38.330331131224,0.00494729789922239,4
1.75,2.5,TRUE,TRUE,1,"SSP3_7_0",1.75,2.5,TRUE,TRUE,1,"SSP3_7_0",37.394601332886,0.0255240823106975,4
1.75,2.5,TRUE,TRUE,1,"SSP5_8_5",1.75,2.5,TRUE,TRUE,1,"SSP5_8_5",36.4142175847631,0.0311572456434473,4
1.9,1,TRUE,TRUE,1,"SSP1_1_9",1.9,1,TRUE,TRUE,1,"SSP1_1_9",36.5897428498364,0.000533915362186887,3
1.9,1,TRUE,TRUE,1,"SSP1_2_6",1.9,1,TRUE,TRUE,1,"SSP1_2_6",33.4910544696271,0.0359821809689595,4
1.9,1,TRUE,TRUE,1,"SSP2_4_5",1.9,1,TRUE,TRUE,1,"SSP2_4_5",31.3376873260391,0.0996940861230546,3
1.9,1,TRUE,TRUE,1,"SSP3_7_0",1.9,1,TRUE,TRUE,1,"SSP3_7_0",26.032520090597,0.112615577620164,4
1.9,1,TRUE,TRUE,1,"SSP5_8_5",1.9,1,TRUE,TRUE,1,"SSP5_8_5",22.6886720508056,0.110296717746354,4
1.9,1.15,TRUE,TRUE,1,"SSP1_1_9",1.9,1.15,TRUE,TRUE,1,"SSP1_1_9",37.2984775489515,0.000519992421027004,3
1.9,1.15,TRUE,TRUE,1,"SSP1_2_6",1.9,1.15,TRUE,TRUE,1,"SSP1_2_6",35.5224264396162,0.000539800692368057,4
1.9,1.15,TRUE,TRUE,1,"SSP2_4_5",1.9,1.15,TRUE,TRUE,1,"SSP2_4_5",32.7117961397356,0.114413170167318,3
1.9,1.15,TRUE,TRUE,1,"SSP3_7_0",1.9,1.15,TRUE,TRUE,1,"SSP3_7_0",27.4987756485748,0.122850972589632,4
1.9,1.15,TRUE,TRUE,1,"SSP5_8_5",1.9,1.15,TRUE,TRUE,1,"SSP5_8_5",23.9818693409054,0.12319153540381,4
1.9,1.3,TRUE,TRUE,1,"SSP1_1_9",1.9,1.3,TRUE,TRUE,1,"SSP1_1_9",37.6601553041498,0.00186023802990729,3
1.9,1.3,TRUE,TRUE,1,"SSP1_2_6",1.9,1.3,TRUE,TRUE,1,"SSP1_2_6",36.9460364628333,0.0018305129392196,4
1.9,1.3,TRUE,TRUE,1,"SSP2_4_5",1.9,1.3,TRUE,TRUE,1,"SSP2_4_5",33.7075855162752,0.129099083760401,3
1.9,1.3,TRUE,TRUE,1,"SSP3_7_0",1.9,1.3,TRUE,TRUE,1,"SSP3_7_0",29.0639076184433,0.132567406734338,4
1.9,1.3,TRUE,TRUE,1,"SSP5_8_5",1.9,1.3,TRUE,TRUE,1,"SSP5_8_5",25.3609447520849,0.139635270286363,4
1.9,1.45,TRUE,TRUE,1,"SSP1_1_9",1.9,1.45,TRUE,TRUE,1,"SSP1_1_9",37.8997480545592,0.00436782489625508,3
1.9,1.45,TRUE,TRUE,1,"SSP1_2_6",1.9,1.45,TRUE,TRUE,1,"SSP1_2_6",37.5756367482574,0.00435753970685259,4
1.9,1.45,TRUE,TRUE,1,"SSP2_4_5",1.9,1.45,TRUE,TRUE,1,"SSP2_4_5",34.5478196005754,0.105830798806148,4
1.9,1.45,TRUE,TRUE,1,"SSP3_7_0",1.9,1.45,TRUE,TRUE,1,"SSP3_7_0",30.886341047657,0.143284413607708,4
1.9,1.45,TRUE,TRUE,1,"SSP5_8_5",1.9,1.45,TRUE,TRUE,1,"SSP5_8_5",27.4112218410881,0.155678143207078,4
1.9,1.6,TRUE,TRUE,1,"SSP1_1_9",1.9,1.6,TRUE,TRUE,1,"SSP1_1_9",38.040689518598,0.00223093531219018,3
1.9,1.6,TRUE,TRUE,1,"SSP1_2_6",1.9,1.6,TRUE,TRUE,1,"SSP1_2_6",37.8684977840549,0.00588284463640654,4
1.9,1.6,TRUE,TRUE,1,"SSP2_4_5",1.9,1.6,TRUE,TRUE,1,"SSP2_4_5",35.29696893449,0.0445186448136473,4
1.9,1.6,TRUE,TRUE,1,"SSP3_7_0",1.9,1.6,TRUE,TRUE,1,"SSP3_7_0",32.5490544809185,0.164126182161546,4
1.9,1.6,TRUE,TRUE,1,"SSP5_8_5",1.9,1.6,TRUE,TRUE,1,"SSP5_8_5",29.2476027848661,0.157322212520139,4
1.9,1.75,TRUE,TRUE,1,"SSP1_1_9",1.9,1.75,TRUE,TRUE,1,"SSP1_1_9",38.3350411246201,0.00580918441847128,4
1.9,1.75,TRUE,TRUE,1,"SSP1_2_6",1.9,1.75,TRUE,TRUE,1,"SSP1_2_6",38.1506650432079,0.0103288028648338,4
1.9,1.75,TRUE,TRUE,1,"SSP2_4_5",1.9,1.75,TRUE,TRUE,1,"SSP2_4_5",36.2065414265061,0.0158618513061639,4
1.9,1.75,TRUE,TRUE,1,"SSP3_7_0",1.9,1.75,TRUE,TRUE,1,"SSP3_7_0",34.0813521424755,0.0846012730554789,4
1.9,1.75,TRUE,TRUE,1,"SSP5_8_5",1.9,1.75,TRUE,TRUE,1,"SSP5_8_5",31.1542116870722,0.160054007798658,4
1.9,1.9,TRUE,TRUE,1,"SSP1_1_9",1.9,1.9,TRUE,TRUE,1,"SSP1_1_9",38.7566220256101,0.00474589864614498,4
1.9,1.9,TRUE,TRUE,1,"SSP1_2_6",1.9,1.9,TRUE,TRUE,1,"SSP1_2_6",38.4563086309884,0.00966823882575143,4
1.9,1.9,TRUE,TRUE,1,"SSP2_4_5",1.9,1.9,TRUE,TRUE,1,"SSP2_4_5",37.2101893483105,0.0153570154369061,4
1.9,1.9,TRUE,TRUE,1,"SSP3_7_0",1.9,1.9,TRUE,TRUE,1,"SSP3_7_0",35.2548986303972,0.0562280450319301,4
1.9,1.9,TRUE,TRUE,1,"SSP5_8_5",1.9,1.9,TRUE,TRUE,1,"SSP5_8_5",32.9961732844439,0.0892139633508083,4
1.9,2.05,TRUE,TRUE,1,"SSP1_1_9",1.9,2.05,TRUE,TRUE,1,"SSP1_1_9",39.1916961029784,0.00219240539607495,4
1.9,2.05,TRUE,TRUE,1,"SSP1_2_6",1.9,2.05,TRUE,TRUE,1,"SSP1_2_6",38.789930290992,0.00713631042182561,4
1.9,2.05,TRUE,TRUE,1,"SSP2_4_5",1.9,2.05,TRUE,TRUE,1,"SSP2_4_5",37.8847573092246,0.013115155508852,4
1.9,2.05,TRUE,TRUE,1,"SSP3_7_0",1.9,2.05,TRUE,TRUE,1,"SSP3_7_0",36.2862003920945,0.0357823660287335,4
1.9,2.05,TRUE,TRUE,1,"SSP5_8_5",1.9,2.05,TRUE,TRUE,1,"SSP5_8_5",34.6144081558666,0.0533440395396953,4
1.9,2.2,TRUE,TRUE,1,"SSP1_1_9",1.9,2.2,TRUE,TRUE,1,"SSP1_1_9",39.5160110748053,0.00139271475298246,4
1.9,2.2,TRUE,TRUE,1,"SSP1_2_6",1.9,2.2,TRUE,TRUE,1,"SSP1_2_6",39.0443663528616,0.00495922127761239,4
1.9,2.2,TRUE,TRUE,1,"SSP2_4_5",1.9,2.2,TRUE,TRUE,1,"SSP2_4_5",38.3013166741397,0.011012122432498,4
1.9,2.2,TRUE,TRUE,1,"SSP3_7_0",1.9,2.2,TRUE,TRUE,1,"SSP3_7_0",37.0356069009442,0.0313119471129535,4
1.9,2.2,TRUE,TRUE,1,"SSP5_8_5",1.9,2.2,TRUE,TRUE,1,"SSP5_8_5",35.7472378421784,0.0386616991267479,4
1.9,2.35,TRUE,TRUE,1,"SSP1_1_9",1.9,2.35,TRUE,TRUE,1,"SSP1_1_9",39.6857415748862,0.000866598093174224,4
1.9,2.35,TRUE,TRUE,1,"SSP1_2_6",1.9,2.35,TRUE,TRUE,1,"SSP1_2_6",39.2384282422044,0.00386008131044832,3
1.9,2.35,TRUE,TRUE,1,"SSP2_4_5",1.9,2.35,TRUE,TRUE,1,"SSP2_4_5",38.5327514501644,0.0119955314520246,4
1.9,2.35,TRUE,TRUE,1,"SSP3_7_0",1.9,2.35,TRUE,TRUE,1,"SSP3_7_0",37.4415170559668,0.0243581102571472,4
1.9,2.35,TRUE,TRUE,1,"SSP5_8_5",1.9,2.35,TRUE,TRUE,1,"SSP5_8_5",36.3424277415195,0.0315239140774254,4
1.9,2.5,TRUE,TRUE,1,"SSP1_1_9",1.9,2.5,TRUE,TRUE,1,"SSP1_1_9",39.7760874002444,0.000708811140278819,4
1.9,2.5,TRUE,TRUE,1,"SSP1_2_6",1.9,2.5,TRUE,TRUE,1,"SSP1_2_6",39.3359119013825,0.00362314506473901,3
1.9,2.5,TRUE,TRUE,1,"SSP2_4_5",1.9,2.5,TRUE,TRUE,1,"SSP2_4_5",38.679316706187,0.00741848785425166,4
1.9,2.5,TRUE,TRUE,1,"SSP3_7_0",1.9,2.5,TRUE,TRUE,1,"SSP3_7_0",37.679240383947,0.0238752938181383,4
1.9,2.5,TRUE,TRUE,1,"SSP5_8_5",1.9,2.5,TRUE,TRUE,1,"SSP5_8_5",36.6728988353061,0.0305759203460454,4
2.05,1,TRUE,TRUE,1,"SSP1_1_9",2.05,1,TRUE,TRUE,1,"SSP1_1_9",36.591503445408,0.000535642646838584,3
2.05,1,TRUE,TRUE,1,"SSP1_2_6",2.05,1,TRUE,TRUE,1,"SSP1_2_6",33.4846847394152,0.03912861278076,4
2.05,1,TRUE,TRUE,1,"SSP2_4_5",2.05,1,TRUE,TRUE,1,"SSP2_4_5",31.3204981467799,0.0997376731965219,3
2.05,1,TRUE,TRUE,1,"SSP3_7_0",2.05,1,TRUE,TRUE,1,"SSP3_7_0",26.0133475332731,0.112422408283446,4
2.05,1,TRUE,TRUE,1,"SSP5_8_5",2.05,1,TRUE,TRUE,1,"SSP5_8_5",22.6706191982163,0.110077323864601,4
2.05,1.15,TRUE,TRUE,1,"SSP1_1_9",2.05,1.15,TRUE,TRUE,1,"SSP1_1_9",37.3021597281857,0.000519589822354278,3
2.05,1.15,TRUE,TRUE,1,"SSP1_2_6",2.05,1.15,TRUE,TRUE,1,"SSP1_2_6",35.4748398296371,0.000540376107135515,4
2.05,1.15,TRUE,TRUE,1,"SSP2_4_5",2.05,1.15,TRUE,TRUE,1,"SSP2_4_5",32.6896187241602,0.114336407743364,3
2.05,1.15,TRUE,TRUE,1,"SSP3_7_0",2.05,1.15,TRUE,TRUE,1,"SSP3_7_0",27.4523518592719,0.123254630668574,4
2.05,1.15,TRUE,TRUE,1,"SSP5_8_5",2.05,1.15,TRUE,TRUE,1,"SSP5_8_5",23.9426608340954,0.122112658692467,4
2.05,1.3,TRUE,TRUE,1,"SSP1_1_9",2.05,1.3,TRUE,TRUE,1,"SSP1_1_9",37.6607200377192,0.0018146658320381,3
2.05,1.3,TRUE,TRUE,1,"SSP1_2_6",2.05,1.3,TRUE,TRUE,1,"SSP1_2_6",36.9445488602798,0.0017978832662865,4
2.05,1.3,TRUE,TRUE,1,"SSP2_4_5",2.05,1.3,TRUE,TRUE,1,"SSP2_4_5",33.6787970015159,0.128809587108629,3
2.05,1.3,TRUE,TRUE,1,"SSP3_7_0",2.05,1.3,TRUE,TRUE,1,"SSP3_7_0",28.8701182337565,0.132515886596129,4
2.05,1.3,TRUE,TRUE,1,"SSP5_8_5",2.05,1.3,TRUE,TRUE,1,"SSP5_8_5",25.1651039778351,0.133116825714244,4
2.05,1.45,TRUE,TRUE,1,"SSP1_1_9",2.05,1.45,TRUE,TRUE,1,"SSP1_1_9",37.9018910603233,0.00431495485597302,3
2.05,1.45,TRUE,TRUE,1,"SSP1_2_6",2.05,1.45,TRUE,TRUE,1,"SSP1_2_6",37.5807481592966,0.00429988749501852,3
2.05,1.45,TRUE,TRUE,1,"SSP2_4_5",2.05,1.45,TRUE,TRUE,1,"SSP2_4_5",34.5050872917664,0.128825320420882,4
2.05,1.45,TRUE,TRUE,1,"SSP3_7_0",2.05,1.45,TRUE,TRUE,1,"SSP3_7_0",30.403255927471,0.142347306336374,4
2.05,1.45,TRUE,TRUE,1,"SSP5_8_5",2.05,1.45,TRUE,TRUE,1,"SSP5_8_5",26.528638193775,0.146947892308564,4
2.05,1.6,TRUE,TRUE,1,"SSP1_1_9",2.05,1.6,TRUE,TRUE,1,"SSP1_1_9",38.043647326473,0.00555001406845065,3
2.05,1.6,TRUE,TRUE,1,"SSP1_2_6",2.05,1.6,TRUE,TRUE,1,"SSP1_2_6",37.8775300387268,0.00589576360271064,4
2.05,1.6,TRUE,TRUE,1,"SSP2_4_5",2.05,1.6,TRUE,TRUE,1,"SSP2_4_5",35.2259342227472,0.0660255845352967,4
2.05,1.6,TRUE,TRUE,1,"SSP3_7_0",2.05,1.6,TRUE,TRUE,1,"SSP3_7_0",32.0288263999025,0.160228709324867,4
2.05,1.6,TRUE,TRUE,1,"SSP5_8_5",2.05,1.6,TRUE,TRUE,1,"SSP5_8_5",28.4076541520042,0.156686101663867,4
2.05,1.75,TRUE,TRUE,1,"SSP1_1_9",2.05,1.75,TRUE,TRUE,1,"SSP1_1_9",38.2957661577806,0.00706721677275834,4
2.05,1.75,TRUE,TRUE,1,"SSP1_2_6",2.05,1.75,TRUE,TRUE,1,"SSP1_2_6",38.1667604317145,0.0105721046147031,4
2.05,1.75,TRUE,TRUE,1,"SSP2_4_5",2.05,1.75,TRUE,TRUE,1,"SSP2_4_5",36.09217112211,0.0243613869253622,4
2.05,1.75,TRUE,TRUE,1,"SSP3_7_0",2.05,1.75,TRUE,TRUE,1,"SSP3_7_0",33.6466677318004,0.103432145851199,4
2.05,1.75,TRUE,TRUE,1,"SSP5_8_5",2.05,1.75,TRUE,TRUE,1,"SSP5_8_5",30.2457897342256,0.162863863827628,4
2.05,1.9,TRUE,TRUE,1,"SSP1_1_9",2.05,1.9,TRUE,TRUE,1,"SSP1_1_9",38.7800063743407,0.00723399550359325,4
2.05,1.9,TRUE,TRUE,1,"SSP1_2_6",2.05,1.9,TRUE,TRUE,1,"SSP1_2_6",38.4489686148843,0.0124446312748158,3
2.05,1.9,TRUE,TRUE,1,"SSP2_4_5",2.05,1.9,TRUE,TRUE,1,"SSP2_4_5",37.1101024545852,0.0157576169283777,4
2.05,1.9,TRUE,TRUE,1,"SSP3_7_0",2.05,1.9,TRUE,TRUE,1,"SSP3_7_0",34.9605349353518,0.0757538306831647,4
2.05,1.9,TRUE,TRUE,1,"SSP5_8_5",2.05,1.9,TRUE,TRUE,1,"SSP5_8_5",32.0951700382143,0.144564798188215,4
2.05,2.05,TRUE,TRUE,1,"SSP1_1_9",2.05,2.05,TRUE,TRUE,1,"SSP1_1_9",39.3360649992817,0.000736978316075443,2
2.05,2.05,TRUE,TRUE,1,"SSP1_2_6",2.05,2.05,TRUE,TRUE,1,"SSP1_2_6",38.7958443256437,0.0106442194054542,4
2.05,2.05,TRUE,TRUE,1,"SSP2_4_5",2.05,2.05,TRUE,TRUE,1,"SSP2_4_5",37.921150761324,0.0146087850506929,4
2.05,2.05,TRUE,TRUE,1,"SSP3_7_0",2.05,2.05,TRUE,TRUE,1,"SSP3_7_0",35.9613416382482,0.0499913855704461,4
2.05,2.05,TRUE,TRUE,1,"SSP5_8_5",2.05,2.05,TRUE,TRUE,1,"SSP5_8_5",33.7933870643519,0.0622121935006789,4
2.05,2.2,TRUE,TRUE,1,"SSP1_1_9",2.05,2.2,TRUE,TRUE,1,"SSP1_1_9",39.7782744143488,0.000196582528323108,2
2.05,2.2,TRUE,TRUE,1,"SSP1_2_6",2.05,2.2,TRUE,TRUE,1,"SSP1_2_6",39.1056316925597,0.00628610137599605,4
2.05,2.2,TRUE,TRUE,1,"SSP2_4_5",2.05,2.2,TRUE,TRUE,1,"SSP2_4_5",38.4105573654438,0.0178599670802349,4
2.05,2.2,TRUE,TRUE,1,"SSP3_7_0",2.05,2.2,TRUE,TRUE,1,"SSP3_7_0",36.8589835105492,0.0324630868173492,4
2.05,2.2,TRUE,TRUE,1,"SSP5_8_5",2.05,2.2,TRUE,TRUE,1,"SSP5_8_5",35.2523880419021,0.0461088451220793,4
2.05,2.35,TRUE,TRUE,1,"SSP1_1_9",2.05,2.35,TRUE,TRUE,1,"SSP1_1_9",39.9977995366425,0.00013049369726253,2
2.05,2.35,TRUE,TRUE,1,"SSP1_2_6",2.05,2.35,TRUE,TRUE,1,"SSP1_2_6",39.410593795532,0.00405220640050866,4
2.05,2.35,TRUE,TRUE,1,"SSP2_4_5",2.05,2.35,TRUE,TRUE,1,"SSP2_4_5",38.7265662653726,0.0147545989230397,4
2.05,2.35,TRUE,TRUE,1,"SSP3_7_0",2.05,2.35,TRUE,TRUE,1,"SSP3_7_0",37.5107528124022,0.0296647788046551,4
2.05,2.35,TRUE,TRUE,1,"SSP5_8_5",2.05,2.35,TRUE,TRUE,1,"SSP5_8_5",36.2611161224491,0.0427512706988485,4
2.05,2.5,TRUE,TRUE,1,"SSP1_1_9",2.05,2.5,TRUE,TRUE,1,"SSP1_1_9",40.0888509554516,0.000118497884490977,2
2.05,2.5,TRUE,TRUE,1,"SSP1_2_6",2.05,2.5,TRUE,TRUE,1,"SSP1_2_6",39.5811066525443,0.00281573222710621,4
2.05,2.5,TRUE,TRUE,1,"SSP2_4_5",2.05,2.5,TRUE,TRUE,1,"SSP2_4_5",38.9190272410648,0.0102775411859719,4
2.05,2.5,TRUE,TRUE,1,"SSP3_7_0",2.05,2.5,TRUE,TRUE,1,"SSP3_7_0",37.8601126221515,0.0228983408318248,4
2.05,2.5,TRUE,TRUE,1,"SSP5_8_5",2.05,2.5,TRUE,TRUE,1,"SSP5_8_5",36.7961607795453,0.0339140336329709,4
2.2,1,TRUE,TRUE,1,"SSP1_1_9",2.2,1,TRUE,TRUE,1,"SSP1_1_9",36.5939009464156,0.000535370161262327,3
2.2,1,TRUE,TRUE,1,"SSP1_2_6",2.2,1,TRUE,TRUE,1,"SSP1_2_6",33.4676177868281,0.0404108544251807,4
2.2,1,TRUE,TRUE,1,"SSP2_4_5",2.2,1,TRUE,TRUE,1,"SSP2_4_5",31.3098262829257,0.0996866767755425,3
2.2,1,TRUE,TRUE,1,"SSP3_7_0",2.2,1,TRUE,TRUE,1,"SSP3_7_0",26.000820486204,0.112419239041569,4
2.2,1,TRUE,TRUE,1,"SSP5_8_5",2.2,1,TRUE,TRUE,1,"SSP5_8_5",22.6612593096362,0.110096770835842,4
2.2,1.15,TRUE,TRUE,1,"SSP1_1_9",2.2,1.15,TRUE,TRUE,1,"SSP1_1_9",37.3034950010917,0.000519392310581964,3
2.2,1.15,TRUE,TRUE,1,"SSP1_2_6",2.2,1.15,TRUE,TRUE,1,"SSP1_2_6",35.4644832732867,0.000538823657354685,4
2.2,1.15,TRUE,TRUE,1,"SSP2_4_5",2.2,1.15,TRUE,TRUE,1,"SSP2_4_5",32.6797864554919,0.114245151276767,3
2.2,1.15,TRUE,TRUE,1,"SSP3_7_0",2.2,1.15,TRUE,TRUE,1,"SSP3_7_0",27.4314683177407,0.123296816240293,4
2.2,1.15,TRUE,TRUE,1,"SSP5_8_5",2.2,1.15,TRUE,TRUE,1,"SSP5_8_5",23.9263955458278,0.122132937108187,4
2.2,1.3,TRUE,TRUE,1,"SSP1_1_9",2.2,1.3,TRUE,TRUE,1,"SSP1_1_9",37.6619098765194,0.00179689846018923,3
2.2,1.3,TRUE,TRUE,1,"SSP1_2_6",2.2,1.3,TRUE,TRUE,1,"SSP1_2_6",36.9384661261835,0.00178693415712821,4
2.2,1.3,TRUE,TRUE,1,"SSP2_4_5",2.2,1.3,TRUE,TRUE,1,"SSP2_4_5",33.6720728451386,0.128707713023212,3
2.2,1.3,TRUE,TRUE,1,"SSP3_7_0",2.2,1.3,TRUE,TRUE,1,"SSP3_7_0",28.8283260987472,0.132705691143766,4
2.2,1.3,TRUE,TRUE,1,"SSP5_8_5",2.2,1.3,TRUE,TRUE,1,"SSP5_8_5",25.124633741131,0.13206787955949,4
2.2,1.45,TRUE,TRUE,1,"SSP1_1_9",2.2,1.45,TRUE,TRUE,1,"SSP1_1_9",37.9042500004987,0.00429526697545157,3
2.2,1.45,TRUE,TRUE,1,"SSP1_2_6",2.2,1.45,TRUE,TRUE,1,"SSP1_2_6",37.583455791834,0.00427909267485303,3
2.2,1.45,TRUE,TRUE,1,"SSP2_4_5",2.2,1.45,TRUE,TRUE,1,"SSP2_4_5",34.4820585070071,0.140421569142612,4
2.2,1.45,TRUE,TRUE,1,"SSP3_7_0",2.2,1.45,TRUE,TRUE,1,"SSP3_7_0",30.2241452905564,0.142389420152304,4
2.2,1.45,TRUE,TRUE,1,"SSP5_8_5",2.2,1.45,TRUE,TRUE,1,"SSP5_8_5",26.3345608009296,0.143306993685617,4
2.2,1.6,TRUE,TRUE,1,"SSP1_1_9",2.2,1.6,TRUE,TRUE,1,"SSP1_1_9",38.0460056657595,0.00592726065101636,4
2.2,1.6,TRUE,TRUE,1,"SSP1_2_6",2.2,1.6,TRUE,TRUE,1,"SSP1_2_6",37.8827087283626,0.00591583800952206,4
2.2,1.6,TRUE,TRUE,1,"SSP2_4_5",2.2,1.6,TRUE,TRUE,1,"SSP2_4_5",35.1757498351844,0.0837244119429888,4
2.2,1.6,TRUE,TRUE,1,"SSP3_7_0",2.2,1.6,TRUE,TRUE,1,"SSP3_7_0",31.6401065166088,0.154763733475858,3
2.2,1.6,TRUE,TRUE,1,"SSP5_8_5",2.2,1.6,TRUE,TRUE,1,"SSP5_8_5",27.6013012588684,0.150680753019074,4
2.2,1.75,TRUE,TRUE,1,"SSP1_1_9",2.2,1.75,TRUE,TRUE,1,"SSP1_1_9",38.2874549062185,0.0102311867946406,4
2.2,1.75,TRUE,TRUE,1,"SSP1_2_6",2.2,1.75,TRUE,TRUE,1,"SSP1_2_6",38.1751442448815,0.0106456716496464,4
2.2,1.75,TRUE,TRUE,1,"SSP2_4_5",2.2,1.75,TRUE,TRUE,1,"SSP2_4_5",36.0085306359537,0.0377284109598275,4
2.2,1.75,TRUE,TRUE,1,"SSP3_7_0",2.2,1.75,TRUE,TRUE,1,"SSP3_7_0",33.2009662069697,0.121326909121596,4
2.2,1.75,TRUE,TRUE,1,"SSP5_8_5",2.2,1.75,TRUE,TRUE,1,"SSP5_8_5",29.4365850431358,0.162992218104964,4
2.2,1.9,TRUE,TRUE,1,"SSP1_1_9",2.2,1.9,TRUE,TRUE,1,"SSP1_1_9",38.7851876197055,0.00935400632710042,2
2.2,1.9,TRUE,TRUE,1,"SSP1_2_6",2.2,1.9,TRUE,TRUE,1,"SSP1_2_6",38.4554995915164,0.016386369628965,3
2.2,1.9,TRUE,TRUE,1,"SSP2_4_5",2.2,1.9,TRUE,TRUE,1,"SSP2_4_5",36.9399197378774,0.017258395491791,4
2.2,1.9,TRUE,TRUE,1,"SSP3_7_0",2.2,1.9,TRUE,TRUE,1,"SSP3_7_0",34.6352291436394,0.09517662274938,4
2.2,1.9,TRUE,TRUE,1,"SSP5_8_5",2.2,1.9,TRUE,TRUE,1,"SSP5_8_5",31.2230321945308,0.166463423433446,4
2.2,2.05,TRUE,TRUE,1,"SSP1_1_9",2.2,2.05,TRUE,TRUE,1,"SSP1_1_9",39.4712693627604,-2.52021241303848e-15,2
2.2,2.05,TRUE,TRUE,1,"SSP1_2_6",2.2,2.05,TRUE,TRUE,1,"SSP1_2_6",38.7771253167826,0.0150809492635211,4
2.2,2.05,TRUE,TRUE,1,"SSP2_4_5",2.2,2.05,TRUE,TRUE,1,"SSP2_4_5",37.9088936291573,0.0212213288960942,4
2.2,2.05,TRUE,TRUE,1,"SSP3_7_0",2.2,2.05,TRUE,TRUE,1,"SSP3_7_0",35.7306399187073,0.0672825705140148,4
2.2,2.05,TRUE,TRUE,1,"SSP5_8_5",2.2,2.05,TRUE,TRUE,1,"SSP5_8_5",32.9907579117508,0.12153090878309,4
2.2,2.2,TRUE,TRUE,1,"SSP1_1_9",2.2,2.2,TRUE,TRUE,1,"SSP1_1_9",39.9695245089533,0,2
2.2,2.2,TRUE,TRUE,1,"SSP1_2_6",2.2,2.2,TRUE,TRUE,1,"SSP1_2_6",39.1407883271995,0.00677098695565199,3
2.2,2.2,TRUE,TRUE,1,"SSP2_4_5",2.2,2.2,TRUE,TRUE,1,"SSP2_4_5",38.4563582834677,0.0218541458693946,4
2.2,2.2,TRUE,TRUE,1,"SSP3_7_0",2.2,2.2,TRUE,TRUE,1,"SSP3_7_0",36.5939172205671,0.0449050588176779,4
2.2,2.2,TRUE,TRUE,1,"SSP5_8_5",2.2,2.2,TRUE,TRUE,1,"SSP5_8_5",34.5413691572819,0.0639665215905173,4
2.2,2.35,TRUE,TRUE,1,"SSP1_1_9",2.2,2.35,TRUE,TRUE,1,"SSP1_1_9",40.1950313544459,0,2
2.2,2.35,TRUE,TRUE,1,"SSP1_2_6",2.2,2.35,TRUE,TRUE,1,"SSP1_2_6",39.5632931571452,0.00193823247342228,3
2.2,2.35,TRUE,TRUE,1,"SSP2_4_5",2.2,2.35,TRUE,TRUE,1,"SSP2_4_5",38.8221578432815,0.0185650227293105,4
2.2,2.35,TRUE,TRUE,1,"SSP3_7_0",2.2,2.35,TRUE,TRUE,1,"SSP3_7_0",37.3791829583693,0.0302917397095481,4
2.2,2.35,TRUE,TRUE,1,"SSP5_8_5",2.2,2.35,TRUE,TRUE,1,"SSP5_8_5",35.8393270757435,0.0444940449731817,4
2.2,2.5,TRUE,TRUE,1,"SSP1_1_9",2.2,2.5,TRUE,TRUE,1,"SSP1_1_9",40.2965841812304,0,2
2.2,2.5,TRUE,TRUE,1,"SSP1_2_6",2.2,2.5,TRUE,TRUE,1,"SSP1_2_6",39.8110229620963,0.00119969662216112,4
2.2,2.5,TRUE,TRUE,1,"SSP2_4_5",2.2,2.5,TRUE,TRUE,1,"SSP2_4_5",39.0636582783718,0.0136480863551528,4
2.2,2.5,TRUE,TRUE,1,"SSP3_7_0",2.2,2.5,TRUE,TRUE,1,"SSP3_7_0",37.9376104070258,0.0226661070373018,4
2.2,2.5,TRUE,TRUE,1,"SSP5_8_5",2.2,2.5,TRUE,TRUE,1,"SSP5_8_5",36.7364905696952,0.0395105123230187,4
2.35,1,TRUE,TRUE,1,"SSP1_1_9",2.35,1,TRUE,TRUE,1,"SSP1_1_9",36.5943677154948,0.000535222794274505,3
2.35,1,TRUE,TRUE,1,"SSP1_2_6",2.35,1,TRUE,TRUE,1,"SSP1_2_6",33.4645908162014,0.0412694442512735,4
2.35,1,TRUE,TRUE,1,"SSP2_4_5",2.35,1,TRUE,TRUE,1,"SSP2_4_5",31.3049203992603,0.0997026305121942,3
2.35,1,TRUE,TRUE,1,"SSP3_7_0",2.35,1,TRUE,TRUE,1,"SSP3_7_0",25.9995290612794,0.112429788753907,4
2.35,1,TRUE,TRUE,1,"SSP5_8_5",2.35,1,TRUE,TRUE,1,"SSP5_8_5",22.6575735457519,0.110079685124188,4
2.35,1.15,TRUE,TRUE,1,"SSP1_1_9",2.35,1.15,TRUE,TRUE,1,"SSP1_1_9",37.3042484419809,0.000519314927835386,3
2.35,1.15,TRUE,TRUE,1,"SSP1_2_6",2.35,1.15,TRUE,TRUE,1,"SSP1_2_6",35.4657635829404,0.000538734546792243,4
2.35,1.15,TRUE,TRUE,1,"SSP2_4_5",2.35,1.15,TRUE,TRUE,1,"SSP2_4_5",32.6739176321801,0.114230401382204,3
2.35,1.15,TRUE,TRUE,1,"SSP3_7_0",2.35,1.15,TRUE,TRUE,1,"SSP3_7_0",27.4227734372281,0.123431232344147,4
2.35,1.15,TRUE,TRUE,1,"SSP5_8_5",2.35,1.15,TRUE,TRUE,1,"SSP5_8_5",23.9168697643293,0.1218963180982,4
2.35,1.3,TRUE,TRUE,1,"SSP1_1_9",2.35,1.3,TRUE,TRUE,1,"SSP1_1_9",37.6622500876566,0.00179287536288581,3
2.35,1.3,TRUE,TRUE,1,"SSP1_2_6",2.35,1.3,TRUE,TRUE,1,"SSP1_2_6",36.9361006121155,0.00177938292104242,4
2.35,1.3,TRUE,TRUE,1,"SSP2_4_5",2.35,1.3,TRUE,TRUE,1,"SSP2_4_5",33.6680771096371,0.128680746336452,3
2.35,1.3,TRUE,TRUE,1,"SSP3_7_0",2.35,1.3,TRUE,TRUE,1,"SSP3_7_0",28.8074613557431,0.132768379320793,4
2.35,1.3,TRUE,TRUE,1,"SSP5_8_5",2.35,1.3,TRUE,TRUE,1,"SSP5_8_5",25.1092002507566,0.131936824793469,4
2.35,1.45,TRUE,TRUE,1,"SSP1_1_9",2.35,1.45,TRUE,TRUE,1,"SSP1_1_9",37.904307729674,0.00427364344884445,3
2.35,1.45,TRUE,TRUE,1,"SSP1_2_6",2.35,1.45,TRUE,TRUE,1,"SSP1_2_6",37.5841529399005,0.00426477976291248,4
2.35,1.45,TRUE,TRUE,1,"SSP2_4_5",2.35,1.45,TRUE,TRUE,1,"SSP2_4_5",34.4666086316907,0.143552181902861,3
2.35,1.45,TRUE,TRUE,1,"SSP3_7_0",2.35,1.45,TRUE,TRUE,1,"SSP3_7_0",30.1741958310325,0.142436643559794,4
2.35,1.45,TRUE,TRUE,1,"SSP5_8_5",2.35,1.45,TRUE,TRUE,1,"SSP5_8_5",26.2911993482618,0.142398115435358,4
2.35,1.6,TRUE,TRUE,1,"SSP1_1_9",2.35,1.6,TRUE,TRUE,1,"SSP1_1_9",38.04835447383,0.00596159519339577,4
2.35,1.6,TRUE,TRUE,1,"SSP1_2_6",2.35,1.6,TRUE,TRUE,1,"SSP1_2_6",37.8850583435669,0.00593372855136875,4
2.35,1.6,TRUE,TRUE,1,"SSP2_4_5",2.35,1.6,TRUE,TRUE,1,"SSP2_4_5",35.143198261791,0.0933915586141941,4
2.35,1.6,TRUE,TRUE,1,"SSP3_7_0",2.35,1.6,TRUE,TRUE,1,"SSP3_7_0",31.4779749787412,0.15704065931155,4
2.35,1.6,TRUE,TRUE,1,"SSP5_8_5",2.35,1.6,TRUE,TRUE,1,"SSP5_8_5",27.4207967038626,0.15070277966693,4
2.35,1.75,TRUE,TRUE,1,"SSP1_1_9",2.35,1.75,TRUE,TRUE,1,"SSP1_1_9",38.2886514849422,0.0134571461843423,4
2.35,1.75,TRUE,TRUE,1,"SSP1_2_6",2.35,1.75,TRUE,TRUE,1,"SSP1_2_6",38.1814012076353,0.0107258229830314,4
2.35,1.75,TRUE,TRUE,1,"SSP2_4_5",2.35,1.75,TRUE,TRUE,1,"SSP2_4_5",35.9455134943241,0.0494507960837472,4
2.35,1.75,TRUE,TRUE,1,"SSP3_7_0",2.35,1.75,TRUE,TRUE,1,"SSP3_7_0",32.9026073476741,0.164566601037962,3
2.35,1.75,TRUE,TRUE,1,"SSP5_8_5",2.35,1.75,TRUE,TRUE,1,"SSP5_8_5",28.7249832446963,0.158394290489401,4
2.35,1.9,TRUE,TRUE,1,"SSP1_1_9",2.35,1.9,TRUE,TRUE,1,"SSP1_1_9",38.7852501731982,0.00890022559816411,2
2.35,1.9,TRUE,TRUE,1,"SSP1_2_6",2.35,1.9,TRUE,TRUE,1,"SSP1_2_6",38.4669511051963,0.0120700568228653,4
2.35,1.9,TRUE,TRUE,1,"SSP2_4_5",2.35,1.9,TRUE,TRUE,1,"SSP2_4_5",36.8139916675771,0.0227190618841128,4
2.35,1.9,TRUE,TRUE,1,"SSP3_7_0",2.35,1.9,TRUE,TRUE,1,"SSP3_7_0",34.2912561628318,0.115392873774556,4
2.35,1.9,TRUE,TRUE,1,"SSP5_8_5",2.35,1.9,TRUE,TRUE,1,"SSP5_8_5",30.4443835150793,0.169274007919985,4
2.35,2.05,TRUE,TRUE,1,"SSP1_1_9",2.35,2.05,TRUE,TRUE,1,"SSP1_1_9",39.5476956671803,-2.51534207817238e-15,2
2.35,2.05,TRUE,TRUE,1,"SSP1_2_6",2.35,2.05,TRUE,TRUE,1,"SSP1_2_6",38.7618995443959,0.0176363203464711,3
2.35,2.05,TRUE,TRUE,1,"SSP2_4_5",2.35,2.05,TRUE,TRUE,1,"SSP2_4_5",37.8257748263209,0.0215547760976058,4
2.35,2.05,TRUE,TRUE,1,"SSP3_7_0",2.35,2.05,TRUE,TRUE,1,"SSP3_7_0",35.4958542918349,0.0864744168365818,4
2.35,2.05,TRUE,TRUE,1,"SSP5_8_5",2.35,2.05,TRUE,TRUE,1,"SSP5_8_5",32.1595253917802,0.164266346629821,4
2.35,2.2,TRUE,TRUE,1,"SSP1_1_9",2.35,2.2,TRUE,TRUE,1,"SSP1_1_9",40.0629031137789,-2.48299487243602e-15,2
2.35,2.2,TRUE,TRUE,1,"SSP1_2_6",2.35,2.2,TRUE,TRUE,1,"SSP1_2_6",39.1925461603285,0.00551497964074825,2
2.35,2.2,TRUE,TRUE,1,"SSP2_4_5",2.35,2.2,TRUE,TRUE,1,"SSP2_4_5",38.4745248927128,0.0216754035199783,4
2.35,2.2,TRUE,TRUE,1,"SSP3_7_0",2.35,2.2,TRUE,TRUE,1,"SSP3_7_0",36.4015811370971,0.0591464309284257,4
2.35,2.2,TRUE,TRUE,1,"SSP5_8_5",2.35,2.2,TRUE,TRUE,1,"SSP5_8_5",33.8334715221792,0.0815455505009111,4
2.35,2.35,TRUE,TRUE,1,"SSP1_1_9",2.35,2.35,TRUE,TRUE,1,"SSP1_1_9",40.298033802258,0,2
2.35,2.35,TRUE,TRUE,1,"SSP1_2_6",2.35,2.35,TRUE,TRUE,1,"SSP1_2_6",39.6915779227073,0.000160926790621458,2
2.35,2.35,TRUE,TRUE,1,"SSP2_4_5",2.35,2.35,TRUE,TRUE,1,"SSP2_4_5",38.8560897944134,0.0270792100175526,4
2.35,2.35,TRUE,TRUE,1,"SSP3_7_0",2.35,2.35,TRUE,TRUE,1,"SSP3_7_0",37.1570077805254,0.0410982230246045,4
2.35,2.35,TRUE,TRUE,1,"SSP5_8_5",2.35,2.35,TRUE,TRUE,1,"SSP5_8_5",35.2249175433548,0.0605948772070742,4
2.35,2.5,TRUE,TRUE,1,"SSP1_1_9",2.35,2.5,TRUE,TRUE,1,"SSP1_1_9",40.4012965276646,-2.46219778957584e-15,2
2.35,2.5,TRUE,TRUE,1,"SSP1_2_6",2.35,2.5,TRUE,TRUE,1,"SSP1_2_6",40.0128313648613,3.85199139681915e-05,2
2.35,2.5,TRUE,TRUE,1,"SSP2_4_5",2.35,2.5,TRUE,TRUE,1,"SSP2_4_5",39.1412625245604,0.0194123185719936,4
2.35,2.5,TRUE,TRUE,1,"SSP3_7_0",2.35,2.5,TRUE,TRUE,1,"SSP3_7_0",37.8446938885035,0.029334832603319,4
2.35,2.5,TRUE,TRUE,1,"SSP5_8_5",2.35,2.5,TRUE,TRUE,1,"SSP5_8_5",36.3747753702679,0.0420687078181105,4
2.5,1,TRUE,TRUE,1,"SSP1_1_9",2.5,1,TRUE,TRUE,1,"SSP1_1_9",36.5948037459589,0.000535151086300279,3
2.5,1,TRUE,TRUE,1,"SSP1_2_6",2.5,1,TRUE,TRUE,1,"SSP1_2_6",33.4623457346053,0.0415220179118291,4
2.5,1,TRUE,TRUE,1,"SSP2_4_5",2.5,1,TRUE,TRUE,1,"SSP2_4_5",31.3036084319923,0.0996988288043753,3
2.5,1,TRUE,TRUE,1,"SSP3_7_0",2.5,1,TRUE,TRUE,1,"SSP3_7_0",25.9980109039918,0.112408614026613,4
2.5,1,TRUE,TRUE,1,"SSP5_8_5",2.5,1,TRUE,TRUE,1,"SSP5_8_5",22.6548983945026,0.110059933295646,4
2.5,1.15,TRUE,TRUE,1,"SSP1_1_9",2.5,1.15,TRUE,TRUE,1,"SSP1_1_9",37.30448997452,0.000519286917680339,3
2.5,1.15,TRUE,TRUE,1,"SSP1_2_6",2.5,1.15,TRUE,TRUE,1,"SSP1_2_6",35.4241450405726,0.000535604600222926,4
2.5,1.15,TRUE,TRUE,1,"SSP2_4_5",2.5,1.15,TRUE,TRUE,1,"SSP2_4_5",32.6728728054116,0.114184602936286,3
2.5,1.15,TRUE,TRUE,1,"SSP3_7_0",2.5,1.15,TRUE,TRUE,1,"SSP3_7_0",27.4163621759916,0.12331673856144,4
2.5,1.15,TRUE,TRUE,1,"SSP5_8_5",2.5,1.15,TRUE,TRUE,1,"SSP5_8_5",23.9098477011877,0.121622662571521,4
2.5,1.3,TRUE,TRUE,1,"SSP1_1_9",2.5,1.3,TRUE,TRUE,1,"SSP1_1_9",37.662350925875,0.00178980231246515,3
2.5,1.3,TRUE,TRUE,1,"SSP1_2_6",2.5,1.3,TRUE,TRUE,1,"SSP1_2_6",36.9365512025131,0.00178028909213181,4
2.5,1.3,TRUE,TRUE,1,"SSP2_4_5",2.5,1.3,TRUE,TRUE,1,"SSP2_4_5",33.6593334838576,0.128516389639892,3
2.5,1.3,TRUE,TRUE,1,"SSP3_7_0",2.5,1.3,TRUE,TRUE,1,"SSP3_7_0",28.7944005133962,0.132658589413757,4
2.5,1.3,TRUE,TRUE,1,"SSP5_8_5",2.5,1.3,TRUE,TRUE,1,"SSP5_8_5",25.0974471201276,0.131927779731223,4
2.5,1.45,TRUE,TRUE,1,"SSP1_1_9",2.5,1.45,TRUE,TRUE,1,"SSP1_1_9",37.9052002751467,0.00427146313009609,3
2.5,1.45,TRUE,TRUE,1,"SSP1_2_6",2.5,1.45,TRUE,TRUE,1,"SSP1_2_6",37.584914968064,0.00425562527325411,4
2.5,1.45,TRUE,TRUE,1,"SSP2_4_5",2.5,1.45,TRUE,TRUE,1,"SSP2_4_5",34.46091392527,0.143417782464293,3
2.5,1.45,TRUE,TRUE,1,"SSP3_7_0",2.5,1.45,TRUE,TRUE,1,"SSP3_7_0",30.1559157336482,0.142479996458423,4
2.5,1.45,TRUE,TRUE,1,"SSP5_8_5",2.5,1.45,TRUE,TRUE,1,"SSP5_8_5",26.2753084749487,0.142386813660132,4
2.5,1.6,TRUE,TRUE,1,"SSP1_1_9",2.5,1.6,TRUE,TRUE,1,"SSP1_1_9",38.0490355811288,0.00594422127730284,3
2.5,1.6,TRUE,TRUE,1,"SSP1_2_6",2.5,1.6,TRUE,TRUE,1,"SSP1_2_6",37.8866440865505,0.0059467257966423,4
2.5,1.6,TRUE,TRUE,1,"SSP2_4_5",2.5,1.6,TRUE,TRUE,1,"SSP2_4_5",35.1338477528159,0.0964717622659917,4
2.5,1.6,TRUE,TRUE,1,"SSP3_7_0",2.5,1.6,TRUE,TRUE,1,"SSP3_7_0",31.4348290930842,0.156332789814921,4
2.5,1.6,TRUE,TRUE,1,"SSP5_8_5",2.5,1.6,TRUE,TRUE,1,"SSP5_8_5",27.3786659325365,0.150436594353804,4
2.5,1.75,TRUE,TRUE,1,"SSP1_1_9",2.5,1.75,TRUE,TRUE,1,"SSP1_1_9",38.2906332103217,0.0156302718194033,4
2.5,1.75,TRUE,TRUE,1,"SSP1_2_6",2.5,1.75,TRUE,TRUE,1,"SSP1_2_6",38.1841371816854,0.0107543790488126,4
2.5,1.75,TRUE,TRUE,1,"SSP2_4_5",2.5,1.75,TRUE,TRUE,1,"SSP2_4_5",35.9144115694512,0.0556848822995196,4
2.5,1.75,TRUE,TRUE,1,"SSP3_7_0",2.5,1.75,TRUE,TRUE,1,"SSP3_7_0",32.764870530007,0.165753190916898,3
2.5,1.75,TRUE,TRUE,1,"SSP5_8_5",2.5,1.75,TRUE,TRUE,1,"SSP5_8_5",28.5522004054958,0.158800695964643,4
2.5,1.9,TRUE,TRUE,1,"SSP1_1_9",2.5,1.9,TRUE,TRUE,1,"SSP1_1_9",38.7811979674968,0.00893450743333153,2
2.5,1.9,TRUE,TRUE,1,"SSP1_2_6",2.5,1.9,TRUE,TRUE,1,"SSP1_2_6",38.4715413566098,0.0162950007677634,4
2.5,1.9,TRUE,TRUE,1,"SSP2_4_5",2.5,1.9,TRUE,TRUE,1,"SSP2_4_5",36.7352765314403,0.0278280464968048,4
2.5,1.9,TRUE,TRUE,1,"SSP3_7_0",2.5,1.9,TRUE,TRUE,1,"SSP3_7_0",34.068619141629,0.129590867750782,4
2.5,1.9,TRUE,TRUE,1,"SSP5_8_5",2.5,1.9,TRUE,TRUE,1,"SSP5_8_5",29.8087292886216,0.166327007750432,4
2.5,2.05,TRUE,TRUE,1,"SSP1_1_9",2.5,2.05,TRUE,TRUE,1,"SSP1_1_9",39.5803269988261,0,2
2.5,2.05,TRUE,TRUE,1,"SSP1_2_6",2.5,2.05,TRUE,TRUE,1,"SSP1_2_6",38.7614245201955,0.0229684169709176,3
2.5,2.05,TRUE,TRUE,1,"SSP2_4_5",2.5,2.05,TRUE,TRUE,1,"SSP2_4_5",37.6960395360505,0.0218875159232137,4
2.5,2.05,TRUE,TRUE,1,"SSP3_7_0",2.5,2.05,TRUE,TRUE,1,"SSP3_7_0",35.2472021914455,0.107063798382389,4
2.5,2.05,TRUE,TRUE,1,"SSP5_8_5",2.5,2.05,TRUE,TRUE,1,"SSP5_8_5",31.4049106207333,0.179415130443576,4
2.5,2.2,TRUE,TRUE,1,"SSP1_1_9",2.5,2.2,TRUE,TRUE,1,"SSP1_1_9",40.1118329838582,0,2
2.5,2.2,TRUE,TRUE,1,"SSP1_2_6",2.5,2.2,TRUE,TRUE,1,"SSP1_2_6",39.1899740479844,0.00493699084243595,2
2.5,2.2,TRUE,TRUE,1,"SSP2_4_5",2.5,2.2,TRUE,TRUE,1,"SSP2_4_5",38.4606321354402,0.0269928096823444,4
2.5,2.2,TRUE,TRUE,1,"SSP3_7_0",2.5,2.2,TRUE,TRUE,1,"SSP3_7_0",36.2330134752805,0.0771166867995506,4
2.5,2.2,TRUE,TRUE,1,"SSP5_8_5",2.5,2.2,TRUE,TRUE,1,"SSP5_8_5",33.0569016700528,0.0960408719713456,4
2.5,2.35,TRUE,TRUE,1,"SSP1_1_9",2.5,2.35,TRUE,TRUE,1,"SSP1_1_9",40.3452901377466,-2.46561575506791e-15,2
2.5,2.35,TRUE,TRUE,1,"SSP1_2_6",2.5,2.35,TRUE,TRUE,1,"SSP1_2_6",39.7840495082095,0,2
2.5,2.35,TRUE,TRUE,1,"SSP2_4_5",2.5,2.35,TRUE,TRUE,1,"SSP2_4_5",38.8782282878023,0.0317211990337026,3
2.5,2.35,TRUE,TRUE,1,"SSP3_7_0",2.5,2.35,TRUE,TRUE,1,"SSP3_7_0",36.9857175531668,0.0520468993375168,4
2.5,2.35,TRUE,TRUE,1,"SSP5_8_5",2.5,2.35,TRUE,TRUE,1,"SSP5_8_5",34.6065510159287,0.0774052460524436,4
2.5,2.5,TRUE,TRUE,1,"SSP1_1_9",2.5,2.5,TRUE,TRUE,1,"SSP1_1_9",40.4527874083271,0,2
2.5,2.5,TRUE,TRUE,1,"SSP1_2_6",2.5,2.5,TRUE,TRUE,1,"SSP1_2_6",40.1434546249568,0,2
2.5,2.5,TRUE,TRUE,1,"SSP2_4_5",2.5,2.5,TRUE,TRUE,1,"SSP2_4_5",39.1636523412478,0.0311606689515929,4
2.5,2.5,TRUE,TRUE,1,"SSP3_7_0",2.5,2.5,TRUE,TRUE,1,"SSP3_7_0",37.6584399386938,0.033421802923835,4
2.5,2.5,TRUE,TRUE,1,"SSP5_8_5",2.5,2.5,TRUE,TRUE,1,"SSP5_8_5",35.8398296528052,0.0570426025558714,4
