922,43.5169726725614,0.8,1,83,52.8892608773976,2.5,1,TRUE,TRUE,1,SSP1_1_9,AM_85,experiment1
922,50.7721693109348,0.8,1,83,52.8892608773976,2.5,1,TRUE,TRUE,1,SSP1_1_9,AM_85,experiment1
924,56.8473093789412,1,1,83,52.8892608773976,2.5,1,TRUE,TRUE,1,SSP1_1_9,AM_85,experiment1
914,8.24524661313761,0,1,83,52.8892608773976,2.5,1,TRUE,TRUE,1,SSP1_1_9,AM_85,experiment1
921,59.8935906062418,0.7,1,83,52.8892608773976,2.5,1,TRUE,TRUE,1,SSP1_1_9,AM_85,experiment1
919,44.5982448287603,0.5,1,83,52.8892608773976,2.5,1,TRUE,TRUE,1,SSP1_1_9,AM_85,experiment1
921,59.0906269529041,0.7,1,83,52.8892608773976,2.5,1,TRUE,TRUE,1,SSP1_1_9,AM_85,experiment1
920,50.182140914145,0.6,1,83,52.8892608773976,2.5,1,TRUE,TRUE,1,SSP1_1_9,AM_85,experiment1
920,59.2599954136902,0.6,1,83,52.8892608773976,2.5,1,TRUE,TRUE,1,SSP1_1_9,AM_85,experiment1
914,2.8991851659789,0,1,83,52.8892608773976,2.5,1,TRUE,TRUE,1,SSP1_1_9,AM_85,experiment1
919,57.0087248209102,0.5,1,83,52.8892608773976,2.5,1,TRUE,TRUE,1,SSP1_1_9,AM_85,experiment1
918,33.3966282183476,0.4,1,83,52.8892608773976,2.5,1,TRUE,TRUE,1,SSP1_1_9,AM_85,experiment1
918,47.9054391143553,0.4,1,83,52.8892608773976,2.5,1,TRUE,TRUE,1,SSP1_1_9,AM_85,experiment1
914,12.5878370532023,0,1,83,52.8892608773976,2.5,1,TRUE,TRUE,1,SSP1_1_9,AM_85,experiment1
921,42.8407584129583,0.7,1,83,52.8892608773976,2.5,1,TRUE,TRUE,1,SSP1_1_9,AM_85,experiment1
923,56.5451194255987,0.9,1,83,52.8892608773976,2.5,1,TRUE,TRUE,1,SSP1_1_9,AM_85,experiment1
914,2.4996400269994,0,1,83,52.8892608773976,2.5,1,TRUE,TRUE,1,SSP1_1_9,AM_85,experiment1
924,56.161723589007,1,1,83,52.8892608773976,2.5,1,TRUE,TRUE,1,SSP1_1_9,AM_85,experiment1
920,57.5058285897175,0.6,1,83,52.8892608773976,2.5,1,TRUE,TRUE,1,SSP1_1_9,AM_85,experiment1
917,56.5117275806341,0.3,1,83,52.8892608773976,2.5,1,TRUE,TRUE,1,SSP1_1_9,AM_85,experiment1
920,55.7606453973649,0.6,1,83,52.8892608773976,2.5,1,TRUE,TRUE,1,SSP1_1_9,AM_85,experiment1
919,49.4819569579453,0.5,1,83,52.8892608773976,2.5,1,TRUE,TRUE,1,SSP1_1_9,AM_85,experiment1
921,60.2444210633999,0.7,1,83,52.8892608773976,2.5,1,TRUE,TRUE,1,SSP1_1_9,AM_85,experiment1
923,53.5831650288485,0.9,1,83,52.8892608773976,2.5,1,TRUE,TRUE,1,SSP1_1_9,AM_85,experiment1
921,59.5360201656378,0.7,1,83,52.8892608773976,2.5,1,TRUE,TRUE,1,SSP1_1_9,AM_85,experiment1
920,48.4963348394263,0.6,1,83,52.8892608773976,2.5,1,TRUE,TRUE,1,SSP1_1_9,AM_85,experiment1
920,55.3174655813152,0.6,1,83,52.8892608773976,2.5,1,TRUE,TRUE,1,SSP1_1_9,AM_85,experiment1
919,49.4197185076011,0.5,1,83,52.8892608773976,2.5,1,TRUE,TRUE,1,SSP1_1_9,AM_85,experiment1
915,49.6731219417332,0.1,1,83,52.8892608773976,2.5,1,TRUE,TRUE,1,SSP1_1_9,AM_85,experiment1
921,56.8527899936209,0.7,1,83,52.8892608773976,2.5,1,TRUE,TRUE,1,SSP1_1_9,AM_85,experiment1
918,60.3449737498251,0.4,1,83,52.8892608773976,2.5,1,TRUE,TRUE,1,SSP1_1_9,AM_85,experiment1
924,63.8342464963969,1,1,83,52.8892608773976,2.5,1,TRUE,TRUE,1,SSP1_1_9,AM_85,experiment1
922,54.8692730765275,0.8,1,83,52.8892608773976,2.5,1,TRUE,TRUE,1,SSP1_1_9,AM_85,experiment1
923,58.2529376374245,0.9,1,83,52.8892608773976,2.5,1,TRUE,TRUE,1,SSP1_1_9,AM_85,experiment1
922,60.6420860914833,0.8,1,83,52.8892608773976,2.5,1,TRUE,TRUE,1,SSP1_1_9,AM_85,experiment1
920,55.5171890560416,0.6,1,83,52.8892608773976,2.5,1,TRUE,TRUE,1,SSP1_1_9,AM_85,experiment1
921,49.2082555305721,0.7,1,83,52.8892608773976,2.5,1,TRUE,TRUE,1,SSP1_1_9,AM_85,experiment1
922,58.7341534578136,0.8,1,83,52.8892608773976,2.5,1,TRUE,TRUE,1,SSP1_1_9,AM_85,experiment1
923,57.8019011384675,0.9,1,83,52.8892608773976,2.5,1,TRUE,TRUE,1,SSP1_1_9,AM_85,experiment1
923,51.482586507629,0.9,1,83,52.8892608773976,2.5,1,TRUE,TRUE,1,SSP1_1_9,AM_85,experiment1
919,53.6809857481702,0.5,1,83,52.8892608773976,2.5,1,TRUE,TRUE,1,SSP1_1_9,AM_85,experiment1
922,54.0835780719695,0.8,1,83,52.8892608773976,2.5,1,TRUE,TRUE,1,SSP1_1_9,AM_85,experiment1
920,55.7685470684125,0.6,1,83,52.8892608773976,2.5,1,TRUE,TRUE,1,SSP1_1_9,AM_85,experiment1
917,53.8807059634809,0.3,1,83,52.8892608773976,2.5,1,TRUE,TRUE,1,SSP1_1_9,AM_85,experiment1
920,52.086643087371,0.6,1,83,52.8892608773976,2.5,1,TRUE,TRUE,1,SSP1_1_9,AM_85,experiment1
923,60.5001079143896,0.9,1,83,52.8892608773976,2.5,1,TRUE,TRUE,1,SSP1_1_9,AM_85,experiment1
924,58.3473527615461,1,1,83,52.8892608773976,2.5,1,TRUE,TRUE,1,SSP1_1_9,AM_85,experiment1
921,58.364249872945,0.7,1,83,52.8892608773976,2.5,1,TRUE,TRUE,1,SSP1_1_9,AM_85,experiment1
924,46.2275408903728,1,1,83,52.8892608773976,2.5,1,TRUE,TRUE,1,SSP1_1_9,AM_85,experiment1
923,59.2400428110526,0.9,1,83,52.8892608773976,2.5,1,TRUE,TRUE,1,SSP1_1_9,AM_85,experiment1
923,58.0420400470453,0.9,1,83,52.8892608773976,2.5,1,TRUE,TRUE,1,SSP1_1_9,AM_85,experiment1
921,56.3949656854737,0.7,1,83,52.8892608773976,2.5,1,TRUE,TRUE,1,SSP1_1_9,AM_85,experiment1
924,60.0288789222641,1,1,83,52.8892608773976,2.5,1,TRUE,TRUE,1,SSP1_1_9,AM_85,experiment1
920,47.9916773700616,0.6,1,83,52.8892608773976,2.5,1,TRUE,TRUE,1,SSP1_1_9,AM_85,experiment1
922,44.1143628507374,0.8,1,83,52.8892608773976,2.5,1,TRUE,TRUE,1,SSP1_1_9,AM_85,experiment1
921,52.578524788061,0.7,1,83,52.8892608773976,2.5,1,TRUE,TRUE,1,SSP1_1_9,AM_85,experiment1
921,54.3271120873465,0.7,1,83,52.8892608773976,2.5,1,TRUE,TRUE,1,SSP1_1_9,AM_85,experiment1
920,45.7178433090567,0.6,1,83,52.8892608773976,2.5,1,TRUE,TRUE,1,SSP1_1_9,AM_85,experiment1
921,57.7545117234,0.7,1,83,52.8892608773976,2.5,1,TRUE,TRUE,1,SSP1_1_9,AM_85,experiment1
922,49.3286936167259,0.8,1,83,52.8892608773976,2.5,1,TRUE,TRUE,1,SSP1_1_9,AM_85,experiment1
921,51.5905261371503,0.7,1,83,52.8892608773976,2.5,1,TRUE,TRUE,1,SSP1_1_9,AM_85,experiment1
918,53.1727538970255,0.4,1,83,52.8892608773976,2.5,1,TRUE,TRUE,1,SSP1_1_9,AM_85,experiment1
922,48.4112993902894,0.8,1,83,52.8892608773976,2.5,1,TRUE,TRUE,1,SSP1_1_9,AM_85,experiment1
919,50.2245070976307,0.5,1,83,52.8892608773976,2.5,1,TRUE,TRUE,1,SSP1_1_9,AM_85,experiment1
923,47.6206009264557,0.9,1,83,52.8892608773976,2.5,1,TRUE,TRUE,1,SSP1_1_9,AM_85,experiment1
922,55.9596086340546,0.8,1,83,52.8892608773976,2.5,1,TRUE,TRUE,1,SSP1_1_9,AM_85,experiment1
923,54.8625952642872,0.9,1,83,52.8892608773976,2.5,1,TRUE,TRUE,1,SSP1_1_9,AM_85,experiment1
919,49.382598903296,0.5,1,83,52.8892608773976,2.5,1,TRUE,TRUE,1,SSP1_1_9,AM_85,experiment1
923,51.3837136153733,0.9,1,83,52.8892608773976,2.5,1,TRUE,TRUE,1,SSP1_1_9,AM_85,experiment1
924,42.4018189742825,1,1,83,52.8892608773976,2.5,1,TRUE,TRUE,1,SSP1_1_9,AM_85,experiment1
919,51.8655457056092,0.5,1,83,52.8892608773976,2.5,1,TRUE,TRUE,1,SSP1_1_9,AM_85,experiment1
923,53.7685929916599,0.9,1,83,52.8892608773976,2.5,1,TRUE,TRUE,1,SSP1_1_9,AM_85,experiment1
914,56.5333168380926,0,1,83,52.8892608773976,2.5,1,TRUE,TRUE,1,SSP1_1_9,AM_85,experiment1
923,58.1455473046282,0.9,1,83,52.8892608773976,2.5,1,TRUE,TRUE,1,SSP1_1_9,AM_85,experiment1
921,49.8012333326215,0.7,1,83,52.8892608773976,2.5,1,TRUE,TRUE,1,SSP1_1_9,AM_85,experiment1
923,58.3479980021552,0.9,1,83,52.8892608773976,2.5,1,TRUE,TRUE,1,SSP1_1_9,AM_85,experiment1
920,51.7934983439552,0.6,1,83,52.8892608773976,2.5,1,TRUE,TRUE,1,SSP1_1_9,AM_85,experiment1
914,27.636275757426,0,1,83,52.8892608773976,2.5,1,TRUE,TRUE,1,SSP1_1_9,AM_85,experiment1
922,57.2608583664199,0.8,1,83,52.8892608773976,2.5,1,TRUE,TRUE,1,SSP1_1_9,AM_85,experiment1
919,55.9827955145251,0.5,1,83,52.8892608773976,2.5,1,TRUE,TRUE,1,SSP1_1_9,AM_85,experiment1
920,56.5544107422421,0.6,1,83,52.8892608773976,2.5,1,TRUE,TRUE,1,SSP1_1_9,AM_85,experiment1
923,54.7564387511777,0.9,1,83,52.8892608773976,2.5,1,TRUE,TRUE,1,SSP1_1_9,AM_85,experiment1
923,54.570432903541,0.9,1,83,52.8892608773976,2.5,1,TRUE,TRUE,1,SSP1_1_9,AM_85,experiment1
917,45.7947759395685,0.3,1,83,52.8892608773976,2.5,1,TRUE,TRUE,1,SSP1_1_9,AM_85,experiment1
920,55.3640252821958,0.6,1,83,52.8892608773976,2.5,1,TRUE,TRUE,1,SSP1_1_9,AM_85,experiment1
921,55.5528279454926,0.7,1,83,52.8892608773976,2.5,1,TRUE,TRUE,1,SSP1_1_9,AM_85,experiment1
918,46.8080831502205,0.4,1,83,52.8892608773976,2.5,1,TRUE,TRUE,1,SSP1_1_9,AM_85,experiment1
914,45.3334853579081,0,1,83,52.8892608773976,2.5,1,TRUE,TRUE,1,SSP1_1_9,AM_85,experiment1
917,49.6130291055809,0.3,1,83,52.8892608773976,2.5,1,TRUE,TRUE,1,SSP1_1_9,AM_85,experiment1
921,47.1982102920243,0.7,1,83,52.8892608773976,2.5,1,TRUE,TRUE,1,SSP1_1_9,AM_85,experiment1
922,36.8367886587351,0.8,1,83,52.8892608773976,2.5,1,TRUE,TRUE,1,SSP1_1_9,AM_85,experiment1
921,49.5825925858621,0.7,1,83,52.8892608773976,2.5,1,TRUE,TRUE,1,SSP1_1_9,AM_85,experiment1
919,56.7614841981194,0.5,1,83,52.8892608773976,2.5,1,TRUE,TRUE,1,SSP1_1_9,AM_85,experiment1
921,55.7589358925707,0.7,1,83,52.8892608773976,2.5,1,TRUE,TRUE,1,SSP1_1_9,AM_85,experiment1
918,44.1735183238787,0.4,1,83,52.8892608773976,2.5,1,TRUE,TRUE,1,SSP1_1_9,AM_85,experiment1
923,52.2816206879127,0.9,1,83,52.8892608773976,2.5,1,TRUE,TRUE,1,SSP1_1_9,AM_85,experiment1
922,51.278783818862,0.8,1,83,52.8892608773976,2.5,1,TRUE,TRUE,1,SSP1_1_9,AM_85,experiment1
919,55.5674290081776,0.5,1,83,52.8892608773976,2.5,1,TRUE,TRUE,1,SSP1_1_9,AM_85,experiment1
921,57.765445215272,0.7,1,83,52.8892608773976,2.5,1,TRUE,TRUE,1,SSP1_1_9,AM_85,experiment1
914,13.5871471222977,0,1,83,52.8892608773976,2.5,1,TRUE,TRUE,1,SSP1_1_9,AM_85,experiment1
914,27.8472451869315,0,1,83,58.6108880912831,2.5,2.5,TRUE,TRUE,1,SSP1_1_9,AM_85,experiment1
921,59.6990611938463,0.7,1,83,58.6108880912831,2.5,2.5,TRUE,TRUE,1,SSP1_1_9,AM_85,experiment1
922,65.6198857729758,0.8,1,83,58.6108880912831,2.5,2.5,TRUE,TRUE,1,SSP1_1_9,AM_85,experiment1
921,67.8206462344503,0.7,1,83,58.6108880912831,2.5,2.5,TRUE,TRUE,1,SSP1_1_9,AM_85,experiment1
920,61.0440867521744,0.6,1,83,58.6108880912831,2.5,2.5,TRUE,TRUE,1,SSP1_1_9,AM_85,experiment1
920,64.5362210654866,0.6,1,83,58.6108880912831,2.5,2.5,TRUE,TRUE,1,SSP1_1_9,AM_85,experiment1
920,59.4966085575039,0.6,1,83,58.6108880912831,2.5,2.5,TRUE,TRUE,1,SSP1_1_9,AM_85,experiment1
920,62.6376097814136,0.6,1,83,58.6108880912831,2.5,2.5,TRUE,TRUE,1,SSP1_1_9,AM_85,experiment1
922,60.13310016886,0.8,1,83,58.6108880912831,2.5,2.5,TRUE,TRUE,1,SSP1_1_9,AM_85,experiment1
914,18.9787646457909,0,1,83,58.6108880912831,2.5,2.5,TRUE,TRUE,1,SSP1_1_9,AM_85,experiment1
921,61.4404274408669,0.7,1,83,58.6108880912831,2.5,2.5,TRUE,TRUE,1,SSP1_1_9,AM_85,experiment1
920,62.3463072922411,0.6,1,83,58.6108880912831,2.5,2.5,TRUE,TRUE,1,SSP1_1_9,AM_85,experiment1
921,61.9403345055248,0.7,1,83,58.6108880912831,2.5,2.5,TRUE,TRUE,1,SSP1_1_9,AM_85,experiment1
923,64.1304081434411,0.9,1,83,58.6108880912831,2.5,2.5,TRUE,TRUE,1,SSP1_1_9,AM_85,experiment1
921,68.2150197676606,0.7,1,83,58.6108880912831,2.5,2.5,TRUE,TRUE,1,SSP1_1_9,AM_85,experiment1
920,35.488305710059,0.6,1,83,58.6108880912831,2.5,2.5,TRUE,TRUE,1,SSP1_1_9,AM_85,experiment1
919,62.3445445695693,0.5,1,83,58.6108880912831,2.5,2.5,TRUE,TRUE,1,SSP1_1_9,AM_85,experiment1
920,64.8213413674701,0.6,1,83,58.6108880912831,2.5,2.5,TRUE,TRUE,1,SSP1_1_9,AM_85,experiment1
923,62.7342428287794,0.9,1,83,58.6108880912831,2.5,2.5,TRUE,TRUE,1,SSP1_1_9,AM_85,experiment1
919,60.1448298639511,0.5,1,83,58.6108880912831,2.5,2.5,TRUE,TRUE,1,SSP1_1_9,AM_85,experiment1
922,61.9245727580081,0.8,1,83,58.6108880912831,2.5,2.5,TRUE,TRUE,1,SSP1_1_9,AM_85,experiment1
923,61.3412599702878,0.9,1,83,58.6108880912831,2.5,2.5,TRUE,TRUE,1,SSP1_1_9,AM_85,experiment1
915,60.3501290928516,0.1,1,83,58.6108880912831,2.5,2.5,TRUE,TRUE,1,SSP1_1_9,AM_85,experiment1
922,65.1343851405492,0.8,1,83,58.6108880912831,2.5,2.5,TRUE,TRUE,1,SSP1_1_9,AM_85,experiment1
922,62.7456418130645,0.8,1,83,58.6108880912831,2.5,2.5,TRUE,TRUE,1,SSP1_1_9,AM_85,experiment1
920,48.1169092316185,0.6,1,83,58.6108880912831,2.5,2.5,TRUE,TRUE,1,SSP1_1_9,AM_85,experiment1
922,68.1215143767984,0.8,1,83,58.6108880912831,2.5,2.5,TRUE,TRUE,1,SSP1_1_9,AM_85,experiment1
919,60.3632052326014,0.5,1,83,58.6108880912831,2.5,2.5,TRUE,TRUE,1,SSP1_1_9,AM_85,experiment1
923,58.5454275283951,0.9,1,83,58.6108880912831,2.5,2.5,TRUE,TRUE,1,SSP1_1_9,AM_85,experiment1
919,64.7162062045959,0.5,1,83,58.6108880912831,2.5,2.5,TRUE,TRUE,1,SSP1_1_9,AM_85,experiment1
923,61.1553685533054,0.9,1,83,58.6108880912831,2.5,2.5,TRUE,TRUE,1,SSP1_1_9,AM_85,experiment1
919,69.215448748483,0.5,1,83,58.6108880912831,2.5,2.5,TRUE,TRUE,1,SSP1_1_9,AM_85,experiment1
924,62.0306481926107,1,1,83,58.6108880912831,2.5,2.5,TRUE,TRUE,1,SSP1_1_9,AM_85,experiment1
921,59.4562617055361,0.7,1,83,58.6108880912831,2.5,2.5,TRUE,TRUE,1,SSP1_1_9,AM_85,experiment1
923,56.9581582355954,0.9,1,83,58.6108880912831,2.5,2.5,TRUE,TRUE,1,SSP1_1_9,AM_85,experiment1
918,57.6657409702002,0.4,1,83,58.6108880912831,2.5,2.5,TRUE,TRUE,1,SSP1_1_9,AM_85,experiment1
924,60.5007567440403,1,1,83,58.6108880912831,2.5,2.5,TRUE,TRUE,1,SSP1_1_9,AM_85,experiment1
920,67.3208676682142,0.6,1,83,58.6108880912831,2.5,2.5,TRUE,TRUE,1,SSP1_1_9,AM_85,experiment1
914,38.0990269725748,0,1,83,58.6108880912831,2.5,2.5,TRUE,TRUE,1,SSP1_1_9,AM_85,experiment1
914,34.1158347614212,0,1,83,58.6108880912831,2.5,2.5,TRUE,TRUE,1,SSP1_1_9,AM_85,experiment1
914,1,0,1,83,58.6108880912831,2.5,2.5,TRUE,TRUE,1,SSP1_1_9,AM_85,experiment1
914,7.29695070489831,0,1,83,58.6108880912831,2.5,2.5,TRUE,TRUE,1,SSP1_1_9,AM_85,experiment1
914,9.99308286519906,0,1,83,58.6108880912831,2.5,2.5,TRUE,TRUE,1,SSP1_1_9,AM_85,experiment1
915,49.4921390815815,0.1,1,83,58.6108880912831,2.5,2.5,TRUE,TRUE,1,SSP1_1_9,AM_85,experiment1
921,61.8435819144672,0.7,1,83,58.6108880912831,2.5,2.5,TRUE,TRUE,1,SSP1_1_9,AM_85,experiment1
921,68.4039116406187,0.7,1,83,58.6108880912831,2.5,2.5,TRUE,TRUE,1,SSP1_1_9,AM_85,experiment1
919,58.7596549611991,0.5,1,83,58.6108880912831,2.5,2.5,TRUE,TRUE,1,SSP1_1_9,AM_85,experiment1
923,59.2315550185355,0.9,1,83,58.6108880912831,2.5,2.5,TRUE,TRUE,1,SSP1_1_9,AM_85,experiment1
914,13.9860286882257,0,1,83,58.6108880912831,2.5,2.5,TRUE,TRUE,1,SSP1_1_9,AM_85,experiment1
922,57.0740382570861,0.8,1,83,58.6108880912831,2.5,2.5,TRUE,TRUE,1,SSP1_1_9,AM_85,experiment1
922,60.7458862936252,0.8,1,83,58.6108880912831,2.5,2.5,TRUE,TRUE,1,SSP1_1_9,AM_85,experiment1
921,66.0137118471041,0.7,1,83,58.6108880912831,2.5,2.5,TRUE,TRUE,1,SSP1_1_9,AM_85,experiment1
924,62.1500236863973,1,1,83,58.6108880912831,2.5,2.5,TRUE,TRUE,1,SSP1_1_9,AM_85,experiment1
922,49.4939046734549,0.8,1,83,58.6108880912831,2.5,2.5,TRUE,TRUE,1,SSP1_1_9,AM_85,experiment1
914,3.4992500829959,0,1,83,58.6108880912831,2.5,2.5,TRUE,TRUE,1,SSP1_1_9,AM_85,experiment1
914,50.3441665222962,0,1,83,58.6108880912831,2.5,2.5,TRUE,TRUE,1,SSP1_1_9,AM_85,experiment1
918,62.653877579586,0.4,1,83,58.6108880912831,2.5,2.5,TRUE,TRUE,1,SSP1_1_9,AM_85,experiment1
924,66.9153469985235,1,1,83,58.6108880912831,2.5,2.5,TRUE,TRUE,1,SSP1_1_9,AM_85,experiment1
924,55.4985566010456,1,1,83,58.6108880912831,2.5,2.5,TRUE,TRUE,1,SSP1_1_9,AM_85,experiment1
920,61.1797013416963,0.6,1,83,58.6108880912831,2.5,2.5,TRUE,TRUE,1,SSP1_1_9,AM_85,experiment1
921,60.9453520189046,0.7,1,83,58.6108880912831,2.5,2.5,TRUE,TRUE,1,SSP1_1_9,AM_85,experiment1
922,68.4044353604441,0.8,1,83,58.6108880912831,2.5,2.5,TRUE,TRUE,1,SSP1_1_9,AM_85,experiment1
923,65.423741731436,0.9,1,83,58.6108880912831,2.5,2.5,TRUE,TRUE,1,SSP1_1_9,AM_85,experiment1
915,59.5571396047947,0.1,1,83,58.6108880912831,2.5,2.5,TRUE,TRUE,1,SSP1_1_9,AM_85,experiment1
914,7.64572136322164,0,1,83,58.6108880912831,2.5,2.5,TRUE,TRUE,1,SSP1_1_9,AM_85,experiment1
921,69.0124945624473,0.7,1,83,58.6108880912831,2.5,2.5,TRUE,TRUE,1,SSP1_1_9,AM_85,experiment1
924,64.3277867484621,1,1,83,58.6108880912831,2.5,2.5,TRUE,TRUE,1,SSP1_1_9,AM_85,experiment1
921,65.7373148063326,0.7,1,83,58.6108880912831,2.5,2.5,TRUE,TRUE,1,SSP1_1_9,AM_85,experiment1
924,60.1335058451597,1,1,83,58.6108880912831,2.5,2.5,TRUE,TRUE,1,SSP1_1_9,AM_85,experiment1
923,68.7055904497666,0.9,1,83,58.6108880912831,2.5,2.5,TRUE,TRUE,1,SSP1_1_9,AM_85,experiment1
923,60.2437268905828,0.9,1,83,58.6108880912831,2.5,2.5,TRUE,TRUE,1,SSP1_1_9,AM_85,experiment1
922,69.1978325270815,0.8,1,83,58.6108880912831,2.5,2.5,TRUE,TRUE,1,SSP1_1_9,AM_85,experiment1
924,64.6233962457968,1,1,83,58.6108880912831,2.5,2.5,TRUE,TRUE,1,SSP1_1_9,AM_85,experiment1
920,62.5332793498052,0.6,1,83,58.6108880912831,2.5,2.5,TRUE,TRUE,1,SSP1_1_9,AM_85,experiment1
924,59.1530384066886,1,1,83,58.6108880912831,2.5,2.5,TRUE,TRUE,1,SSP1_1_9,AM_85,experiment1
920,58.9545890716615,0.6,1,83,58.6108880912831,2.5,2.5,TRUE,TRUE,1,SSP1_1_9,AM_85,experiment1
920,60.4289609657103,0.6,1,83,58.6108880912831,2.5,2.5,TRUE,TRUE,1,SSP1_1_9,AM_85,experiment1
923,63.7202194217624,0.9,1,83,58.6108880912831,2.5,2.5,TRUE,TRUE,1,SSP1_1_9,AM_85,experiment1
920,58.0582668680376,0.6,1,83,58.6108880912831,2.5,2.5,TRUE,TRUE,1,SSP1_1_9,AM_85,experiment1
920,50.8855418564924,0.6,1,83,58.6108880912831,2.5,2.5,TRUE,TRUE,1,SSP1_1_9,AM_85,experiment1
920,64.7144359198188,0.6,1,83,58.6108880912831,2.5,2.5,TRUE,TRUE,1,SSP1_1_9,AM_85,experiment1
924,59.7531970150081,1,1,83,58.6108880912831,2.5,2.5,TRUE,TRUE,1,SSP1_1_9,AM_85,experiment1
924,69.3074779639382,1,1,83,58.6108880912831,2.5,2.5,TRUE,TRUE,1,SSP1_1_9,AM_85,experiment1
922,63.4261443329268,0.8,1,83,58.6108880912831,2.5,2.5,TRUE,TRUE,1,SSP1_1_9,AM_85,experiment1
916,60.0565687867379,0.2,1,83,58.6108880912831,2.5,2.5,TRUE,TRUE,1,SSP1_1_9,AM_85,experiment1
919,67.8227917575359,0.5,1,83,58.6108880912831,2.5,2.5,TRUE,TRUE,1,SSP1_1_9,AM_85,experiment1
919,53.6763402022553,0.5,1,83,58.6108880912831,2.5,2.5,TRUE,TRUE,1,SSP1_1_9,AM_85,experiment1
922,52.4769074169125,0.8,1,83,58.6108880912831,2.5,2.5,TRUE,TRUE,1,SSP1_1_9,AM_85,experiment1
921,57.5676300119026,0.7,1,83,58.6108880912831,2.5,2.5,TRUE,TRUE,1,SSP1_1_9,AM_85,experiment1
923,58.4513170003819,0.9,1,83,58.6108880912831,2.5,2.5,TRUE,TRUE,1,SSP1_1_9,AM_85,experiment1
919,62.3566819595561,0.5,1,83,58.6108880912831,2.5,2.5,TRUE,TRUE,1,SSP1_1_9,AM_85,experiment1
920,58.1562699949551,0.6,1,83,58.6108880912831,2.5,2.5,TRUE,TRUE,1,SSP1_1_9,AM_85,experiment1
922,62.631042364745,0.8,1,83,58.6108880912831,2.5,2.5,TRUE,TRUE,1,SSP1_1_9,AM_85,experiment1
922,55.8069655584657,0.8,1,83,58.6108880912831,2.5,2.5,TRUE,TRUE,1,SSP1_1_9,AM_85,experiment1
922,58.2917454498149,0.8,1,83,58.6108880912831,2.5,2.5,TRUE,TRUE,1,SSP1_1_9,AM_85,experiment1
919,68.013235269239,0.5,1,83,58.6108880912831,2.5,2.5,TRUE,TRUE,1,SSP1_1_9,AM_85,experiment1
914,14.1881159709217,0,1,83,58.6108880912831,2.5,2.5,TRUE,TRUE,1,SSP1_1_9,AM_85,experiment1
914,3.2993200739964,0,1,83,58.6108880912831,2.5,2.5,TRUE,TRUE,1,SSP1_1_9,AM_85,experiment1
914,5.49821030797,0,1,83,58.6108880912831,2.5,2.5,TRUE,TRUE,1,SSP1_1_9,AM_85,experiment1
924,61.6482273932231,1,1,83,58.6108880912831,2.5,2.5,TRUE,TRUE,1,SSP1_1_9,AM_85,experiment1
918,56.9236847714374,0.4,1,83,52.3451229336074,1,1,TRUE,TRUE,1,SSP1_1_9,AM_85,experiment2
920,54.3203329977642,0.6,1,83,52.3451229336074,1,1,TRUE,TRUE,1,SSP1_1_9,AM_85,experiment2
923,51.3402952341237,0.9,1,83,52.3451229336074,1,1,TRUE,TRUE,1,SSP1_1_9,AM_85,experiment2
923,62.8850228765246,0.9,1,83,52.3451229336074,1,1,TRUE,TRUE,1,SSP1_1_9,AM_85,experiment2
914,7.09512212086829,0,1,83,52.3451229336074,1,1,TRUE,TRUE,1,SSP1_1_9,AM_85,experiment2
918,54.8165733807882,0.4,1,83,52.3451229336074,1,1,TRUE,TRUE,1,SSP1_1_9,AM_85,experiment2
924,57.7970185317908,1,1,83,52.3451229336074,1,1,TRUE,TRUE,1,SSP1_1_9,AM_85,experiment2
920,53.614182418876,0.6,1,83,52.3451229336074,1,1,TRUE,TRUE,1,SSP1_1_9,AM_85,experiment2
919,51.9575347982057,0.5,1,83,52.3451229336074,1,1,TRUE,TRUE,1,SSP1_1_9,AM_85,experiment2
920,57.0134053487913,0.6,1,83,52.3451229336074,1,1,TRUE,TRUE,1,SSP1_1_9,AM_85,experiment2
923,48.7402798142462,0.9,1,83,52.3451229336074,1,1,TRUE,TRUE,1,SSP1_1_9,AM_85,experiment2
917,50.6328810569238,0.3,1,83,52.3451229336074,1,1,TRUE,TRUE,1,SSP1_1_9,AM_85,experiment2
922,62.0981013492025,0.8,1,83,52.3451229336074,1,1,TRUE,TRUE,1,SSP1_1_9,AM_85,experiment2
922,56.1099419767493,0.8,1,83,52.3451229336074,1,1,TRUE,TRUE,1,SSP1_1_9,AM_85,experiment2
924,53.8093247022911,1,1,83,52.3451229336074,1,1,TRUE,TRUE,1,SSP1_1_9,AM_85,experiment2
922,47.250890370865,0.8,1,83,52.3451229336074,1,1,TRUE,TRUE,1,SSP1_1_9,AM_85,experiment2
920,62.5790660040895,0.6,1,83,52.3451229336074,1,1,TRUE,TRUE,1,SSP1_1_9,AM_85,experiment2
924,46.9419615331662,1,1,83,52.3451229336074,1,1,TRUE,TRUE,1,SSP1_1_9,AM_85,experiment2
919,47.5399024961654,0.5,1,83,52.3451229336074,1,1,TRUE,TRUE,1,SSP1_1_9,AM_85,experiment2
922,46.1765467397556,0.8,1,83,52.3451229336074,1,1,TRUE,TRUE,1,SSP1_1_9,AM_85,experiment2
914,17.2317121781831,0,1,83,52.3451229336074,1,1,TRUE,TRUE,1,SSP1_1_9,AM_85,experiment2
922,58.195858240495,0.8,1,83,52.3451229336074,1,1,TRUE,TRUE,1,SSP1_1_9,AM_85,experiment2
923,52.6342723209439,0.9,1,83,52.3451229336074,1,1,TRUE,TRUE,1,SSP1_1_9,AM_85,experiment2
916,55.2656327282199,0.2,1,83,52.3451229336074,1,1,TRUE,TRUE,1,SSP1_1_9,AM_85,experiment2
920,60.3941941961547,0.6,1,83,52.3451229336074,1,1,TRUE,TRUE,1,SSP1_1_9,AM_85,experiment2
920,51.1425234620781,0.6,1,83,52.3451229336074,1,1,TRUE,TRUE,1,SSP1_1_9,AM_85,experiment2
919,50.2436809510053,0.5,1,83,52.3451229336074,1,1,TRUE,TRUE,1,SSP1_1_9,AM_85,experiment2
918,58.1225560954102,0.4,1,83,52.3451229336074,1,1,TRUE,TRUE,1,SSP1_1_9,AM_85,experiment2
919,56.4186968796274,0.5,1,83,52.3451229336074,1,1,TRUE,TRUE,1,SSP1_1_9,AM_85,experiment2
921,56.6087550449311,0.7,1,83,52.3451229336074,1,1,TRUE,TRUE,1,SSP1_1_9,AM_85,experiment2
924,59.3043548215303,1,1,83,52.3451229336074,1,1,TRUE,TRUE,1,SSP1_1_9,AM_85,experiment2
922,52.534666844839,0.8,1,83,52.3451229336074,1,1,TRUE,TRUE,1,SSP1_1_9,AM_85,experiment2
921,60.5861006283981,0.7,1,83,52.3451229336074,1,1,TRUE,TRUE,1,SSP1_1_9,AM_85,experiment2
920,57.5074833671593,0.6,1,83,52.3451229336074,1,1,TRUE,TRUE,1,SSP1_1_9,AM_85,experiment2
923,65.4720156800341,0.9,1,83,52.3451229336074,1,1,TRUE,TRUE,1,SSP1_1_9,AM_85,experiment2
914,6.94625638161568,0,1,83,52.3451229336074,1,1,TRUE,TRUE,1,SSP1_1_9,AM_85,experiment2
914,23.4648792922403,0,1,83,52.3451229336074,1,1,TRUE,TRUE,1,SSP1_1_9,AM_85,experiment2
921,60.7842242414679,0.7,1,83,52.3451229336074,1,1,TRUE,TRUE,1,SSP1_1_9,AM_85,experiment2
921,59.014991278575,0.7,1,83,52.3451229336074,1,1,TRUE,TRUE,1,SSP1_1_9,AM_85,experiment2
922,54.2229875085548,0.8,1,83,52.3451229336074,1,1,TRUE,TRUE,1,SSP1_1_9,AM_85,experiment2
922,47.9292853988436,0.8,1,83,52.3451229336074,1,1,TRUE,TRUE,1,SSP1_1_9,AM_85,experiment2
923,50.9477185444585,0.9,1,83,52.3451229336074,1,1,TRUE,TRUE,1,SSP1_1_9,AM_85,experiment2
924,58.4109651605644,1,1,83,52.3451229336074,1,1,TRUE,TRUE,1,SSP1_1_9,AM_85,experiment2
924,58.6118027207315,1,1,83,52.3451229336074,1,1,TRUE,TRUE,1,SSP1_1_9,AM_85,experiment2
924,50.3060108501211,1,1,83,52.3451229336074,1,1,TRUE,TRUE,1,SSP1_1_9,AM_85,experiment2
922,56.5934298340244,0.8,1,83,52.3451229336074,1,1,TRUE,TRUE,1,SSP1_1_9,AM_85,experiment2
919,54.0264108717071,0.5,1,83,52.3451229336074,1,1,TRUE,TRUE,1,SSP1_1_9,AM_85,experiment2
920,62.5950921270337,0.6,1,83,52.3451229336074,1,1,TRUE,TRUE,1,SSP1_1_9,AM_85,experiment2
921,51.4264049198249,0.7,1,83,52.3451229336074,1,1,TRUE,TRUE,1,SSP1_1_9,AM_85,experiment2
922,42.6550504773589,0.8,1,83,52.3451229336074,1,1,TRUE,TRUE,1,SSP1_1_9,AM_85,experiment2
921,57.3128357816826,0.7,1,83,52.3451229336074,1,1,TRUE,TRUE,1,SSP1_1_9,AM_85,experiment2
914,34.1632408504806,0,1,83,52.3451229336074,1,1,TRUE,TRUE,1,SSP1_1_9,AM_85,experiment2
924,57.68881399952,1,1,83,52.3451229336074,1,1,TRUE,TRUE,1,SSP1_1_9,AM_85,experiment2
921,51.531046378362,0.7,1,83,52.3451229336074,1,1,TRUE,TRUE,1,SSP1_1_9,AM_85,experiment2
918,59.0076884895971,0.4,1,83,52.3451229336074,1,1,TRUE,TRUE,1,SSP1_1_9,AM_85,experiment2
921,55.4176110106316,0.7,1,83,52.3451229336074,1,1,TRUE,TRUE,1,SSP1_1_9,AM_85,experiment2
920,56.7079241759222,0.6,1,83,52.3451229336074,1,1,TRUE,TRUE,1,SSP1_1_9,AM_85,experiment2
919,61.5013576195732,0.5,1,83,52.3451229336074,1,1,TRUE,TRUE,1,SSP1_1_9,AM_85,experiment2
916,27.2072451168988,0.2,1,83,52.3451229336074,1,1,TRUE,TRUE,1,SSP1_1_9,AM_85,experiment2
924,53.6322557616416,1,1,83,52.3451229336074,1,1,TRUE,TRUE,1,SSP1_1_9,AM_85,experiment2
917,46.449648799853,0.3,1,83,52.3451229336074,1,1,TRUE,TRUE,1,SSP1_1_9,AM_85,experiment2
919,60.9977503175604,0.5,1,83,52.3451229336074,1,1,TRUE,TRUE,1,SSP1_1_9,AM_85,experiment2
923,55.7138144008667,0.9,1,83,52.3451229336074,1,1,TRUE,TRUE,1,SSP1_1_9,AM_85,experiment2
922,67.2216652878913,0.8,1,83,52.3451229336074,1,1,TRUE,TRUE,1,SSP1_1_9,AM_85,experiment2
924,51.54545895757,1,1,83,52.3451229336074,1,1,TRUE,TRUE,1,SSP1_1_9,AM_85,experiment2
920,61.891820316312,0.6,1,83,52.3451229336074,1,1,TRUE,TRUE,1,SSP1_1_9,AM_85,experiment2
924,52.5318997665849,1,1,83,52.3451229336074,1,1,TRUE,TRUE,1,SSP1_1_9,AM_85,experiment2
922,54.0083062551125,0.8,1,83,52.3451229336074,1,1,TRUE,TRUE,1,SSP1_1_9,AM_85,experiment2
922,55.2183594504486,0.8,1,83,52.3451229336074,1,1,TRUE,TRUE,1,SSP1_1_9,AM_85,experiment2
922,56.0059091038331,0.8,1,83,52.3451229336074,1,1,TRUE,TRUE,1,SSP1_1_9,AM_85,experiment2
914,7.49633105429813,0,1,83,52.3451229336074,1,1,TRUE,TRUE,1,SSP1_1_9,AM_85,experiment2
920,55.9265556479215,0.6,1,83,52.3451229336074,1,1,TRUE,TRUE,1,SSP1_1_9,AM_85,experiment2
921,57.6961124711452,0.7,1,83,52.3451229336074,1,1,TRUE,TRUE,1,SSP1_1_9,AM_85,experiment2
919,52.6420767482272,0.5,1,83,52.3451229336074,1,1,TRUE,TRUE,1,SSP1_1_9,AM_85,experiment2
923,60.3925241229535,0.9,1,83,52.3451229336074,1,1,TRUE,TRUE,1,SSP1_1_9,AM_85,experiment2
918,58.1182472204841,0.4,1,83,52.3451229336074,1,1,TRUE,TRUE,1,SSP1_1_9,AM_85,experiment2
916,42.5372934159991,0.2,1,83,52.3451229336074,1,1,TRUE,TRUE,1,SSP1_1_9,AM_85,experiment2
920,63.3832510337618,0.6,1,83,52.3451229336074,1,1,TRUE,TRUE,1,SSP1_1_9,AM_85,experiment2
920,59.1027115782199,0.6,1,83,52.3451229336074,1,1,TRUE,TRUE,1,SSP1_1_9,AM_85,experiment2
921,47.2548030319681,0.7,1,83,52.3451229336074,1,1,TRUE,TRUE,1,SSP1_1_9,AM_85,experiment2
918,58.1201538360174,0.4,1,83,52.3451229336074,1,1,TRUE,TRUE,1,SSP1_1_9,AM_85,experiment2
923,55.9089724787121,0.9,1,83,52.3451229336074,1,1,TRUE,TRUE,1,SSP1_1_9,AM_85,experiment2
919,59.8989036610358,0.5,1,83,52.3451229336074,1,1,TRUE,TRUE,1,SSP1_1_9,AM_85,experiment2
919,56.0309935797547,0.5,1,83,52.3451229336074,1,1,TRUE,TRUE,1,SSP1_1_9,AM_85,experiment2
914,56.2395365657337,0,1,83,52.3451229336074,1,1,TRUE,TRUE,1,SSP1_1_9,AM_85,experiment2
914,8.84471685456892,0,1,83,52.3451229336074,1,1,TRUE,TRUE,1,SSP1_1_9,AM_85,experiment2
921,54.9242867668875,0.7,1,83,52.3451229336074,1,1,TRUE,TRUE,1,SSP1_1_9,AM_85,experiment2
923,58.9048936048406,0.9,1,83,52.3451229336074,1,1,TRUE,TRUE,1,SSP1_1_9,AM_85,experiment2
922,54.3116694911797,0.8,1,83,52.3451229336074,1,1,TRUE,TRUE,1,SSP1_1_9,AM_85,experiment2
924,55.5954869169741,1,1,83,52.3451229336074,1,1,TRUE,TRUE,1,SSP1_1_9,AM_85,experiment2
921,43.1982021582024,0.7,1,83,52.3451229336074,1,1,TRUE,TRUE,1,SSP1_1_9,AM_85,experiment2
920,55.8126158029553,0.6,1,83,52.3451229336074,1,1,TRUE,TRUE,1,SSP1_1_9,AM_85,experiment2
922,55.2236277074559,0.8,1,83,52.3451229336074,1,1,TRUE,TRUE,1,SSP1_1_9,AM_85,experiment2
924,49.9091236568448,1,1,83,52.3451229336074,1,1,TRUE,TRUE,1,SSP1_1_9,AM_85,experiment2
924,50.5976421049656,1,1,83,52.3451229336074,1,1,TRUE,TRUE,1,SSP1_1_9,AM_85,experiment2
919,49.2377145257064,0.5,1,83,52.3451229336074,1,1,TRUE,TRUE,1,SSP1_1_9,AM_85,experiment2
924,59.4055613736293,1,1,83,52.3451229336074,1,1,TRUE,TRUE,1,SSP1_1_9,AM_85,experiment2
923,49.2219024425978,0.9,1,83,52.3451229336074,1,1,TRUE,TRUE,1,SSP1_1_9,AM_85,experiment2
922,38.6189944275828,0.8,1,83,52.3451229336074,1,1,TRUE,TRUE,1,SSP1_1_9,AM_85,experiment2
923,51.3219994918507,0.9,1,83,52.3451229336074,1,1,TRUE,TRUE,1,SSP1_1_9,AM_85,experiment2
921,52.3410531981272,0.7,1,83,52.8892608773976,2.5,1,TRUE,TRUE,1,SSP1_1_9,AM_85,experiment2
923,53.6260225295774,0.9,1,83,52.8892608773976,2.5,1,TRUE,TRUE,1,SSP1_1_9,AM_85,experiment2
921,60.402123735398,0.7,1,83,52.8892608773976,2.5,1,TRUE,TRUE,1,SSP1_1_9,AM_85,experiment2
921,59.5965626981564,0.7,1,83,52.8892608773976,2.5,1,TRUE,TRUE,1,SSP1_1_9,AM_85,experiment2
923,61.2846754467042,0.9,1,83,52.8892608773976,2.5,1,TRUE,TRUE,1,SSP1_1_9,AM_85,experiment2
920,57.8167184423142,0.6,1,83,52.8892608773976,2.5,1,TRUE,TRUE,1,SSP1_1_9,AM_85,experiment2
920,47.4541552416439,0.6,1,83,52.8892608773976,2.5,1,TRUE,TRUE,1,SSP1_1_9,AM_85,experiment2
920,53.8335679244738,0.6,1,83,52.8892608773976,2.5,1,TRUE,TRUE,1,SSP1_1_9,AM_85,experiment2
914,2.54953005599625,0,1,83,52.8892608773976,2.5,1,TRUE,TRUE,1,SSP1_1_9,AM_85,experiment2
920,44.0896973574417,0.6,1,83,52.8892608773976,2.5,1,TRUE,TRUE,1,SSP1_1_9,AM_85,experiment2
921,52.8288491115262,0.7,1,83,52.8892608773976,2.5,1,TRUE,TRUE,1,SSP1_1_9,AM_85,experiment2
919,61.0869522747051,0.5,1,83,52.8892608773976,2.5,1,TRUE,TRUE,1,SSP1_1_9,AM_85,experiment2
923,60.3026254697578,0.9,1,83,52.8892608773976,2.5,1,TRUE,TRUE,1,SSP1_1_9,AM_85,experiment2
921,53.0316593772853,0.7,1,83,52.8892608773976,2.5,1,TRUE,TRUE,1,SSP1_1_9,AM_85,experiment2
924,48.1482221160723,1,1,83,52.8892608773976,2.5,1,TRUE,TRUE,1,SSP1_1_9,AM_85,experiment2
920,50.5369044674555,0.6,1,83,52.8892608773976,2.5,1,TRUE,TRUE,1,SSP1_1_9,AM_85,experiment2
914,20.4717298491567,0,1,83,52.8892608773976,2.5,1,TRUE,TRUE,1,SSP1_1_9,AM_85,experiment2
921,55.9117907057936,0.7,1,83,52.8892608773976,2.5,1,TRUE,TRUE,1,SSP1_1_9,AM_85,experiment2
918,53.8245199818033,0.4,1,83,52.8892608773976,2.5,1,TRUE,TRUE,1,SSP1_1_9,AM_85,experiment2
923,59.187883616581,0.9,1,83,52.8892608773976,2.5,1,TRUE,TRUE,1,SSP1_1_9,AM_85,experiment2
920,51.8362490060225,0.6,1,83,52.8892608773976,2.5,1,TRUE,TRUE,1,SSP1_1_9,AM_85,experiment2
919,61.3951608638939,0.5,1,83,52.8892608773976,2.5,1,TRUE,TRUE,1,SSP1_1_9,AM_85,experiment2
924,59.9871599508232,1,1,83,52.8892608773976,2.5,1,TRUE,TRUE,1,SSP1_1_9,AM_85,experiment2
915,56.9152890865042,0.1,1,83,52.8892608773976,2.5,1,TRUE,TRUE,1,SSP1_1_9,AM_85,experiment2
923,58.1207881856317,0.9,1,83,52.8892608773976,2.5,1,TRUE,TRUE,1,SSP1_1_9,AM_85,experiment2
918,61.9016487179733,0.4,1,83,52.8892608773976,2.5,1,TRUE,TRUE,1,SSP1_1_9,AM_85,experiment2
914,11.640454804297,0,1,83,52.8892608773976,2.5,1,TRUE,TRUE,1,SSP1_1_9,AM_85,experiment2
921,57.6023717982416,0.7,1,83,52.8892608773976,2.5,1,TRUE,TRUE,1,SSP1_1_9,AM_85,experiment2
923,43.8554981199053,0.9,1,83,52.8892608773976,2.5,1,TRUE,TRUE,1,SSP1_1_9,AM_85,experiment2
920,54.0314877248015,0.6,1,83,52.8892608773976,2.5,1,TRUE,TRUE,1,SSP1_1_9,AM_85,experiment2
923,62.8918884922082,0.9,1,83,52.8892608773976,2.5,1,TRUE,TRUE,1,SSP1_1_9,AM_85,experiment2
920,56.0196540292089,0.6,1,83,52.8892608773976,2.5,1,TRUE,TRUE,1,SSP1_1_9,AM_85,experiment2
921,42.0781169687925,0.7,1,83,52.8892608773976,2.5,1,TRUE,TRUE,1,SSP1_1_9,AM_85,experiment2
922,56.1241119407938,0.8,1,83,52.8892608773976,2.5,1,TRUE,TRUE,1,SSP1_1_9,AM_85,experiment2
923,50.2356776879318,0.9,1,83,52.8892608773976,2.5,1,TRUE,TRUE,1,SSP1_1_9,AM_85,experiment2
920,56.8114320250348,0.6,1,83,52.8892608773976,2.5,1,TRUE,TRUE,1,SSP1_1_9,AM_85,experiment2
923,58.0087285622688,0.9,1,83,52.8892608773976,2.5,1,TRUE,TRUE,1,SSP1_1_9,AM_85,experiment2
918,52.4406822098529,0.4,1,83,52.8892608773976,2.5,1,TRUE,TRUE,1,SSP1_1_9,AM_85,experiment2
918,61.0020135801268,0.4,1,83,52.8892608773976,2.5,1,TRUE,TRUE,1,SSP1_1_9,AM_85,experiment2
924,48.1738721183744,1,1,83,52.8892608773976,2.5,1,TRUE,TRUE,1,SSP1_1_9,AM_85,experiment2
922,59.4990626493103,0.8,1,83,52.8892608773976,2.5,1,TRUE,TRUE,1,SSP1_1_9,AM_85,experiment2
922,53.014418039761,0.8,1,83,52.8892608773976,2.5,1,TRUE,TRUE,1,SSP1_1_9,AM_85,experiment2
922,55.7086091278003,0.8,1,83,52.8892608773976,2.5,1,TRUE,TRUE,1,SSP1_1_9,AM_85,experiment2
922,54.0091149904828,0.8,1,83,52.8892608773976,2.5,1,TRUE,TRUE,1,SSP1_1_9,AM_85,experiment2
921,56.5068403024793,0.7,1,83,52.8892608773976,2.5,1,TRUE,TRUE,1,SSP1_1_9,AM_85,experiment2
921,58.4043746939588,0.7,1,83,52.8892608773976,2.5,1,TRUE,TRUE,1,SSP1_1_9,AM_85,experiment2
920,59.3024987412664,0.6,1,83,52.8892608773976,2.5,1,TRUE,TRUE,1,SSP1_1_9,AM_85,experiment2
920,59.6884181223914,0.6,1,83,52.8892608773976,2.5,1,TRUE,TRUE,1,SSP1_1_9,AM_85,experiment2
914,26.5480240610227,0,1,83,52.8892608773976,2.5,1,TRUE,TRUE,1,SSP1_1_9,AM_85,experiment2
921,58.1030287818733,0.7,1,83,52.8892608773976,2.5,1,TRUE,TRUE,1,SSP1_1_9,AM_85,experiment2
923,58.707900614532,0.9,1,83,52.8892608773976,2.5,1,TRUE,TRUE,1,SSP1_1_9,AM_85,experiment2
919,53.7243862895564,0.5,1,83,52.8892608773976,2.5,1,TRUE,TRUE,1,SSP1_1_9,AM_85,experiment2
921,41.4740264363862,0.7,1,83,52.8892608773976,2.5,1,TRUE,TRUE,1,SSP1_1_9,AM_85,experiment2
917,45.1738322731324,0.3,1,83,52.8892608773976,2.5,1,TRUE,TRUE,1,SSP1_1_9,AM_85,experiment2
919,56.711668489304,0.5,1,83,52.8892608773976,2.5,1,TRUE,TRUE,1,SSP1_1_9,AM_85,experiment2
921,61.5975699018492,0.7,1,83,52.8892608773976,2.5,1,TRUE,TRUE,1,SSP1_1_9,AM_85,experiment2
922,55.3946332725142,0.8,1,83,52.8892608773976,2.5,1,TRUE,TRUE,1,SSP1_1_9,AM_85,experiment2
919,51.1624942670745,0.5,1,83,52.8892608773976,2.5,1,TRUE,TRUE,1,SSP1_1_9,AM_85,experiment2
922,46.4366446887103,0.8,1,83,52.8892608773976,2.5,1,TRUE,TRUE,1,SSP1_1_9,AM_85,experiment2
921,52.9122804043275,0.7,1,83,52.8892608773976,2.5,1,TRUE,TRUE,1,SSP1_1_9,AM_85,experiment2
921,59.3039607804322,0.7,1,83,52.8892608773976,2.5,1,TRUE,TRUE,1,SSP1_1_9,AM_85,experiment2
923,53.4364614208887,0.9,1,83,52.8892608773976,2.5,1,TRUE,TRUE,1,SSP1_1_9,AM_85,experiment2
920,62.6848426834629,0.6,1,83,52.8892608773976,2.5,1,TRUE,TRUE,1,SSP1_1_9,AM_85,experiment2
922,60.7032996919957,0.8,1,83,52.8892608773976,2.5,1,TRUE,TRUE,1,SSP1_1_9,AM_85,experiment2
921,54.5176082817236,0.7,1,83,52.8892608773976,2.5,1,TRUE,TRUE,1,SSP1_1_9,AM_85,experiment2
921,58.8063053262571,0.7,1,83,52.8892608773976,2.5,1,TRUE,TRUE,1,SSP1_1_9,AM_85,experiment2
924,53.0295268578008,1,1,83,52.8892608773976,2.5,1,TRUE,TRUE,1,SSP1_1_9,AM_85,experiment2
922,60.7913474579877,0.8,1,83,52.8892608773976,2.5,1,TRUE,TRUE,1,SSP1_1_9,AM_85,experiment2
921,55.0153401002749,0.7,1,83,52.8892608773976,2.5,1,TRUE,TRUE,1,SSP1_1_9,AM_85,experiment2
919,50.2456850593384,0.5,1,83,52.8892608773976,2.5,1,TRUE,TRUE,1,SSP1_1_9,AM_85,experiment2
922,60.5958346904412,0.8,1,83,52.8892608773976,2.5,1,TRUE,TRUE,1,SSP1_1_9,AM_85,experiment2
920,55.6267246016794,0.6,1,83,52.8892608773976,2.5,1,TRUE,TRUE,1,SSP1_1_9,AM_85,experiment2
921,60.9909923658909,0.7,1,83,52.8892608773976,2.5,1,TRUE,TRUE,1,SSP1_1_9,AM_85,experiment2
919,41.7987204589457,0.5,1,83,52.8892608773976,2.5,1,TRUE,TRUE,1,SSP1_1_9,AM_85,experiment2
921,61.3941022269667,0.7,1,83,52.8892608773976,2.5,1,TRUE,TRUE,1,SSP1_1_9,AM_85,experiment2
924,52.9393557032906,1,1,83,52.8892608773976,2.5,1,TRUE,TRUE,1,SSP1_1_9,AM_85,experiment2
918,55.4282516742858,0.4,1,83,52.8892608773976,2.5,1,TRUE,TRUE,1,SSP1_1_9,AM_85,experiment2
923,56.9900117440507,0.9,1,83,52.8892608773976,2.5,1,TRUE,TRUE,1,SSP1_1_9,AM_85,experiment2
924,62.5856125851659,1,1,83,52.8892608773976,2.5,1,TRUE,TRUE,1,SSP1_1_9,AM_85,experiment2
922,54.8313626849998,0.8,1,83,52.8892608773976,2.5,1,TRUE,TRUE,1,SSP1_1_9,AM_85,experiment2
923,41.5562448068556,0.9,1,83,52.8892608773976,2.5,1,TRUE,TRUE,1,SSP1_1_9,AM_85,experiment2
921,55.4222596553343,0.7,1,83,52.8892608773976,2.5,1,TRUE,TRUE,1,SSP1_1_9,AM_85,experiment2
920,56.3174950642411,0.6,1,83,52.8892608773976,2.5,1,TRUE,TRUE,1,SSP1_1_9,AM_85,experiment2
921,57.0949045777628,0.7,1,83,52.8892608773976,2.5,1,TRUE,TRUE,1,SSP1_1_9,AM_85,experiment2
914,20.2712272432605,0,1,83,52.8892608773976,2.5,1,TRUE,TRUE,1,SSP1_1_9,AM_85,experiment2
920,56.2058602768398,0.6,1,83,52.8892608773976,2.5,1,TRUE,TRUE,1,SSP1_1_9,AM_85,experiment2
921,59.8006783419953,0.7,1,83,52.8892608773976,2.5,1,TRUE,TRUE,1,SSP1_1_9,AM_85,experiment2
920,58.3106264557775,0.6,1,83,52.8892608773976,2.5,1,TRUE,TRUE,1,SSP1_1_9,AM_85,experiment2
914,13.3395399363835,0,1,83,52.8892608773976,2.5,1,TRUE,TRUE,1,SSP1_1_9,AM_85,experiment2
924,53.8064084098946,1,1,83,52.8892608773976,2.5,1,TRUE,TRUE,1,SSP1_1_9,AM_85,experiment2
922,56.6112998756679,0.8,1,83,52.8892608773976,2.5,1,TRUE,TRUE,1,SSP1_1_9,AM_85,experiment2
923,58.2959920704642,0.9,1,83,52.8892608773976,2.5,1,TRUE,TRUE,1,SSP1_1_9,AM_85,experiment2
922,59.601641718764,0.8,1,83,52.8892608773976,2.5,1,TRUE,TRUE,1,SSP1_1_9,AM_85,experiment2
922,59.1974713951478,0.8,1,83,52.8892608773976,2.5,1,TRUE,TRUE,1,SSP1_1_9,AM_85,experiment2
920,58.5146616934746,0.6,1,83,52.8892608773976,2.5,1,TRUE,TRUE,1,SSP1_1_9,AM_85,experiment2
919,57.8124964601611,0.5,1,83,52.8892608773976,2.5,1,TRUE,TRUE,1,SSP1_1_9,AM_85,experiment2
921,55.3200787906975,0.7,1,83,52.8892608773976,2.5,1,TRUE,TRUE,1,SSP1_1_9,AM_85,experiment2
920,59.8005205885428,0.6,1,83,52.8892608773976,2.5,1,TRUE,TRUE,1,SSP1_1_9,AM_85,experiment2
923,53.5203240126951,0.9,1,83,52.8892608773976,2.5,1,TRUE,TRUE,1,SSP1_1_9,AM_85,experiment2
921,56.9066768305628,0.7,1,83,52.8892608773976,2.5,1,TRUE,TRUE,1,SSP1_1_9,AM_85,experiment2
914,42.9159736693981,0,1,83,55.0656970343153,1,2.5,TRUE,TRUE,1,SSP1_1_9,AM_85,experiment2
922,53.9160027548605,0.8,1,83,55.0656970343153,1,2.5,TRUE,TRUE,1,SSP1_1_9,AM_85,experiment2
919,56.5289658828707,0.5,1,83,55.0656970343153,1,2.5,TRUE,TRUE,1,SSP1_1_9,AM_85,experiment2
919,54.2406530183517,0.5,1,83,55.0656970343153,1,2.5,TRUE,TRUE,1,SSP1_1_9,AM_85,experiment2
921,61.8859895441801,0.7,1,83,55.0656970343153,1,2.5,TRUE,TRUE,1,SSP1_1_9,AM_85,experiment2
922,59.7961116320225,0.8,1,83,55.0656970343153,1,2.5,TRUE,TRUE,1,SSP1_1_9,AM_85,experiment2
922,56.5010270787208,0.8,1,83,55.0656970343153,1,2.5,TRUE,TRUE,1,SSP1_1_9,AM_85,experiment2
914,18.3729506955411,0,1,83,55.0656970343153,1,2.5,TRUE,TRUE,1,SSP1_1_9,AM_85,experiment2
923,55.1275500153187,0.9,1,83,55.0656970343153,1,2.5,TRUE,TRUE,1,SSP1_1_9,AM_85,experiment2
922,62.7849351481344,0.8,1,83,55.0656970343153,1,2.5,TRUE,TRUE,1,SSP1_1_9,AM_85,experiment2
919,45.557845342138,0.5,1,83,55.0656970343153,1,2.5,TRUE,TRUE,1,SSP1_1_9,AM_85,experiment2
920,61.304547932967,0.6,1,83,55.0656970343153,1,2.5,TRUE,TRUE,1,SSP1_1_9,AM_85,experiment2
924,53.9221285539783,1,1,83,55.0656970343153,1,2.5,TRUE,TRUE,1,SSP1_1_9,AM_85,experiment2
921,62.2842144719971,0.7,1,83,55.0656970343153,1,2.5,TRUE,TRUE,1,SSP1_1_9,AM_85,experiment2
919,50.3231310486405,0.5,1,83,55.0656970343153,1,2.5,TRUE,TRUE,1,SSP1_1_9,AM_85,experiment2
914,39.2458719785615,0,1,83,55.0656970343153,1,2.5,TRUE,TRUE,1,SSP1_1_9,AM_85,experiment2
921,63.5811770456198,0.7,1,83,55.0656970343153,1,2.5,TRUE,TRUE,1,SSP1_1_9,AM_85,experiment2
914,9.44353271622161,0,1,83,55.0656970343153,1,2.5,TRUE,TRUE,1,SSP1_1_9,AM_85,experiment2
921,61.2847036016527,0.7,1,83,55.0656970343153,1,2.5,TRUE,TRUE,1,SSP1_1_9,AM_85,experiment2
922,60.8026710674645,0.8,1,83,55.0656970343153,1,2.5,TRUE,TRUE,1,SSP1_1_9,AM_85,experiment2
921,44.6778675593214,0.7,1,83,55.0656970343153,1,2.5,TRUE,TRUE,1,SSP1_1_9,AM_85,experiment2
920,55.2961143465182,0.6,1,83,55.0656970343153,1,2.5,TRUE,TRUE,1,SSP1_1_9,AM_85,experiment2
920,62.2820898753335,0.6,1,83,55.0656970343153,1,2.5,TRUE,TRUE,1,SSP1_1_9,AM_85,experiment2
922,52.7476429727769,0.8,1,83,55.0656970343153,1,2.5,TRUE,TRUE,1,SSP1_1_9,AM_85,experiment2
923,59.805024402763,0.9,1,83,55.0656970343153,1,2.5,TRUE,TRUE,1,SSP1_1_9,AM_85,experiment2
924,62.2938147354036,1,1,83,55.0656970343153,1,2.5,TRUE,TRUE,1,SSP1_1_9,AM_85,experiment2
922,58.7917706691337,0.8,1,83,55.0656970343153,1,2.5,TRUE,TRUE,1,SSP1_1_9,AM_85,experiment2
924,61.9943321465517,1,1,83,55.0656970343153,1,2.5,TRUE,TRUE,1,SSP1_1_9,AM_85,experiment2
920,64.4863981275735,0.6,1,83,55.0656970343153,1,2.5,TRUE,TRUE,1,SSP1_1_9,AM_85,experiment2
920,54.5109816373969,0.6,1,83,55.0656970343153,1,2.5,TRUE,TRUE,1,SSP1_1_9,AM_85,experiment2
920,59.3948012333372,0.6,1,83,55.0656970343153,1,2.5,TRUE,TRUE,1,SSP1_1_9,AM_85,experiment2
919,63.486035810018,0.5,1,83,55.0656970343153,1,2.5,TRUE,TRUE,1,SSP1_1_9,AM_85,experiment2
921,52.1349673354806,0.7,1,83,55.0656970343153,1,2.5,TRUE,TRUE,1,SSP1_1_9,AM_85,experiment2
921,60.2053429998356,0.7,1,83,55.0656970343153,1,2.5,TRUE,TRUE,1,SSP1_1_9,AM_85,experiment2
921,55.524984821095,0.7,1,83,55.0656970343153,1,2.5,TRUE,TRUE,1,SSP1_1_9,AM_85,experiment2
919,62.4914443685187,0.5,1,83,55.0656970343153,1,2.5,TRUE,TRUE,1,SSP1_1_9,AM_85,experiment2
919,58.3110846204499,0.5,1,83,55.0656970343153,1,2.5,TRUE,TRUE,1,SSP1_1_9,AM_85,experiment2
922,62.9913123959097,0.8,1,83,55.0656970343153,1,2.5,TRUE,TRUE,1,SSP1_1_9,AM_85,experiment2
922,56.4148977777917,0.8,1,83,55.0656970343153,1,2.5,TRUE,TRUE,1,SSP1_1_9,AM_85,experiment2
920,53.5116497293884,0.6,1,83,55.0656970343153,1,2.5,TRUE,TRUE,1,SSP1_1_9,AM_85,experiment2
918,53.133223160708,0.4,1,83,55.0656970343153,1,2.5,TRUE,TRUE,1,SSP1_1_9,AM_85,experiment2
923,56.408090446749,0.9,1,83,55.0656970343153,1,2.5,TRUE,TRUE,1,SSP1_1_9,AM_85,experiment2
922,49.4491192178767,0.8,1,83,55.0656970343153,1,2.5,TRUE,TRUE,1,SSP1_1_9,AM_85,experiment2
924,63.4743224757097,1,1,83,55.0656970343153,1,2.5,TRUE,TRUE,1,SSP1_1_9,AM_85,experiment2
914,15.0848646815681,0,1,83,55.0656970343153,1,2.5,TRUE,TRUE,1,SSP1_1_9,AM_85,experiment2
920,57.2068178687818,0.6,1,83,55.0656970343153,1,2.5,TRUE,TRUE,1,SSP1_1_9,AM_85,experiment2
924,64.0839019602074,1,1,83,55.0656970343153,1,2.5,TRUE,TRUE,1,SSP1_1_9,AM_85,experiment2
924,52.6147831125068,1,1,83,55.0656970343153,1,2.5,TRUE,TRUE,1,SSP1_1_9,AM_85,experiment2
914,35.8108372566938,0,1,83,55.0656970343153,1,2.5,TRUE,TRUE,1,SSP1_1_9,AM_85,experiment2
923,60.3006550074844,0.9,1,83,55.0656970343153,1,2.5,TRUE,TRUE,1,SSP1_1_9,AM_85,experiment2
924,60.4857429119097,1,1,83,55.0656970343153,1,2.5,TRUE,TRUE,1,SSP1_1_9,AM_85,experiment2
920,48.0810922967197,0.6,1,83,55.0656970343153,1,2.5,TRUE,TRUE,1,SSP1_1_9,AM_85,experiment2
918,60.3058462598931,0.4,1,83,55.0656970343153,1,2.5,TRUE,TRUE,1,SSP1_1_9,AM_85,experiment2
922,51.1469630377058,0.8,1,83,55.0656970343153,1,2.5,TRUE,TRUE,1,SSP1_1_9,AM_85,experiment2
922,61.1087801087786,0.8,1,83,55.0656970343153,1,2.5,TRUE,TRUE,1,SSP1_1_9,AM_85,experiment2
920,56.1154501755902,0.6,1,83,55.0656970343153,1,2.5,TRUE,TRUE,1,SSP1_1_9,AM_85,experiment2
918,59.4589990391815,0.4,1,83,55.0656970343153,1,2.5,TRUE,TRUE,1,SSP1_1_9,AM_85,experiment2
923,52.8273291192002,0.9,1,83,55.0656970343153,1,2.5,TRUE,TRUE,1,SSP1_1_9,AM_85,experiment2
914,27.5962255634758,0,1,83,55.0656970343153,1,2.5,TRUE,TRUE,1,SSP1_1_9,AM_85,experiment2
921,59.4977682860906,0.7,1,83,55.0656970343153,1,2.5,TRUE,TRUE,1,SSP1_1_9,AM_85,experiment2
923,55.7968230508508,0.9,1,83,55.0656970343153,1,2.5,TRUE,TRUE,1,SSP1_1_9,AM_85,experiment2
924,64.0835069532309,1,1,83,55.0656970343153,1,2.5,TRUE,TRUE,1,SSP1_1_9,AM_85,experiment2
924,62.0907595579008,1,1,83,55.0656970343153,1,2.5,TRUE,TRUE,1,SSP1_1_9,AM_85,experiment2
918,51.8255987918665,0.4,1,83,55.0656970343153,1,2.5,TRUE,TRUE,1,SSP1_1_9,AM_85,experiment2
922,35.7748609228981,0.8,1,83,55.0656970343153,1,2.5,TRUE,TRUE,1,SSP1_1_9,AM_85,experiment2
924,42.7255631711263,1,1,83,55.0656970343153,1,2.5,TRUE,TRUE,1,SSP1_1_9,AM_85,experiment2
922,62.7946961391478,0.8,1,83,55.0656970343153,1,2.5,TRUE,TRUE,1,SSP1_1_9,AM_85,experiment2
919,60.7928725454182,0.5,1,83,55.0656970343153,1,2.5,TRUE,TRUE,1,SSP1_1_9,AM_85,experiment2
924,57.4953125458565,1,1,83,55.0656970343153,1,2.5,TRUE,TRUE,1,SSP1_1_9,AM_85,experiment2
919,59.9945237133563,0.5,1,83,55.0656970343153,1,2.5,TRUE,TRUE,1,SSP1_1_9,AM_85,experiment2
921,59.2914555482213,0.7,1,83,55.0656970343153,1,2.5,TRUE,TRUE,1,SSP1_1_9,AM_85,experiment2
923,52.0279280415304,0.9,1,83,55.0656970343153,1,2.5,TRUE,TRUE,1,SSP1_1_9,AM_85,experiment2
921,56.4196447300841,0.7,1,83,55.0656970343153,1,2.5,TRUE,TRUE,1,SSP1_1_9,AM_85,experiment2
923,62.5876420525523,0.9,1,83,55.0656970343153,1,2.5,TRUE,TRUE,1,SSP1_1_9,AM_85,experiment2
920,46.0699017047455,0.6,1,83,55.0656970343153,1,2.5,TRUE,TRUE,1,SSP1_1_9,AM_85,experiment2
921,49.1389958149366,0.7,1,83,55.0656970343153,1,2.5,TRUE,TRUE,1,SSP1_1_9,AM_85,experiment2
918,59.4127080761686,0.4,1,83,55.0656970343153,1,2.5,TRUE,TRUE,1,SSP1_1_9,AM_85,experiment2
923,56.810259306839,0.9,1,83,55.0656970343153,1,2.5,TRUE,TRUE,1,SSP1_1_9,AM_85,experiment2
914,52.2928171446147,0,1,83,55.0656970343153,1,2.5,TRUE,TRUE,1,SSP1_1_9,AM_85,experiment2
914,53.7558524051527,0,1,83,55.0656970343153,1,2.5,TRUE,TRUE,1,SSP1_1_9,AM_85,experiment2
914,35.3738504445094,0,1,83,55.0656970343153,1,2.5,TRUE,TRUE,1,SSP1_1_9,AM_85,experiment2
922,60.295804180167,0.8,1,83,55.0656970343153,1,2.5,TRUE,TRUE,1,SSP1_1_9,AM_85,experiment2
921,56.1158414513934,0.7,1,83,55.0656970343153,1,2.5,TRUE,TRUE,1,SSP1_1_9,AM_85,experiment2
922,52.7397746533191,0.8,1,83,55.0656970343153,1,2.5,TRUE,TRUE,1,SSP1_1_9,AM_85,experiment2
921,58.2860630290036,0.7,1,83,55.0656970343153,1,2.5,TRUE,TRUE,1,SSP1_1_9,AM_85,experiment2
920,53.3389882105161,0.6,1,83,55.0656970343153,1,2.5,TRUE,TRUE,1,SSP1_1_9,AM_85,experiment2
914,47.6337737234203,0,1,83,55.0656970343153,1,2.5,TRUE,TRUE,1,SSP1_1_9,AM_85,experiment2
924,62.681563817484,1,1,83,55.0656970343153,1,2.5,TRUE,TRUE,1,SSP1_1_9,AM_85,experiment2
920,59.2015247016738,0.6,1,83,55.0656970343153,1,2.5,TRUE,TRUE,1,SSP1_1_9,AM_85,experiment2
920,55.6186620615282,0.6,1,83,55.0656970343153,1,2.5,TRUE,TRUE,1,SSP1_1_9,AM_85,experiment2
924,60.6830359688207,1,1,83,55.0656970343153,1,2.5,TRUE,TRUE,1,SSP1_1_9,AM_85,experiment2
919,58.4040959892242,0.5,1,83,55.0656970343153,1,2.5,TRUE,TRUE,1,SSP1_1_9,AM_85,experiment2
920,60.2060721618753,0.6,1,83,55.0656970343153,1,2.5,TRUE,TRUE,1,SSP1_1_9,AM_85,experiment2
920,51.9337572895166,0.6,1,83,55.0656970343153,1,2.5,TRUE,TRUE,1,SSP1_1_9,AM_85,experiment2
922,59.9075506477522,0.8,1,83,55.0656970343153,1,2.5,TRUE,TRUE,1,SSP1_1_9,AM_85,experiment2
922,56.5195551606116,0.8,1,83,55.0656970343153,1,2.5,TRUE,TRUE,1,SSP1_1_9,AM_85,experiment2
922,54.1160241782635,0.8,1,83,55.0656970343153,1,2.5,TRUE,TRUE,1,SSP1_1_9,AM_85,experiment2
917,53.2793062592878,0.3,1,83,55.0656970343153,1,2.5,TRUE,TRUE,1,SSP1_1_9,AM_85,experiment2
922,52.0249704923681,0.8,1,83,55.0656970343153,1,2.5,TRUE,TRUE,1,SSP1_1_9,AM_85,experiment2
924,49.2529803795582,1,1,83,55.0656970343153,1,2.5,TRUE,TRUE,1,SSP1_1_9,AM_85,experiment2
924,60.5891077947651,1,1,83,58.6108880912831,2.5,2.5,TRUE,TRUE,1,SSP1_1_9,AM_85,experiment2
924,59.5057348974975,1,1,83,58.6108880912831,2.5,2.5,TRUE,TRUE,1,SSP1_1_9,AM_85,experiment2
922,59.4910756218131,0.8,1,83,58.6108880912831,2.5,2.5,TRUE,TRUE,1,SSP1_1_9,AM_85,experiment2
920,59.0119956541006,0.6,1,83,58.6108880912831,2.5,2.5,TRUE,TRUE,1,SSP1_1_9,AM_85,experiment2
922,60.305223049305,0.8,1,83,58.6108880912831,2.5,2.5,TRUE,TRUE,1,SSP1_1_9,AM_85,experiment2
923,63.3756789452289,0.9,1,83,58.6108880912831,2.5,2.5,TRUE,TRUE,1,SSP1_1_9,AM_85,experiment2
921,56.5178293032985,0.7,1,83,58.6108880912831,2.5,2.5,TRUE,TRUE,1,SSP1_1_9,AM_85,experiment2
921,63.1749881929516,0.7,1,83,58.6108880912831,2.5,2.5,TRUE,TRUE,1,SSP1_1_9,AM_85,experiment2
918,64.4732428835907,0.4,1,83,58.6108880912831,2.5,2.5,TRUE,TRUE,1,SSP1_1_9,AM_85,experiment2
919,52.1332367782409,0.5,1,83,58.6108880912831,2.5,2.5,TRUE,TRUE,1,SSP1_1_9,AM_85,experiment2
921,58.3113921360267,0.7,1,83,58.6108880912831,2.5,2.5,TRUE,TRUE,1,SSP1_1_9,AM_85,experiment2
921,52.6299169014317,0.7,1,83,58.6108880912831,2.5,2.5,TRUE,TRUE,1,SSP1_1_9,AM_85,experiment2
921,64.1864368473879,0.7,1,83,58.6108880912831,2.5,2.5,TRUE,TRUE,1,SSP1_1_9,AM_85,experiment2
924,60.0864487264051,1,1,83,58.6108880912831,2.5,2.5,TRUE,TRUE,1,SSP1_1_9,AM_85,experiment2
923,61.9891241547081,0.9,1,83,58.6108880912831,2.5,2.5,TRUE,TRUE,1,SSP1_1_9,AM_85,experiment2
921,60.097264257559,0.7,1,83,58.6108880912831,2.5,2.5,TRUE,TRUE,1,SSP1_1_9,AM_85,experiment2
923,63.7859571979192,0.9,1,83,58.6108880912831,2.5,2.5,TRUE,TRUE,1,SSP1_1_9,AM_85,experiment2
921,63.1903422599919,0.7,1,83,58.6108880912831,2.5,2.5,TRUE,TRUE,1,SSP1_1_9,AM_85,experiment2
919,48.7636173521185,0.5,1,83,58.6108880912831,2.5,2.5,TRUE,TRUE,1,SSP1_1_9,AM_85,experiment2
924,59.5876909816626,1,1,83,58.6108880912831,2.5,2.5,TRUE,TRUE,1,SSP1_1_9,AM_85,experiment2
914,18.2295694576104,0,1,83,58.6108880912831,2.5,2.5,TRUE,TRUE,1,SSP1_1_9,AM_85,experiment2
920,59.4969186660349,0.6,1,83,58.6108880912831,2.5,2.5,TRUE,TRUE,1,SSP1_1_9,AM_85,experiment2
914,23.2119404316992,0,1,83,58.6108880912831,2.5,2.5,TRUE,TRUE,1,SSP1_1_9,AM_85,experiment2
919,52.0980281646362,0.5,1,83,58.6108880912831,2.5,2.5,TRUE,TRUE,1,SSP1_1_9,AM_85,experiment2
921,59.6993661957082,0.7,1,83,58.6108880912831,2.5,2.5,TRUE,TRUE,1,SSP1_1_9,AM_85,experiment2
922,57.6987759233242,0.8,1,83,58.6108880912831,2.5,2.5,TRUE,TRUE,1,SSP1_1_9,AM_85,experiment2
923,45.8393041093552,0.9,1,83,58.6108880912831,2.5,2.5,TRUE,TRUE,1,SSP1_1_9,AM_85,experiment2
919,61.0977216252546,0.5,1,83,58.6108880912831,2.5,2.5,TRUE,TRUE,1,SSP1_1_9,AM_85,experiment2
914,9.79401713548654,0,1,83,58.6108880912831,2.5,2.5,TRUE,TRUE,1,SSP1_1_9,AM_85,experiment2
920,48.962934733456,0.6,1,83,58.6108880912831,2.5,2.5,TRUE,TRUE,1,SSP1_1_9,AM_85,experiment2
922,54.9101286082415,0.8,1,83,58.6108880912831,2.5,2.5,TRUE,TRUE,1,SSP1_1_9,AM_85,experiment2
914,28.3317396344205,0,1,83,58.6108880912831,2.5,2.5,TRUE,TRUE,1,SSP1_1_9,AM_85,experiment2
921,60.5021319255846,0.7,1,83,58.6108880912831,2.5,2.5,TRUE,TRUE,1,SSP1_1_9,AM_85,experiment2
921,60.7901483436715,0.7,1,83,58.6108880912831,2.5,2.5,TRUE,TRUE,1,SSP1_1_9,AM_85,experiment2
920,57.7055826342233,0.6,1,83,58.6108880912831,2.5,2.5,TRUE,TRUE,1,SSP1_1_9,AM_85,experiment2
914,48.6619838083681,0,1,83,58.6108880912831,2.5,2.5,TRUE,TRUE,1,SSP1_1_9,AM_85,experiment2
924,63.7905581865706,1,1,83,58.6108880912831,2.5,2.5,TRUE,TRUE,1,SSP1_1_9,AM_85,experiment2
920,64.9793575191142,0.6,1,83,58.6108880912831,2.5,2.5,TRUE,TRUE,1,SSP1_1_9,AM_85,experiment2
915,42.4606152744496,0.1,1,83,58.6108880912831,2.5,2.5,TRUE,TRUE,1,SSP1_1_9,AM_85,experiment2
924,61.896703959062,1,1,83,58.6108880912831,2.5,2.5,TRUE,TRUE,1,SSP1_1_9,AM_85,experiment2
924,59.1983442044294,1,1,83,58.6108880912831,2.5,2.5,TRUE,TRUE,1,SSP1_1_9,AM_85,experiment2
923,60.9958272629524,0.9,1,83,58.6108880912831,2.5,2.5,TRUE,TRUE,1,SSP1_1_9,AM_85,experiment2
918,58.2110043855777,0.4,1,83,58.6108880912831,2.5,2.5,TRUE,TRUE,1,SSP1_1_9,AM_85,experiment2
924,51.2280838512265,1,1,83,58.6108880912831,2.5,2.5,TRUE,TRUE,1,SSP1_1_9,AM_85,experiment2
922,57.4037223653801,0.8,1,83,58.6108880912831,2.5,2.5,TRUE,TRUE,1,SSP1_1_9,AM_85,experiment2
923,53.2270400935006,0.9,1,83,58.6108880912831,2.5,2.5,TRUE,TRUE,1,SSP1_1_9,AM_85,experiment2
919,53.7102872226686,0.5,1,83,58.6108880912831,2.5,2.5,TRUE,TRUE,1,SSP1_1_9,AM_85,experiment2
921,58.6173890864757,0.7,1,83,58.6108880912831,2.5,2.5,TRUE,TRUE,1,SSP1_1_9,AM_85,experiment2
920,52.1379870006203,0.6,1,83,58.6108880912831,2.5,2.5,TRUE,TRUE,1,SSP1_1_9,AM_85,experiment2
921,57.0066399056757,0.7,1,83,58.6108880912831,2.5,2.5,TRUE,TRUE,1,SSP1_1_9,AM_85,experiment2
914,15.9327416434441,0,1,83,58.6108880912831,2.5,2.5,TRUE,TRUE,1,SSP1_1_9,AM_85,experiment2
922,63.0793295752002,0.8,1,83,58.6108880912831,2.5,2.5,TRUE,TRUE,1,SSP1_1_9,AM_85,experiment2
914,21.1709663694338,0,1,83,58.6108880912831,2.5,2.5,TRUE,TRUE,1,SSP1_1_9,AM_85,experiment2
919,58.9964261888327,0.5,1,83,58.6108880912831,2.5,2.5,TRUE,TRUE,1,SSP1_1_9,AM_85,experiment2
922,62.9783595855849,0.8,1,83,58.6108880912831,2.5,2.5,TRUE,TRUE,1,SSP1_1_9,AM_85,experiment2
922,60.4926095548188,0.8,1,83,58.6108880912831,2.5,2.5,TRUE,TRUE,1,SSP1_1_9,AM_85,experiment2
923,59.8874984853779,0.9,1,83,58.6108880912831,2.5,2.5,TRUE,TRUE,1,SSP1_1_9,AM_85,experiment2
922,64.0785082178117,0.8,1,83,58.6108880912831,2.5,2.5,TRUE,TRUE,1,SSP1_1_9,AM_85,experiment2
914,11.0425929042288,0,1,83,58.6108880912831,2.5,2.5,TRUE,TRUE,1,SSP1_1_9,AM_85,experiment2
921,60.7851939866065,0.7,1,83,58.6108880912831,2.5,2.5,TRUE,TRUE,1,SSP1_1_9,AM_85,experiment2
922,61.283161051696,0.8,1,83,58.6108880912831,2.5,2.5,TRUE,TRUE,1,SSP1_1_9,AM_85,experiment2
914,14.9843602566924,0,1,83,58.6108880912831,2.5,2.5,TRUE,TRUE,1,SSP1_1_9,AM_85,experiment2
921,59.3065879478982,0.7,1,83,58.6108880912831,2.5,2.5,TRUE,TRUE,1,SSP1_1_9,AM_85,experiment2
914,39.1386592845077,0,1,83,58.6108880912831,2.5,2.5,TRUE,TRUE,1,SSP1_1_9,AM_85,experiment2
922,58.9044509375558,0.8,1,83,58.6108880912831,2.5,2.5,TRUE,TRUE,1,SSP1_1_9,AM_85,experiment2
921,60.8963807559972,0.7,1,83,58.6108880912831,2.5,2.5,TRUE,TRUE,1,SSP1_1_9,AM_85,experiment2
922,63.580160557587,0.8,1,83,58.6108880912831,2.5,2.5,TRUE,TRUE,1,SSP1_1_9,AM_85,experiment2
920,55.7188379283835,0.6,1,83,58.6108880912831,2.5,2.5,TRUE,TRUE,1,SSP1_1_9,AM_85,experiment2
924,58.3898005854387,1,1,83,58.6108880912831,2.5,2.5,TRUE,TRUE,1,SSP1_1_9,AM_85,experiment2
921,56.1236409438256,0.7,1,83,58.6108880912831,2.5,2.5,TRUE,TRUE,1,SSP1_1_9,AM_85,experiment2
921,63.1802004247729,0.7,1,83,58.6108880912831,2.5,2.5,TRUE,TRUE,1,SSP1_1_9,AM_85,experiment2
924,60.5983971446992,1,1,83,58.6108880912831,2.5,2.5,TRUE,TRUE,1,SSP1_1_9,AM_85,experiment2
922,62.3811906833523,0.8,1,83,58.6108880912831,2.5,2.5,TRUE,TRUE,1,SSP1_1_9,AM_85,experiment2
920,67.5699730366802,0.6,1,83,58.6108880912831,2.5,2.5,TRUE,TRUE,1,SSP1_1_9,AM_85,experiment2
923,65.1684862282135,0.9,1,83,58.6108880912831,2.5,2.5,TRUE,TRUE,1,SSP1_1_9,AM_85,experiment2
923,56.0109111141417,0.9,1,83,58.6108880912831,2.5,2.5,TRUE,TRUE,1,SSP1_1_9,AM_85,experiment2
919,55.0188510831594,0.5,1,83,58.6108880912831,2.5,2.5,TRUE,TRUE,1,SSP1_1_9,AM_85,experiment2
923,54.2129206201927,0.9,1,83,58.6108880912831,2.5,2.5,TRUE,TRUE,1,SSP1_1_9,AM_85,experiment2
923,59.1015897664214,0.9,1,83,58.6108880912831,2.5,2.5,TRUE,TRUE,1,SSP1_1_9,AM_85,experiment2
923,63.1701975824017,0.9,1,83,58.6108880912831,2.5,2.5,TRUE,TRUE,1,SSP1_1_9,AM_85,experiment2
924,57.9071782916552,1,1,83,58.6108880912831,2.5,2.5,TRUE,TRUE,1,SSP1_1_9,AM_85,experiment2
924,55.0141716557986,1,1,83,58.6108880912831,2.5,2.5,TRUE,TRUE,1,SSP1_1_9,AM_85,experiment2
921,63.3808565416164,0.7,1,83,58.6108880912831,2.5,2.5,TRUE,TRUE,1,SSP1_1_9,AM_85,experiment2
923,65.4705765631507,0.9,1,83,58.6108880912831,2.5,2.5,TRUE,TRUE,1,SSP1_1_9,AM_85,experiment2
922,54.8230938506465,0.8,1,83,58.6108880912831,2.5,2.5,TRUE,TRUE,1,SSP1_1_9,AM_85,experiment2
914,23.7027318354826,0,1,83,58.6108880912831,2.5,2.5,TRUE,TRUE,1,SSP1_1_9,AM_85,experiment2
924,44.8595657079053,1,1,83,58.6108880912831,2.5,2.5,TRUE,TRUE,1,SSP1_1_9,AM_85,experiment2
914,8.34527659263871,0,1,83,58.6108880912831,2.5,2.5,TRUE,TRUE,1,SSP1_1_9,AM_85,experiment2
914,29.790601344379,0,1,83,58.6108880912831,2.5,2.5,TRUE,TRUE,1,SSP1_1_9,AM_85,experiment2
923,58.8996762906928,0.9,1,83,58.6108880912831,2.5,2.5,TRUE,TRUE,1,SSP1_1_9,AM_85,experiment2
914,30.3826098922732,0,1,83,58.6108880912831,2.5,2.5,TRUE,TRUE,1,SSP1_1_9,AM_85,experiment2
923,55.4061451534137,0.9,1,83,58.6108880912831,2.5,2.5,TRUE,TRUE,1,SSP1_1_9,AM_85,experiment2
920,57.6125036587889,0.6,1,83,58.6108880912831,2.5,2.5,TRUE,TRUE,1,SSP1_1_9,AM_85,experiment2
922,62.2813443853359,0.8,1,83,58.6108880912831,2.5,2.5,TRUE,TRUE,1,SSP1_1_9,AM_85,experiment2
922,63.592578063266,0.8,1,83,58.6108880912831,2.5,2.5,TRUE,TRUE,1,SSP1_1_9,AM_85,experiment2
922,60.0900623511159,0.8,1,83,58.6108880912831,2.5,2.5,TRUE,TRUE,1,SSP1_1_9,AM_85,experiment2
920,59.3963453790214,0.6,1,83,58.6108880912831,2.5,2.5,TRUE,TRUE,1,SSP1_1_9,AM_85,experiment2
914,20.8142138264309,0,1,83,58.6108880912831,2.5,2.5,TRUE,TRUE,1,SSP1_1_9,AM_85,experiment2
924,57.3092293458793,1,1,83,58.6108880912831,2.5,2.5,TRUE,TRUE,1,SSP1_1_9,AM_85,experiment2
923,60.8074596305564,0.9,1,83,58.6108880912831,2.5,2.5,TRUE,TRUE,1,SSP1_1_9,AM_85,experiment2
