0,1,0,2,0,0.95,0,36.5948037459589,2.5,1,TRUE,TRUE,1,SSP1_1_9,passive_AM,experiment1
1,0.885,0.103840398125336,2,0,1.7683835,0.101773974202642,36.5948037459589,2.5,1,TRUE,TRUE,1,SSP1_1_9,passive_AM,experiment1
2,0.812,0.145837878717043,2,0,2.507751338,0.199873771604216,36.5948037459589,2.5,1,TRUE,TRUE,1,SSP1_1_9,passive_AM,experiment1
3,0.781,0.164344427678857,2,0,3.20994702131,0.320747183452723,36.5948037459589,2.5,1,TRUE,TRUE,1,SSP1_1_9,passive_AM,experiment1
4,0.776,0.170631625190501,2,0,3.9003657975374,0.424690602679814,36.5948037459589,2.5,1,TRUE,TRUE,1,SSP1_1_9,passive_AM,experiment1
5,0.78,0.158273513420613,2,0,4.58764630660013,0.509915320758008,36.5948037459589,2.5,1,TRUE,TRUE,1,SSP1_1_9,passive_AM,experiment1
6,0.772,0.147079309327734,2,0,5.26059748778898,0.584366493270794,36.5948037459589,2.5,1,TRUE,TRUE,1,SSP1_1_9,passive_AM,experiment1
7,0.731,0.15998421639321,2,0,5.88898662469439,0.651400361501654,36.5948037459589,2.5,1,TRUE,TRUE,1,SSP1_1_9,passive_AM,experiment1
8,0.722,0.192054285255103,1.99,0.1,NA,NA,36.5948037459589,2.5,1,TRUE,TRUE,1,SSP1_1_9,passive_AM,experiment1
9,0.732,0.197397205060397,1.99,0.1,NA,NA,36.5948037459589,2.5,1,TRUE,TRUE,1,SSP1_1_9,passive_AM,experiment1
10,0.731,0.223242858200153,1.98,0.14070529413629,NA,NA,36.5948037459589,2.5,1,TRUE,TRUE,1,SSP1_1_9,passive_AM,experiment1
11,0.721,0.214756145477148,1.98,0.14070529413629,NA,NA,36.5948037459589,2.5,1,TRUE,TRUE,1,SSP1_1_9,passive_AM,experiment1
12,0.703,0.207171914168408,1.98,0.14070529413629,NA,NA,36.5948037459589,2.5,1,TRUE,TRUE,1,SSP1_1_9,passive_AM,experiment1
13,0.736,0.218590526285606,1.98,0.14070529413629,NA,NA,36.5948037459589,2.5,1,TRUE,TRUE,1,SSP1_1_9,passive_AM,experiment1
14,0.692,0.211144069729221,1.98,0.14070529413629,NA,NA,36.5948037459589,2.5,1,TRUE,TRUE,1,SSP1_1_9,passive_AM,experiment1
15,0.714,0.218821452976687,1.98,0.14070529413629,NA,NA,36.5948037459589,2.5,1,TRUE,TRUE,1,SSP1_1_9,passive_AM,experiment1
16,0.709,0.219317121994613,1.98,0.14070529413629,NA,NA,36.5948037459589,2.5,1,TRUE,TRUE,1,SSP1_1_9,passive_AM,experiment1
17,0.71,0.224957908520818,1.98,0.14070529413629,NA,NA,36.5948037459589,2.5,1,TRUE,TRUE,1,SSP1_1_9,passive_AM,experiment1
18,0.698,0.213191240557639,1.98,0.14070529413629,NA,NA,36.5948037459589,2.5,1,TRUE,TRUE,1,SSP1_1_9,passive_AM,experiment1
19,0.685,0.206155281280883,1.98,0.14070529413629,NA,NA,36.5948037459589,2.5,1,TRUE,TRUE,1,SSP1_1_9,passive_AM,experiment1
20,0.686,0.219742732955765,1.98,0.14070529413629,NA,NA,36.5948037459589,2.5,1,TRUE,TRUE,1,SSP1_1_9,passive_AM,experiment1
21,0.686,0.216501102243677,1.98,0.14070529413629,NA,NA,36.5948037459589,2.5,1,TRUE,TRUE,1,SSP1_1_9,passive_AM,experiment1
22,0.697,0.219942600409169,1.98,0.14070529413629,NA,NA,36.5948037459589,2.5,1,TRUE,TRUE,1,SSP1_1_9,passive_AM,experiment1
23,0.686,0.223841574567931,1.98,0.14070529413629,NA,NA,36.5948037459589,2.5,1,TRUE,TRUE,1,SSP1_1_9,passive_AM,experiment1
24,0.694,0.217803544136416,1.98,0.14070529413629,NA,NA,36.5948037459589,2.5,1,TRUE,TRUE,1,SSP1_1_9,passive_AM,experiment1
25,0.721,0.214285281384844,1.98,0.14070529413629,NA,NA,36.5948037459589,2.5,1,TRUE,TRUE,1,SSP1_1_9,passive_AM,experiment1
26,0.686,0.205490298131719,1.98,0.14070529413629,NA,NA,36.5948037459589,2.5,1,TRUE,TRUE,1,SSP1_1_9,passive_AM,experiment1
27,0.704,0.217849915902178,1.98,0.14070529413629,NA,NA,36.5948037459589,2.5,1,TRUE,TRUE,1,SSP1_1_9,passive_AM,experiment1
28,0.701,0.209614846416908,1.98,0.14070529413629,NA,NA,36.5948037459589,2.5,1,TRUE,TRUE,1,SSP1_1_9,passive_AM,experiment1
29,0.693,0.201135664553941,1.98,0.14070529413629,NA,NA,36.5948037459589,2.5,1,TRUE,TRUE,1,SSP1_1_9,passive_AM,experiment1
30,0.698,0.222465523375891,1.98,0.14070529413629,NA,NA,36.5948037459589,2.5,1,TRUE,TRUE,1,SSP1_1_9,passive_AM,experiment1
31,0.68,0.228300705476817,1.98,0.14070529413629,NA,NA,36.5948037459589,2.5,1,TRUE,TRUE,1,SSP1_1_9,passive_AM,experiment1
32,0.695,0.230228257399153,1.98,0.14070529413629,NA,NA,36.5948037459589,2.5,1,TRUE,TRUE,1,SSP1_1_9,passive_AM,experiment1
33,0.702,0.227405213909293,1.98,0.14070529413629,NA,NA,36.5948037459589,2.5,1,TRUE,TRUE,1,SSP1_1_9,passive_AM,experiment1
34,0.682,0.227582818758226,1.98,0.14070529413629,NA,NA,36.5948037459589,2.5,1,TRUE,TRUE,1,SSP1_1_9,passive_AM,experiment1
35,0.675,0.228908256511184,1.98,0.14070529413629,NA,NA,36.5948037459589,2.5,1,TRUE,TRUE,1,SSP1_1_9,passive_AM,experiment1
36,0.658,0.22164672956593,1.98,0.14070529413629,NA,NA,36.5948037459589,2.5,1,TRUE,TRUE,1,SSP1_1_9,passive_AM,experiment1
37,0.684,0.22505667075318,1.98,0.14070529413629,NA,NA,36.5948037459589,2.5,1,TRUE,TRUE,1,SSP1_1_9,passive_AM,experiment1
38,0.686,0.215096877398689,1.98,0.14070529413629,NA,NA,36.5948037459589,2.5,1,TRUE,TRUE,1,SSP1_1_9,passive_AM,experiment1
39,0.681,0.226833717408888,1.98,0.14070529413629,NA,NA,36.5948037459589,2.5,1,TRUE,TRUE,1,SSP1_1_9,passive_AM,experiment1
40,0.679,0.221699131821722,1.98,0.14070529413629,NA,NA,36.5948037459589,2.5,1,TRUE,TRUE,1,SSP1_1_9,passive_AM,experiment1
41,0.66,0.216024689946929,1.98,0.14070529413629,NA,NA,36.5948037459589,2.5,1,TRUE,TRUE,1,SSP1_1_9,passive_AM,experiment1
42,0.677,0.225117253398707,1.98,0.14070529413629,NA,NA,36.5948037459589,2.5,1,TRUE,TRUE,1,SSP1_1_9,passive_AM,experiment1
43,0.669,0.220511343302907,1.98,0.14070529413629,NA,NA,36.5948037459589,2.5,1,TRUE,TRUE,1,SSP1_1_9,passive_AM,experiment1
44,0.65,0.212963694918959,1.98,0.14070529413629,NA,NA,36.5948037459589,2.5,1,TRUE,TRUE,1,SSP1_1_9,passive_AM,experiment1
45,0.65,0.232900030576263,1.98,0.14070529413629,NA,NA,36.5948037459589,2.5,1,TRUE,TRUE,1,SSP1_1_9,passive_AM,experiment1
46,0.635,0.225798247302428,1.98,0.14070529413629,NA,NA,36.5948037459589,2.5,1,TRUE,TRUE,1,SSP1_1_9,passive_AM,experiment1
47,0.612,0.229307257150353,1.97,0.171446607997765,NA,NA,36.5948037459589,2.5,1,TRUE,TRUE,1,SSP1_1_9,passive_AM,experiment1
48,0.635,0.237994567461978,1.97,0.171446607997765,NA,NA,36.5948037459589,2.5,1,TRUE,TRUE,1,SSP1_1_9,passive_AM,experiment1
49,0.645,0.241784192948166,1.97,0.171446607997765,NA,NA,36.5948037459589,2.5,1,TRUE,TRUE,1,SSP1_1_9,passive_AM,experiment1
50,0.642,0.221190534438643,1.97,0.171446607997765,NA,NA,36.5948037459589,2.5,1,TRUE,TRUE,1,SSP1_1_9,passive_AM,experiment1
51,0.66,0.220651011071485,1.97,0.171446607997765,NA,NA,36.5948037459589,2.5,1,TRUE,TRUE,1,SSP1_1_9,passive_AM,experiment1
52,0.644,0.225773641893241,1.97,0.171446607997765,NA,NA,36.5948037459589,2.5,1,TRUE,TRUE,1,SSP1_1_9,passive_AM,experiment1
53,0.654,0.228928112751756,1.97,0.171446607997765,NA,NA,36.5948037459589,2.5,1,TRUE,TRUE,1,SSP1_1_9,passive_AM,experiment1
54,0.637,0.223676805081155,1.97,0.171446607997765,NA,NA,36.5948037459589,2.5,1,TRUE,TRUE,1,SSP1_1_9,passive_AM,experiment1
55,0.627,0.230438755859383,1.97,0.171446607997765,NA,NA,36.5948037459589,2.5,1,TRUE,TRUE,1,SSP1_1_9,passive_AM,experiment1
56,0.643,0.225296661889576,1.97,0.171446607997765,NA,NA,36.5948037459589,2.5,1,TRUE,TRUE,1,SSP1_1_9,passive_AM,experiment1
57,0.655,0.238418611570981,1.97,0.171446607997765,NA,NA,36.5948037459589,2.5,1,TRUE,TRUE,1,SSP1_1_9,passive_AM,experiment1
58,0.666,0.242136950980851,1.97,0.171446607997765,NA,NA,36.5948037459589,2.5,1,TRUE,TRUE,1,SSP1_1_9,passive_AM,experiment1
59,0.683,0.237007863314126,1.97,0.171446607997765,NA,NA,36.5948037459589,2.5,1,TRUE,TRUE,1,SSP1_1_9,passive_AM,experiment1
60,0.683,0.250677868866388,1.97,0.171446607997765,NA,NA,36.5948037459589,2.5,1,TRUE,TRUE,1,SSP1_1_9,passive_AM,experiment1
61,0.664,0.240588504053765,1.97,0.171446607997765,NA,NA,36.5948037459589,2.5,1,TRUE,TRUE,1,SSP1_1_9,passive_AM,experiment1
62,0.66,0.231813230289761,1.97,0.171446607997765,NA,NA,36.5948037459589,2.5,1,TRUE,TRUE,1,SSP1_1_9,passive_AM,experiment1
63,0.661,0.235228236469016,1.97,0.171446607997765,NA,NA,36.5948037459589,2.5,1,TRUE,TRUE,1,SSP1_1_9,passive_AM,experiment1
64,0.681,0.241499942489066,1.97,0.171446607997765,NA,NA,36.5948037459589,2.5,1,TRUE,TRUE,1,SSP1_1_9,passive_AM,experiment1
65,0.674,0.244792222758878,1.97,0.171446607997765,NA,NA,36.5948037459589,2.5,1,TRUE,TRUE,1,SSP1_1_9,passive_AM,experiment1
66,0.683,0.234436784785592,1.97,0.171446607997765,NA,NA,36.5948037459589,2.5,1,TRUE,TRUE,1,SSP1_1_9,passive_AM,experiment1
67,0.687,0.234264376249992,1.97,0.171446607997765,NA,NA,36.5948037459589,2.5,1,TRUE,TRUE,1,SSP1_1_9,passive_AM,experiment1
68,0.676,0.230554886210541,1.97,0.171446607997765,NA,NA,36.5948037459589,2.5,1,TRUE,TRUE,1,SSP1_1_9,passive_AM,experiment1
69,0.663,0.244393704559432,1.96,0.196946385566932,NA,NA,36.5948037459589,2.5,1,TRUE,TRUE,1,SSP1_1_9,passive_AM,experiment1
70,0.69,0.250857116560988,1.96,0.196946385566932,NA,NA,36.5948037459589,2.5,1,TRUE,TRUE,1,SSP1_1_9,passive_AM,experiment1
71,0.672,0.232283351869125,1.96,0.196946385566932,NA,NA,36.5948037459589,2.5,1,TRUE,TRUE,1,SSP1_1_9,passive_AM,experiment1
72,0.671,0.231941737720855,1.96,0.196946385566932,NA,NA,36.5948037459589,2.5,1,TRUE,TRUE,1,SSP1_1_9,passive_AM,experiment1
73,0.682,0.24345161093878,1.96,0.196946385566932,NA,NA,36.5948037459589,2.5,1,TRUE,TRUE,1,SSP1_1_9,passive_AM,experiment1
74,0.684,0.241928280548788,1.96,0.196946385566932,NA,NA,36.5948037459589,2.5,1,TRUE,TRUE,1,SSP1_1_9,passive_AM,experiment1
75,0.689,0.251819640443575,1.96,0.196946385566932,NA,NA,36.5948037459589,2.5,1,TRUE,TRUE,1,SSP1_1_9,passive_AM,experiment1
76,0.674,0.254899465228426,1.96,0.196946385566932,NA,NA,36.5948037459589,2.5,1,TRUE,TRUE,1,SSP1_1_9,passive_AM,experiment1
77,0.663,0.261176437132317,1.95,0.21904291355759,NA,NA,36.5948037459589,2.5,1,TRUE,TRUE,1,SSP1_1_9,passive_AM,experiment1
78,0.667,0.266308471551699,1.94,0.238683256575942,NA,NA,36.5948037459589,2.5,1,TRUE,TRUE,1,SSP1_1_9,passive_AM,experiment1
79,0.65,0.258785040080946,1.91,0.287623491264661,NA,NA,36.5948037459589,2.5,1,TRUE,TRUE,1,SSP1_1_9,passive_AM,experiment1
80,0.669,0.264267617648046,1.91,0.287623491264661,NA,NA,36.5948037459589,2.5,1,TRUE,TRUE,1,SSP1_1_9,passive_AM,experiment1
81,0.641,0.251899851833095,1.91,0.287623491264661,NA,NA,36.5948037459589,2.5,1,TRUE,TRUE,1,SSP1_1_9,passive_AM,experiment1
82,0.665,0.250403714433353,1.92,0.272659924344291,NA,NA,36.5948037459589,2.5,1,TRUE,TRUE,1,SSP1_1_9,passive_AM,experiment1
83,0.669,0.257295569532416,1,0,NA,NA,36.5948037459589,2.5,1,TRUE,TRUE,1,SSP1_1_9,passive_AM,experiment1
0,1,0,2,0,0.95,0,40.4527874083271,2.5,2.5,TRUE,TRUE,1,SSP1_1_9,passive_AM,experiment1
1,0.866,0.135750811519795,2,0,1.7497616,0.133049370370551,40.4527874083271,2.5,2.5,TRUE,TRUE,1,SSP1_1_9,passive_AM,experiment1
2,0.811,0.152351931760352,2,0,2.488159139,0.253930070255833,40.4527874083271,2.5,2.5,TRUE,TRUE,1,SSP1_1_9,passive_AM,experiment1
3,0.776,0.174726337251408,2,0,3.18555184226,0.372897593023647,40.4527874083271,2.5,2.5,TRUE,TRUE,1,SSP1_1_9,passive_AM,experiment1
4,0.767,0.183156939935304,2,0,3.8674117080383,0.484599037573784,40.4527874083271,2.5,2.5,TRUE,TRUE,1,SSP1_1_9,passive_AM,experiment1
5,0.748,0.174934331113193,2,0,4.5245648523202,0.588447099901677,40.4527874083271,2.5,2.5,TRUE,TRUE,1,SSP1_1_9,passive_AM,experiment1
6,0.764,0.173798908529543,2,0,5.19005951072579,0.688937683213494,40.4527874083271,2.5,2.5,TRUE,TRUE,1,SSP1_1_9,passive_AM,experiment1
7,0.783,0.168807463093193,2,0,5.86643137174145,0.775080940057021,40.4527874083271,2.5,2.5,TRUE,TRUE,1,SSP1_1_9,passive_AM,experiment1
8,0.784,0.179066039395097,2,0,6.53695303139445,0.872880582186161,40.4527874083271,2.5,2.5,TRUE,TRUE,1,SSP1_1_9,passive_AM,experiment1
9,0.768,0.190098326498088,2,0,7.18629936125077,0.977953558879389,40.4527874083271,2.5,2.5,TRUE,TRUE,1,SSP1_1_9,passive_AM,experiment1
10,0.762,0.215921796542689,1.99,0.1,NA,NA,40.4527874083271,2.5,2.5,TRUE,TRUE,1,SSP1_1_9,passive_AM,experiment1
11,0.741,0.207483722131388,1.99,0.1,NA,NA,40.4527874083271,2.5,2.5,TRUE,TRUE,1,SSP1_1_9,passive_AM,experiment1
12,0.765,0.213851170752753,1.99,0.1,NA,NA,40.4527874083271,2.5,2.5,TRUE,TRUE,1,SSP1_1_9,passive_AM,experiment1
13,0.721,0.205133610068653,1.99,0.1,NA,NA,40.4527874083271,2.5,2.5,TRUE,TRUE,1,SSP1_1_9,passive_AM,experiment1
14,0.728,0.186991060122287,1.99,0.1,NA,NA,40.4527874083271,2.5,2.5,TRUE,TRUE,1,SSP1_1_9,passive_AM,experiment1
15,0.733,0.201537023192196,1.99,0.1,NA,NA,40.4527874083271,2.5,2.5,TRUE,TRUE,1,SSP1_1_9,passive_AM,experiment1
16,0.74,0.195917937881753,1.99,0.1,NA,NA,40.4527874083271,2.5,2.5,TRUE,TRUE,1,SSP1_1_9,passive_AM,experiment1
17,0.742,0.194977336160287,1.99,0.1,NA,NA,40.4527874083271,2.5,2.5,TRUE,TRUE,1,SSP1_1_9,passive_AM,experiment1
18,0.731,0.214944202296806,1.98,0.14070529413629,NA,NA,40.4527874083271,2.5,2.5,TRUE,TRUE,1,SSP1_1_9,passive_AM,experiment1
19,0.734,0.20558858593479,1.98,0.14070529413629,NA,NA,40.4527874083271,2.5,2.5,TRUE,TRUE,1,SSP1_1_9,passive_AM,experiment1
20,0.743,0.197589003088264,1.98,0.14070529413629,NA,NA,40.4527874083271,2.5,2.5,TRUE,TRUE,1,SSP1_1_9,passive_AM,experiment1
21,0.748,0.196679506514604,1.98,0.14070529413629,NA,NA,40.4527874083271,2.5,2.5,TRUE,TRUE,1,SSP1_1_9,passive_AM,experiment1
22,0.737,0.205310801597298,1.98,0.14070529413629,NA,NA,40.4527874083271,2.5,2.5,TRUE,TRUE,1,SSP1_1_9,passive_AM,experiment1
23,0.738,0.206842544907566,1.98,0.14070529413629,NA,NA,40.4527874083271,2.5,2.5,TRUE,TRUE,1,SSP1_1_9,passive_AM,experiment1
24,0.737,0.229031778484025,1.98,0.14070529413629,NA,NA,40.4527874083271,2.5,2.5,TRUE,TRUE,1,SSP1_1_9,passive_AM,experiment1
25,0.715,0.221735578260835,1.98,0.14070529413629,NA,NA,40.4527874083271,2.5,2.5,TRUE,TRUE,1,SSP1_1_9,passive_AM,experiment1
26,0.705,0.218523511898663,1.98,0.14070529413629,NA,NA,40.4527874083271,2.5,2.5,TRUE,TRUE,1,SSP1_1_9,passive_AM,experiment1
27,0.733,0.216983451400834,1.98,0.14070529413629,NA,NA,40.4527874083271,2.5,2.5,TRUE,TRUE,1,SSP1_1_9,passive_AM,experiment1
28,0.733,0.217448472939771,1.98,0.14070529413629,NA,NA,40.4527874083271,2.5,2.5,TRUE,TRUE,1,SSP1_1_9,passive_AM,experiment1
29,0.742,0.21704163357999,1.98,0.14070529413629,NA,NA,40.4527874083271,2.5,2.5,TRUE,TRUE,1,SSP1_1_9,passive_AM,experiment1
30,0.723,0.219666873591662,1.98,0.14070529413629,NA,NA,40.4527874083271,2.5,2.5,TRUE,TRUE,1,SSP1_1_9,passive_AM,experiment1
31,0.712,0.211908118072552,1.98,0.14070529413629,NA,NA,40.4527874083271,2.5,2.5,TRUE,TRUE,1,SSP1_1_9,passive_AM,experiment1
32,0.72,0.217422922601844,1.98,0.14070529413629,NA,NA,40.4527874083271,2.5,2.5,TRUE,TRUE,1,SSP1_1_9,passive_AM,experiment1
33,0.722,0.215828214517514,1.98,0.14070529413629,NA,NA,40.4527874083271,2.5,2.5,TRUE,TRUE,1,SSP1_1_9,passive_AM,experiment1
34,0.719,0.227722585084518,1.97,0.171446607997765,NA,NA,40.4527874083271,2.5,2.5,TRUE,TRUE,1,SSP1_1_9,passive_AM,experiment1
35,0.725,0.21619996355787,1.97,0.171446607997765,NA,NA,40.4527874083271,2.5,2.5,TRUE,TRUE,1,SSP1_1_9,passive_AM,experiment1
36,0.718,0.223100285463146,1.97,0.171446607997765,NA,NA,40.4527874083271,2.5,2.5,TRUE,TRUE,1,SSP1_1_9,passive_AM,experiment1
37,0.71,0.212012959390446,1.97,0.171446607997765,NA,NA,40.4527874083271,2.5,2.5,TRUE,TRUE,1,SSP1_1_9,passive_AM,experiment1
38,0.725,0.21806078292647,1.97,0.171446607997765,NA,NA,40.4527874083271,2.5,2.5,TRUE,TRUE,1,SSP1_1_9,passive_AM,experiment1
39,0.737,0.213983384609387,1.97,0.171446607997765,NA,NA,40.4527874083271,2.5,2.5,TRUE,TRUE,1,SSP1_1_9,passive_AM,experiment1
40,0.754,0.209096179116722,1.97,0.171446607997765,NA,NA,40.4527874083271,2.5,2.5,TRUE,TRUE,1,SSP1_1_9,passive_AM,experiment1
41,0.727,0.22240876009199,1.97,0.171446607997765,NA,NA,40.4527874083271,2.5,2.5,TRUE,TRUE,1,SSP1_1_9,passive_AM,experiment1
42,0.732,0.222873792251865,1.97,0.171446607997765,NA,NA,40.4527874083271,2.5,2.5,TRUE,TRUE,1,SSP1_1_9,passive_AM,experiment1
43,0.739,0.224686088540965,1.97,0.171446607997765,NA,NA,40.4527874083271,2.5,2.5,TRUE,TRUE,1,SSP1_1_9,passive_AM,experiment1
44,0.717,0.227438525382757,1.97,0.171446607997765,NA,NA,40.4527874083271,2.5,2.5,TRUE,TRUE,1,SSP1_1_9,passive_AM,experiment1
45,0.727,0.22195413121552,1.97,0.171446607997765,NA,NA,40.4527874083271,2.5,2.5,TRUE,TRUE,1,SSP1_1_9,passive_AM,experiment1
46,0.726,0.232083231325803,1.97,0.171446607997765,NA,NA,40.4527874083271,2.5,2.5,TRUE,TRUE,1,SSP1_1_9,passive_AM,experiment1
47,0.714,0.229632996608312,1.97,0.171446607997765,NA,NA,40.4527874083271,2.5,2.5,TRUE,TRUE,1,SSP1_1_9,passive_AM,experiment1
48,0.72,0.234843597212092,1.97,0.171446607997765,NA,NA,40.4527874083271,2.5,2.5,TRUE,TRUE,1,SSP1_1_9,passive_AM,experiment1
49,0.684,0.245657230195805,1.97,0.171446607997765,NA,NA,40.4527874083271,2.5,2.5,TRUE,TRUE,1,SSP1_1_9,passive_AM,experiment1
50,0.663,0.241064558183324,1.97,0.171446607997765,NA,NA,40.4527874083271,2.5,2.5,TRUE,TRUE,1,SSP1_1_9,passive_AM,experiment1
51,0.642,0.214231065662638,1.97,0.171446607997765,NA,NA,40.4527874083271,2.5,2.5,TRUE,TRUE,1,SSP1_1_9,passive_AM,experiment1
52,0.678,0.224993827075816,1.97,0.171446607997765,NA,NA,40.4527874083271,2.5,2.5,TRUE,TRUE,1,SSP1_1_9,passive_AM,experiment1
53,0.671,0.223965635892219,1.97,0.171446607997765,NA,NA,40.4527874083271,2.5,2.5,TRUE,TRUE,1,SSP1_1_9,passive_AM,experiment1
54,0.675,0.211476292340825,1.97,0.171446607997765,NA,NA,40.4527874083271,2.5,2.5,TRUE,TRUE,1,SSP1_1_9,passive_AM,experiment1
55,0.673,0.216424106650331,1.97,0.171446607997765,NA,NA,40.4527874083271,2.5,2.5,TRUE,TRUE,1,SSP1_1_9,passive_AM,experiment1
56,0.681,0.222789931404796,1.97,0.171446607997765,NA,NA,40.4527874083271,2.5,2.5,TRUE,TRUE,1,SSP1_1_9,passive_AM,experiment1
57,0.693,0.231924317157319,1.97,0.171446607997765,NA,NA,40.4527874083271,2.5,2.5,TRUE,TRUE,1,SSP1_1_9,passive_AM,experiment1
58,0.709,0.235314103429283,1.97,0.171446607997765,NA,NA,40.4527874083271,2.5,2.5,TRUE,TRUE,1,SSP1_1_9,passive_AM,experiment1
59,0.695,0.235862911733306,1.96,0.196946385566932,NA,NA,40.4527874083271,2.5,2.5,TRUE,TRUE,1,SSP1_1_9,passive_AM,experiment1
60,0.686,0.238691720371146,1.96,0.196946385566932,NA,NA,40.4527874083271,2.5,2.5,TRUE,TRUE,1,SSP1_1_9,passive_AM,experiment1
61,0.682,0.238420729896636,1.95,0.21904291355759,NA,NA,40.4527874083271,2.5,2.5,TRUE,TRUE,1,SSP1_1_9,passive_AM,experiment1
62,0.703,0.246369599987457,1.95,0.21904291355759,NA,NA,40.4527874083271,2.5,2.5,TRUE,TRUE,1,SSP1_1_9,passive_AM,experiment1
63,0.654,0.239705206156616,1.95,0.21904291355759,NA,NA,40.4527874083271,2.5,2.5,TRUE,TRUE,1,SSP1_1_9,passive_AM,experiment1
64,0.654,0.235882182541209,1.95,0.21904291355759,NA,NA,40.4527874083271,2.5,2.5,TRUE,TRUE,1,SSP1_1_9,passive_AM,experiment1
65,0.676,0.249896948457729,1.95,0.21904291355759,NA,NA,40.4527874083271,2.5,2.5,TRUE,TRUE,1,SSP1_1_9,passive_AM,experiment1
66,0.678,0.239350974280217,1.95,0.21904291355759,NA,NA,40.4527874083271,2.5,2.5,TRUE,TRUE,1,SSP1_1_9,passive_AM,experiment1
67,0.697,0.245959264098671,1.95,0.21904291355759,NA,NA,40.4527874083271,2.5,2.5,TRUE,TRUE,1,SSP1_1_9,passive_AM,experiment1
68,0.702,0.244527993068154,1.95,0.21904291355759,NA,NA,40.4527874083271,2.5,2.5,TRUE,TRUE,1,SSP1_1_9,passive_AM,experiment1
69,0.706,0.23987370414323,1.95,0.21904291355759,NA,NA,40.4527874083271,2.5,2.5,TRUE,TRUE,1,SSP1_1_9,passive_AM,experiment1
70,0.708,0.227271919190483,1.95,0.21904291355759,NA,NA,40.4527874083271,2.5,2.5,TRUE,TRUE,1,SSP1_1_9,passive_AM,experiment1
71,0.695,0.232411599355866,1.95,0.21904291355759,NA,NA,40.4527874083271,2.5,2.5,TRUE,TRUE,1,SSP1_1_9,passive_AM,experiment1
72,0.713,0.239382623437961,1.95,0.21904291355759,NA,NA,40.4527874083271,2.5,2.5,TRUE,TRUE,1,SSP1_1_9,passive_AM,experiment1
73,0.716,0.233860875502742,1.95,0.21904291355759,NA,NA,40.4527874083271,2.5,2.5,TRUE,TRUE,1,SSP1_1_9,passive_AM,experiment1
74,0.703,0.227616104239333,1.95,0.21904291355759,NA,NA,40.4527874083271,2.5,2.5,TRUE,TRUE,1,SSP1_1_9,passive_AM,experiment1
75,0.705,0.233711814252536,1.95,0.21904291355759,NA,NA,40.4527874083271,2.5,2.5,TRUE,TRUE,1,SSP1_1_9,passive_AM,experiment1
76,0.692,0.238123980949064,1.95,0.21904291355759,NA,NA,40.4527874083271,2.5,2.5,TRUE,TRUE,1,SSP1_1_9,passive_AM,experiment1
77,0.693,0.239213779542969,1.95,0.21904291355759,NA,NA,40.4527874083271,2.5,2.5,TRUE,TRUE,1,SSP1_1_9,passive_AM,experiment1
78,0.703,0.246369599987457,1.94,0.238683256575942,NA,NA,40.4527874083271,2.5,2.5,TRUE,TRUE,1,SSP1_1_9,passive_AM,experiment1
79,0.694,0.255769782848134,1.94,0.238683256575942,NA,NA,40.4527874083271,2.5,2.5,TRUE,TRUE,1,SSP1_1_9,passive_AM,experiment1
80,0.671,0.249158178633169,1.94,0.238683256575942,NA,NA,40.4527874083271,2.5,2.5,TRUE,TRUE,1,SSP1_1_9,passive_AM,experiment1
81,0.692,0.257681974534503,1.93,0.256432399976243,NA,NA,40.4527874083271,2.5,2.5,TRUE,TRUE,1,SSP1_1_9,passive_AM,experiment1
82,0.669,0.248914816470587,1.92,0.272659924344291,NA,NA,40.4527874083271,2.5,2.5,TRUE,TRUE,1,SSP1_1_9,passive_AM,experiment1
83,0.688,0.247932868072604,1,0,NA,NA,40.4527874083271,2.5,2.5,TRUE,TRUE,1,SSP1_1_9,passive_AM,experiment1
