37.2336996248393,0,36.5948037459589,2.5,1,TRUE,TRUE,1,SSP1_1_9,AM_85,experiment1
37.2336996248393,0,40.4527874083271,2.5,2.5,TRUE,TRUE,1,SSP1_1_9,AM_85,experiment1
34.1538327911302,0,33.4623457346053,2.5,1,TRUE,TRUE,1,SSP1_2_6,AM_85,experiment1
34.1538327911302,0,40.1434546249568,2.5,2.5,TRUE,TRUE,1,SSP1_2_6,AM_85,experiment1
32.3952503793865,0,31.3036084319923,2.5,1,TRUE,TRUE,1,SSP2_4_5,AM_85,experiment1
32.3952503793865,0,39.1636523412478,2.5,2.5,TRUE,TRUE,1,SSP2_4_5,AM_85,experiment1
29.3848243276025,0,25.9980109039918,2.5,1,TRUE,TRUE,1,SSP3_7_0,AM_85,experiment1
29.3848243276025,0,37.6584399386938,2.5,2.5,TRUE,TRUE,1,SSP3_7_0,AM_85,experiment1
26.6171158823716,0,22.6548983945026,2.5,1,TRUE,TRUE,1,SSP5_8_5,AM_85,experiment1
26.6171158823716,0,35.8398296528052,2.5,2.5,TRUE,TRUE,1,SSP5_8_5,AM_85,experiment1
37.0150959389814,0,36.2491517156374,1,1,TRUE,TRUE,1,SSP1_1_9,AM_85,experiment2
37.0150959389814,0,36.5948037459589,2.5,1,TRUE,TRUE,1,SSP1_1_9,AM_85,experiment2
37.0150959389814,0,38.0722357239641,1,2.5,TRUE,TRUE,1,SSP1_1_9,AM_85,experiment2
37.0150959389814,0,40.4527874083271,2.5,2.5,TRUE,TRUE,1,SSP1_1_9,AM_85,experiment2
34.8921607587994,0,34.2092321239154,1,1,TRUE,TRUE,1,SSP1_2_6,AM_85,experiment2
34.8921607587994,0,33.4623457346053,2.5,1,TRUE,TRUE,1,SSP1_2_6,AM_85,experiment2
34.8921607587994,0,37.322329367697,1,2.5,TRUE,TRUE,1,SSP1_2_6,AM_85,experiment2
34.8921607587994,0,40.1434546249568,2.5,2.5,TRUE,TRUE,1,SSP1_2_6,AM_85,experiment2
32.3747569895436,0,32.0961086602234,1,1,TRUE,TRUE,1,SSP2_4_5,AM_85,experiment2
32.3747569895436,0,31.3036084319923,2.5,1,TRUE,TRUE,1,SSP2_4_5,AM_85,experiment2
32.3747569895436,0,36.1220228979259,1,2.5,TRUE,TRUE,1,SSP2_4_5,AM_85,experiment2
32.3747569895436,0,39.1636523412478,2.5,2.5,TRUE,TRUE,1,SSP2_4_5,AM_85,experiment2
30.0886307475103,0,29.5905696411211,1,1,TRUE,TRUE,1,SSP3_7_0,AM_85,experiment2
30.0886307475103,0,25.9980109039918,2.5,1,TRUE,TRUE,1,SSP3_7_0,AM_85,experiment2
30.0886307475103,0,35.2361597076553,1,2.5,TRUE,TRUE,1,SSP3_7_0,AM_85,experiment2
30.0886307475103,0,37.6584399386938,2.5,2.5,TRUE,TRUE,1,SSP3_7_0,AM_85,experiment2
28.0403936878739,0,27.4844402072966,1,1,TRUE,TRUE,1,SSP5_8_5,AM_85,experiment2
28.0403936878739,0,22.6548983945026,2.5,1,TRUE,TRUE,1,SSP5_8_5,AM_85,experiment2
28.0403936878739,0,34.3001234822057,1,2.5,TRUE,TRUE,1,SSP5_8_5,AM_85,experiment2
28.0403936878739,0,35.8398296528052,2.5,2.5,TRUE,TRUE,1,SSP5_8_5,AM_85,experiment2
37.3989423953017,0,36.2491517156374,1,1,TRUE,TRUE,1,SSP1_1_9,AM_85,experiment3
37.3989423953017,0,36.5666923675196,1.5,1,TRUE,TRUE,1,SSP1_1_9,AM_85,experiment3
37.3989423953017,0,36.5912375630026,2,1,TRUE,TRUE,1,SSP1_1_9,AM_85,experiment3
37.3989423953017,0,36.5948037459589,2.5,1,TRUE,TRUE,1,SSP1_1_9,AM_85,experiment3
37.3989423953017,0,37.7681585611011,1,1.5,TRUE,TRUE,1,SSP1_1_9,AM_85,experiment3
37.3989423953017,0,37.8969760734706,1.5,1.5,TRUE,TRUE,1,SSP1_1_9,AM_85,experiment3
37.3989423953017,0,37.9216971594239,2,1.5,TRUE,TRUE,1,SSP1_1_9,AM_85,experiment3
37.3989423953017,0,37.9244886625456,2.5,1.5,TRUE,TRUE,1,SSP1_1_9,AM_85,experiment3
37.3989423953017,0,38.0461308285429,1,2,TRUE,TRUE,1,SSP1_1_9,AM_85,experiment3
37.3989423953017,0,38.7529711309796,1.5,2,TRUE,TRUE,1,SSP1_1_9,AM_85,experiment3
37.3989423953017,0,39.0918662229752,2,2,TRUE,TRUE,1,SSP1_1_9,AM_85,experiment3
37.3989423953017,0,39.2837914219837,2.5,2,TRUE,TRUE,1,SSP1_1_9,AM_85,experiment3
37.3989423953017,0,38.0722357239641,1,2.5,TRUE,TRUE,1,SSP1_1_9,AM_85,experiment3
37.3989423953017,0,38.9514685686904,1.5,2.5,TRUE,TRUE,1,SSP1_1_9,AM_85,experiment3
37.3989423953017,0,39.9971975076152,2,2.5,TRUE,TRUE,1,SSP1_1_9,AM_85,experiment3
37.3989423953017,0,40.4527874083271,2.5,2.5,TRUE,TRUE,1,SSP1_1_9,AM_85,experiment3
35.7703182237146,0,34.2092321239154,1,1,TRUE,TRUE,1,SSP1_2_6,AM_85,experiment3
35.7703182237146,0,33.5867237787325,1.5,1,TRUE,TRUE,1,SSP1_2_6,AM_85,experiment3
35.7703182237146,0,33.4891000528679,2,1,TRUE,TRUE,1,SSP1_2_6,AM_85,experiment3
35.7703182237146,0,33.4623457346053,2.5,1,TRUE,TRUE,1,SSP1_2_6,AM_85,experiment3
35.7703182237146,0,36.9012380332705,1,1.5,TRUE,TRUE,1,SSP1_2_6,AM_85,experiment3
35.7703182237146,0,37.5758749818115,1.5,1.5,TRUE,TRUE,1,SSP1_2_6,AM_85,experiment3
35.7703182237146,0,37.6692892121144,2,1.5,TRUE,TRUE,1,SSP1_2_6,AM_85,experiment3
35.7703182237146,0,37.6773965140435,2.5,1.5,TRUE,TRUE,1,SSP1_2_6,AM_85,experiment3
35.7703182237146,0,37.2893633287847,1,2,TRUE,TRUE,1,SSP1_2_6,AM_85,experiment3
35.7703182237146,0,38.4873390239237,1.5,2,TRUE,TRUE,1,SSP1_2_6,AM_85,experiment3
35.7703182237146,0,38.6873366799773,2,2,TRUE,TRUE,1,SSP1_2_6,AM_85,experiment3
35.7703182237146,0,38.6589421850932,2.5,2,TRUE,TRUE,1,SSP1_2_6,AM_85,experiment3
35.7703182237146,0,37.322329367697,1,2.5,TRUE,TRUE,1,SSP1_2_6,AM_85,experiment3
35.7703182237146,0,38.7176413525774,1.5,2.5,TRUE,TRUE,1,SSP1_2_6,AM_85,experiment3
35.7703182237146,0,39.4998075194019,2,2.5,TRUE,TRUE,1,SSP1_2_6,AM_85,experiment3
35.7703182237146,0,40.1434546249568,2.5,2.5,TRUE,TRUE,1,SSP1_2_6,AM_85,experiment3
32.8850219991786,0,32.0961086602234,1,1,TRUE,TRUE,1,SSP2_4_5,AM_85,experiment3
32.8850219991786,0,31.5418573121787,1.5,1,TRUE,TRUE,1,SSP2_4_5,AM_85,experiment3
32.8850219991786,0,31.3271009375364,2,1,TRUE,TRUE,1,SSP2_4_5,AM_85,experiment3
32.8850219991786,0,31.3036084319923,2.5,1,TRUE,TRUE,1,SSP2_4_5,AM_85,experiment3
32.8850219991786,0,35.5050074940249,1,1.5,TRUE,TRUE,1,SSP2_4_5,AM_85,experiment3
32.8850219991786,0,35.0409453082742,1.5,1.5,TRUE,TRUE,1,SSP2_4_5,AM_85,experiment3
32.8850219991786,0,34.7326437816426,2,1.5,TRUE,TRUE,1,SSP2_4_5,AM_85,experiment3
32.8850219991786,0,34.6546622286851,2.5,1.5,TRUE,TRUE,1,SSP2_4_5,AM_85,experiment3
32.8850219991786,0,36.0698521640069,1,2,TRUE,TRUE,1,SSP2_4_5,AM_85,experiment3
32.8850219991786,0,37.251999710983,1.5,2,TRUE,TRUE,1,SSP2_4_5,AM_85,experiment3
32.8850219991786,0,37.7069640418663,2,2,TRUE,TRUE,1,SSP2_4_5,AM_85,experiment3
32.8850219991786,0,37.3514135292776,2.5,2,TRUE,TRUE,1,SSP2_4_5,AM_85,experiment3
32.8850219991786,0,36.1220228979259,1,2.5,TRUE,TRUE,1,SSP2_4_5,AM_85,experiment3
32.8850219991786,0,37.6161882428308,1.5,2.5,TRUE,TRUE,1,SSP2_4_5,AM_85,experiment3
32.8850219991786,0,38.8502603488538,2,2.5,TRUE,TRUE,1,SSP2_4_5,AM_85,experiment3
32.8850219991786,0,39.1636523412478,2.5,2.5,TRUE,TRUE,1,SSP2_4_5,AM_85,experiment3
30.7208629274039,0,29.5905696411211,1,1,TRUE,TRUE,1,SSP3_7_0,AM_85,experiment3
30.7208629274039,0,26.886474659143,1.5,1,TRUE,TRUE,1,SSP3_7_0,AM_85,experiment3
30.7208629274039,0,26.0177087115469,2,1,TRUE,TRUE,1,SSP3_7_0,AM_85,experiment3
30.7208629274039,0,25.9980109039918,2.5,1,TRUE,TRUE,1,SSP3_7_0,AM_85,experiment3
30.7208629274039,0,34.4656381780971,1,1.5,TRUE,TRUE,1,SSP3_7_0,AM_85,experiment3
30.7208629274039,0,33.020500251186,1.5,1.5,TRUE,TRUE,1,SSP3_7_0,AM_85,experiment3
30.7208629274039,0,31.0894573631305,2,1.5,TRUE,TRUE,1,SSP3_7_0,AM_85,experiment3
30.7208629274039,0,30.5447068059929,2.5,1.5,TRUE,TRUE,1,SSP3_7_0,AM_85,experiment3
30.7208629274039,0,35.1696649522405,1,2,TRUE,TRUE,1,SSP3_7_0,AM_85,experiment3
30.7208629274039,0,36.2874304025152,1.5,2,TRUE,TRUE,1,SSP3_7_0,AM_85,experiment3
30.7208629274039,0,35.7333090659301,2,2,TRUE,TRUE,1,SSP3_7_0,AM_85,experiment3
30.7208629274039,0,34.8732464646968,2.5,2,TRUE,TRUE,1,SSP3_7_0,AM_85,experiment3
30.7208629274039,0,35.2361597076553,1,2.5,TRUE,TRUE,1,SSP3_7_0,AM_85,experiment3
30.7208629274039,0,36.7719589967272,1.5,2.5,TRUE,TRUE,1,SSP3_7_0,AM_85,experiment3
30.7208629274039,0,37.8132528760391,2,2.5,TRUE,TRUE,1,SSP3_7_0,AM_85,experiment3
30.7208629274039,0,37.6584399386938,2.5,2.5,TRUE,TRUE,1,SSP3_7_0,AM_85,experiment3
28.6207053647691,0,27.4844402072966,1,1,TRUE,TRUE,1,SSP5_8_5,AM_85,experiment3
28.6207053647691,0,23.7832337710011,1.5,1,TRUE,TRUE,1,SSP5_8_5,AM_85,experiment3
28.6207053647691,0,22.6751447299691,2,1,TRUE,TRUE,1,SSP5_8_5,AM_85,experiment3
28.6207053647691,0,22.6548983945026,2.5,1,TRUE,TRUE,1,SSP5_8_5,AM_85,experiment3
28.6207053647691,0,33.3885210768902,1,1.5,TRUE,TRUE,1,SSP5_8_5,AM_85,experiment3
28.6207053647691,0,30.6946686822046,1.5,1.5,TRUE,TRUE,1,SSP5_8_5,AM_85,experiment3
28.6207053647691,0,27.4474214657352,2,1.5,TRUE,TRUE,1,SSP5_8_5,AM_85,experiment3
28.6207053647691,0,26.6187924240127,2.5,1.5,TRUE,TRUE,1,SSP5_8_5,AM_85,experiment3
28.6207053647691,0,34.2194747827286,1,2,TRUE,TRUE,1,SSP5_8_5,AM_85,experiment3
28.6207053647691,0,35.1806896908435,1.5,2,TRUE,TRUE,1,SSP5_8_5,AM_85,experiment3
28.6207053647691,0,33.5350839530973,2,2,TRUE,TRUE,1,SSP5_8_5,AM_85,experiment3
28.6207053647691,0,30.889232160913,2.5,2,TRUE,TRUE,1,SSP5_8_5,AM_85,experiment3
28.6207053647691,0,34.3001234822057,1,2.5,TRUE,TRUE,1,SSP5_8_5,AM_85,experiment3
28.6207053647691,0,35.7979361766851,1.5,2.5,TRUE,TRUE,1,SSP5_8_5,AM_85,experiment3
28.6207053647691,0,36.7766851844918,2,2.5,TRUE,TRUE,1,SSP5_8_5,AM_85,experiment3
28.6207053647691,0,35.8398296528052,2.5,2.5,TRUE,TRUE,1,SSP5_8_5,AM_85,experiment3
