"max_value","test_value","delta_t_crit_r","delta_t_crit_K","sigmoid_bool_r","sigmoid_bool_K","DEP_EFFECT","scen","delta_t_crit_r_test","delta_t_crit_K_test","sigmoid_bool_r_test","sigmoid_bool_K_test","DEP_EFFECT_test","scen_test"
36.5949613555947,36.5949613555947,1,1,FALSE,TRUE,1,"SSP1_1_9",1,1,FALSE,TRUE,1,"SSP1_1_9"
36.5949613555947,36.5946460179837,1,1,FALSE,TRUE,1,"SSP1_1_9",1,1.15,FALSE,TRUE,1,"SSP1_1_9"
36.5949613555947,35.9547320906408,1,1,FALSE,TRUE,1,"SSP1_1_9",1,1.3,FALSE,TRUE,1,"SSP1_1_9"
36.5949613555947,33.223759778651,1,1,FALSE,TRUE,1,"SSP1_1_9",1,1.45,FALSE,TRUE,1,"SSP1_1_9"
36.5949613555947,25.2023042936348,1,1,FALSE,TRUE,1,"SSP1_1_9",1,1.6,FALSE,TRUE,1,"SSP1_1_9"
36.5949613555947,8.40472766467683,1,1,FALSE,TRUE,1,"SSP1_1_9",1,1.75,FALSE,TRUE,1,"SSP1_1_9"
36.5949613555947,5.71179472399864,1,1,FALSE,TRUE,1,"SSP1_1_9",1,1.9,FALSE,TRUE,1,"SSP1_1_9"
36.5949613555947,5.63128124908898,1,1,FALSE,TRUE,1,"SSP1_1_9",1,2.05,FALSE,TRUE,1,"SSP1_1_9"
36.5949613555947,5.63128124908898,1,1,FALSE,TRUE,1,"SSP1_1_9",1,2.2,FALSE,TRUE,1,"SSP1_1_9"
36.5949613555947,5.63128124908898,1,1,FALSE,TRUE,1,"SSP1_1_9",1,2.35,FALSE,TRUE,1,"SSP1_1_9"
36.5949613555947,5.63128124908898,1,1,FALSE,TRUE,1,"SSP1_1_9",1,2.5,FALSE,TRUE,1,"SSP1_1_9"
37.304614266596,37.30444807452,1,1.15,FALSE,TRUE,1,"SSP1_1_9",1,1,FALSE,TRUE,1,"SSP1_1_9"
37.304614266596,37.304614266596,1,1.15,FALSE,TRUE,1,"SSP1_1_9",1,1.15,FALSE,TRUE,1,"SSP1_1_9"
37.304614266596,37.1945921407911,1,1.15,FALSE,TRUE,1,"SSP1_1_9",1,1.3,FALSE,TRUE,1,"SSP1_1_9"
37.304614266596,36.7784145783793,1,1.15,FALSE,TRUE,1,"SSP1_1_9",1,1.45,FALSE,TRUE,1,"SSP1_1_9"
37.304614266596,33.43500599805,1,1.15,FALSE,TRUE,1,"SSP1_1_9",1,1.6,FALSE,TRUE,1,"SSP1_1_9"
37.304614266596,22.3706950019358,1,1.15,FALSE,TRUE,1,"SSP1_1_9",1,1.75,FALSE,TRUE,1,"SSP1_1_9"
37.304614266596,9.3317294700473,1,1.15,FALSE,TRUE,1,"SSP1_1_9",1,1.9,FALSE,TRUE,1,"SSP1_1_9"
37.304614266596,8.92448992740709,1,1.15,FALSE,TRUE,1,"SSP1_1_9",1,2.05,FALSE,TRUE,1,"SSP1_1_9"
37.304614266596,8.92448992740709,1,1.15,FALSE,TRUE,1,"SSP1_1_9",1,2.2,FALSE,TRUE,1,"SSP1_1_9"
37.304614266596,8.92448992740709,1,1.15,FALSE,TRUE,1,"SSP1_1_9",1,2.35,FALSE,TRUE,1,"SSP1_1_9"
37.304614266596,8.92448992740709,1,1.15,FALSE,TRUE,1,"SSP1_1_9",1,2.5,FALSE,TRUE,1,"SSP1_1_9"
37.6631369080365,37.6141653628171,1,1.3,FALSE,TRUE,1,"SSP1_1_9",1,1,FALSE,TRUE,1,"SSP1_1_9"
37.6631369080365,37.6145603803761,1,1.3,FALSE,TRUE,1,"SSP1_1_9",1,1.15,FALSE,TRUE,1,"SSP1_1_9"
37.6631369080365,37.6631369080365,1,1.3,FALSE,TRUE,1,"SSP1_1_9",1,1.3,FALSE,TRUE,1,"SSP1_1_9"
37.6631369080365,37.5877375048806,1,1.3,FALSE,TRUE,1,"SSP1_1_9",1,1.45,FALSE,TRUE,1,"SSP1_1_9"
37.6631369080365,36.5004306427461,1,1.3,FALSE,TRUE,1,"SSP1_1_9",1,1.6,FALSE,TRUE,1,"SSP1_1_9"
37.6631369080365,32.5393162933084,1,1.3,FALSE,TRUE,1,"SSP1_1_9",1,1.75,FALSE,TRUE,1,"SSP1_1_9"
37.6631369080365,15.8704701689914,1,1.3,FALSE,TRUE,1,"SSP1_1_9",1,1.9,FALSE,TRUE,1,"SSP1_1_9"
37.6631369080365,13.8627998998347,1,1.3,FALSE,TRUE,1,"SSP1_1_9",1,2.05,FALSE,TRUE,1,"SSP1_1_9"
37.6631369080365,13.8627998998347,1,1.3,FALSE,TRUE,1,"SSP1_1_9",1,2.2,FALSE,TRUE,1,"SSP1_1_9"
37.6631369080365,13.8627998998347,1,1.3,FALSE,TRUE,1,"SSP1_1_9",1,2.35,FALSE,TRUE,1,"SSP1_1_9"
37.6631369080365,13.8627998998347,1,1.3,FALSE,TRUE,1,"SSP1_1_9",1,2.5,FALSE,TRUE,1,"SSP1_1_9"
37.9058252714273,37.7603138396036,1,1.45,FALSE,TRUE,1,"SSP1_1_9",1,1,FALSE,TRUE,1,"SSP1_1_9"
37.9058252714273,37.7608110892335,1,1.45,FALSE,TRUE,1,"SSP1_1_9",1,1.15,FALSE,TRUE,1,"SSP1_1_9"
37.9058252714273,37.8711250323833,1,1.45,FALSE,TRUE,1,"SSP1_1_9",1,1.3,FALSE,TRUE,1,"SSP1_1_9"
37.9058252714273,37.9058252714273,1,1.45,FALSE,TRUE,1,"SSP1_1_9",1,1.45,FALSE,TRUE,1,"SSP1_1_9"
37.9058252714273,37.7242221313977,1,1.45,FALSE,TRUE,1,"SSP1_1_9",1,1.6,FALSE,TRUE,1,"SSP1_1_9"
37.9058252714273,36.3786755650025,1,1.45,FALSE,TRUE,1,"SSP1_1_9",1,1.75,FALSE,TRUE,1,"SSP1_1_9"
37.9058252714273,26.0395604538614,1,1.45,FALSE,TRUE,1,"SSP1_1_9",1,1.9,FALSE,TRUE,1,"SSP1_1_9"
37.9058252714273,20.4699204769442,1,1.45,FALSE,TRUE,1,"SSP1_1_9",1,2.05,FALSE,TRUE,1,"SSP1_1_9"
37.9058252714273,20.4699204769442,1,1.45,FALSE,TRUE,1,"SSP1_1_9",1,2.2,FALSE,TRUE,1,"SSP1_1_9"
37.9058252714273,20.4699204769442,1,1.45,FALSE,TRUE,1,"SSP1_1_9",1,2.35,FALSE,TRUE,1,"SSP1_1_9"
37.9058252714273,20.4699204769442,1,1.45,FALSE,TRUE,1,"SSP1_1_9",1,2.5,FALSE,TRUE,1,"SSP1_1_9"
38.0502125801741,37.8322813357036,1,1.6,FALSE,TRUE,1,"SSP1_1_9",1,1,FALSE,TRUE,1,"SSP1_1_9"
38.0502125801741,37.8328345983567,1,1.6,FALSE,TRUE,1,"SSP1_1_9",1,1.15,FALSE,TRUE,1,"SSP1_1_9"
38.0502125801741,37.8916433092741,1,1.6,FALSE,TRUE,1,"SSP1_1_9",1,1.3,FALSE,TRUE,1,"SSP1_1_9"
38.0502125801741,37.9575352515607,1,1.6,FALSE,TRUE,1,"SSP1_1_9",1,1.45,FALSE,TRUE,1,"SSP1_1_9"
38.0502125801741,38.0502125801741,1,1.6,FALSE,TRUE,1,"SSP1_1_9",1,1.6,FALSE,TRUE,1,"SSP1_1_9"
38.0502125801741,37.7693752758075,1,1.6,FALSE,TRUE,1,"SSP1_1_9",1,1.75,FALSE,TRUE,1,"SSP1_1_9"
38.0502125801741,33.4749139449273,1,1.6,FALSE,TRUE,1,"SSP1_1_9",1,1.9,FALSE,TRUE,1,"SSP1_1_9"
38.0502125801741,28.6065969999236,1,1.6,FALSE,TRUE,1,"SSP1_1_9",1,2.05,FALSE,TRUE,1,"SSP1_1_9"
38.0502125801741,28.6065969999236,1,1.6,FALSE,TRUE,1,"SSP1_1_9",1,2.2,FALSE,TRUE,1,"SSP1_1_9"
38.0502125801741,28.6065969999236,1,1.6,FALSE,TRUE,1,"SSP1_1_9",1,2.35,FALSE,TRUE,1,"SSP1_1_9"
38.0502125801741,28.6065969999236,1,1.6,FALSE,TRUE,1,"SSP1_1_9",1,2.5,FALSE,TRUE,1,"SSP1_1_9"
38.2923351109446,37.8514372363067,1,1.75,FALSE,TRUE,1,"SSP1_1_9",1,1,FALSE,TRUE,1,"SSP1_1_9"
38.2923351109446,37.8520195823738,1,1.75,FALSE,TRUE,1,"SSP1_1_9",1,1.15,FALSE,TRUE,1,"SSP1_1_9"
38.2923351109446,37.9220199574492,1,1.75,FALSE,TRUE,1,"SSP1_1_9",1,1.3,FALSE,TRUE,1,"SSP1_1_9"
38.2923351109446,37.988418078882,1,1.75,FALSE,TRUE,1,"SSP1_1_9",1,1.45,FALSE,TRUE,1,"SSP1_1_9"
38.2923351109446,38.1775625064369,1,1.75,FALSE,TRUE,1,"SSP1_1_9",1,1.6,FALSE,TRUE,1,"SSP1_1_9"
38.2923351109446,38.2923351109446,1,1.75,FALSE,TRUE,1,"SSP1_1_9",1,1.75,FALSE,TRUE,1,"SSP1_1_9"
38.2923351109446,37.4014865292659,1,1.75,FALSE,TRUE,1,"SSP1_1_9",1,1.9,FALSE,TRUE,1,"SSP1_1_9"
38.2923351109446,35.0811205697866,1,1.75,FALSE,TRUE,1,"SSP1_1_9",1,2.05,FALSE,TRUE,1,"SSP1_1_9"
38.2923351109446,35.0811205697866,1,1.75,FALSE,TRUE,1,"SSP1_1_9",1,2.2,FALSE,TRUE,1,"SSP1_1_9"
38.2923351109446,35.0811205697866,1,1.75,FALSE,TRUE,1,"SSP1_1_9",1,2.35,FALSE,TRUE,1,"SSP1_1_9"
38.2923351109446,35.0811205697866,1,1.75,FALSE,TRUE,1,"SSP1_1_9",1,2.5,FALSE,TRUE,1,"SSP1_1_9"
38.7583790388042,37.8588687629818,1,1.9,FALSE,TRUE,1,"SSP1_1_9",1,1,FALSE,TRUE,1,"SSP1_1_9"
38.7583790388042,37.8594685159659,1,1.9,FALSE,TRUE,1,"SSP1_1_9",1,1.15,FALSE,TRUE,1,"SSP1_1_9"
38.7583790388042,37.9343106315809,1,1.9,FALSE,TRUE,1,"SSP1_1_9",1,1.3,FALSE,TRUE,1,"SSP1_1_9"
38.7583790388042,38.010125253371,1,1.9,FALSE,TRUE,1,"SSP1_1_9",1,1.45,FALSE,TRUE,1,"SSP1_1_9"
38.7583790388042,38.2311706943814,1,1.9,FALSE,TRUE,1,"SSP1_1_9",1,1.6,FALSE,TRUE,1,"SSP1_1_9"
38.7583790388042,38.4790175061789,1,1.9,FALSE,TRUE,1,"SSP1_1_9",1,1.75,FALSE,TRUE,1,"SSP1_1_9"
38.7583790388042,38.7583790388042,1,1.9,FALSE,TRUE,1,"SSP1_1_9",1,1.9,FALSE,TRUE,1,"SSP1_1_9"
38.7583790388042,38.3993751754348,1,1.9,FALSE,TRUE,1,"SSP1_1_9",1,2.05,FALSE,TRUE,1,"SSP1_1_9"
38.7583790388042,38.3993751754348,1,1.9,FALSE,TRUE,1,"SSP1_1_9",1,2.2,FALSE,TRUE,1,"SSP1_1_9"
38.7583790388042,38.3993751754348,1,1.9,FALSE,TRUE,1,"SSP1_1_9",1,2.35,FALSE,TRUE,1,"SSP1_1_9"
38.7583790388042,38.3993751754348,1,1.9,FALSE,TRUE,1,"SSP1_1_9",1,2.5,FALSE,TRUE,1,"SSP1_1_9"
39.6142999653304,37.8624136175439,1,2.05,FALSE,TRUE,1,"SSP1_1_9",1,1,FALSE,TRUE,1,"SSP1_1_9"
39.6142999653304,37.8630193283817,1,2.05,FALSE,TRUE,1,"SSP1_1_9",1,1.15,FALSE,TRUE,1,"SSP1_1_9"
39.6142999653304,37.9404929362922,1,2.05,FALSE,TRUE,1,"SSP1_1_9",1,1.3,FALSE,TRUE,1,"SSP1_1_9"
39.6142999653304,38.0201991243148,1,2.05,FALSE,TRUE,1,"SSP1_1_9",1,1.45,FALSE,TRUE,1,"SSP1_1_9"
39.6142999653304,38.2642062979059,1,2.05,FALSE,TRUE,1,"SSP1_1_9",1,1.6,FALSE,TRUE,1,"SSP1_1_9"
39.6142999653304,38.5633826710383,1,2.05,FALSE,TRUE,1,"SSP1_1_9",1,1.75,FALSE,TRUE,1,"SSP1_1_9"
39.6142999653304,39.1447820628526,1,2.05,FALSE,TRUE,1,"SSP1_1_9",1,1.9,FALSE,TRUE,1,"SSP1_1_9"
39.6142999653304,39.6142999653304,1,2.05,FALSE,TRUE,1,"SSP1_1_9",1,2.05,FALSE,TRUE,1,"SSP1_1_9"
39.6142999653304,39.6142999653304,1,2.05,FALSE,TRUE,1,"SSP1_1_9",1,2.2,FALSE,TRUE,1,"SSP1_1_9"
39.6142999653304,39.6142999653304,1,2.05,FALSE,TRUE,1,"SSP1_1_9",1,2.35,FALSE,TRUE,1,"SSP1_1_9"
39.6142999653304,39.6142999653304,1,2.05,FALSE,TRUE,1,"SSP1_1_9",1,2.5,FALSE,TRUE,1,"SSP1_1_9"
40.149734899207,37.8685330198329,1,2.2,FALSE,TRUE,1,"SSP1_1_9",1,1,FALSE,TRUE,1,"SSP1_1_9"
40.149734899207,37.8691394733868,1,2.2,FALSE,TRUE,1,"SSP1_1_9",1,1.15,FALSE,TRUE,1,"SSP1_1_9"
40.149734899207,37.9478184766168,1,2.2,FALSE,TRUE,1,"SSP1_1_9",1,1.3,FALSE,TRUE,1,"SSP1_1_9"
40.149734899207,38.0298751265422,1,2.2,FALSE,TRUE,1,"SSP1_1_9",1,1.45,FALSE,TRUE,1,"SSP1_1_9"
40.149734899207,38.2844464656258,1,2.2,FALSE,TRUE,1,"SSP1_1_9",1,1.6,FALSE,TRUE,1,"SSP1_1_9"
40.149734899207,38.6134506931058,1,2.2,FALSE,TRUE,1,"SSP1_1_9",1,1.75,FALSE,TRUE,1,"SSP1_1_9"
40.149734899207,39.3606230290241,1,2.2,FALSE,TRUE,1,"SSP1_1_9",1,1.9,FALSE,TRUE,1,"SSP1_1_9"
40.149734899207,40.149734899207,1,2.2,FALSE,TRUE,1,"SSP1_1_9",1,2.05,FALSE,TRUE,1,"SSP1_1_9"
40.149734899207,40.149734899207,1,2.2,FALSE,TRUE,1,"SSP1_1_9",1,2.2,FALSE,TRUE,1,"SSP1_1_9"
40.149734899207,40.149734899207,1,2.2,FALSE,TRUE,1,"SSP1_1_9",1,2.35,FALSE,TRUE,1,"SSP1_1_9"
40.149734899207,40.149734899207,1,2.2,FALSE,TRUE,1,"SSP1_1_9",1,2.5,FALSE,TRUE,1,"SSP1_1_9"
40.3912754985725,37.8723209659534,1,2.35,FALSE,TRUE,1,"SSP1_1_9",1,1,FALSE,TRUE,1,"SSP1_1_9"
40.3912754985725,37.8729322176887,1,2.35,FALSE,TRUE,1,"SSP1_1_9",1,1.15,FALSE,TRUE,1,"SSP1_1_9"
40.3912754985725,37.9520813174761,1,2.35,FALSE,TRUE,1,"SSP1_1_9",1,1.3,FALSE,TRUE,1,"SSP1_1_9"
40.3912754985725,38.034995998284,1,2.35,FALSE,TRUE,1,"SSP1_1_9",1,1.45,FALSE,TRUE,1,"SSP1_1_9"
40.3912754985725,38.2933572679312,1,2.35,FALSE,TRUE,1,"SSP1_1_9",1,1.6,FALSE,TRUE,1,"SSP1_1_9"
40.3912754985725,38.6359303139222,1,2.35,FALSE,TRUE,1,"SSP1_1_9",1,1.75,FALSE,TRUE,1,"SSP1_1_9"
40.3912754985725,39.4567643390349,1,2.35,FALSE,TRUE,1,"SSP1_1_9",1,1.9,FALSE,TRUE,1,"SSP1_1_9"
40.3912754985725,40.3912754985725,1,2.35,FALSE,TRUE,1,"SSP1_1_9",1,2.05,FALSE,TRUE,1,"SSP1_1_9"
40.3912754985725,40.3912754985725,1,2.35,FALSE,TRUE,1,"SSP1_1_9",1,2.2,FALSE,TRUE,1,"SSP1_1_9"
40.3912754985725,40.3912754985725,1,2.35,FALSE,TRUE,1,"SSP1_1_9",1,2.35,FALSE,TRUE,1,"SSP1_1_9"
40.3912754985725,40.3912754985725,1,2.35,FALSE,TRUE,1,"SSP1_1_9",1,2.5,FALSE,TRUE,1,"SSP1_1_9"
40.5032213745418,37.8733208845068,1,2.5,FALSE,TRUE,1,"SSP1_1_9",1,1,FALSE,TRUE,1,"SSP1_1_9"
40.5032213745418,37.8739325741609,1,2.5,FALSE,TRUE,1,"SSP1_1_9",1,1.15,FALSE,TRUE,1,"SSP1_1_9"
40.5032213745418,37.9531495537342,1,2.5,FALSE,TRUE,1,"SSP1_1_9",1,1.3,FALSE,TRUE,1,"SSP1_1_9"
40.5032213745418,38.0363079186166,1,2.5,FALSE,TRUE,1,"SSP1_1_9",1,1.45,FALSE,TRUE,1,"SSP1_1_9"
40.5032213745418,38.2962954643483,1,2.5,FALSE,TRUE,1,"SSP1_1_9",1,1.6,FALSE,TRUE,1,"SSP1_1_9"
40.5032213745418,38.6453094170221,1,2.5,FALSE,TRUE,1,"SSP1_1_9",1,1.75,FALSE,TRUE,1,"SSP1_1_9"
40.5032213745418,39.5000028156543,1,2.5,FALSE,TRUE,1,"SSP1_1_9",1,1.9,FALSE,TRUE,1,"SSP1_1_9"
40.5032213745418,40.5032213745418,1,2.5,FALSE,TRUE,1,"SSP1_1_9",1,2.05,FALSE,TRUE,1,"SSP1_1_9"
40.5032213745418,40.5032213745418,1,2.5,FALSE,TRUE,1,"SSP1_1_9",1,2.2,FALSE,TRUE,1,"SSP1_1_9"
40.5032213745418,40.5032213745418,1,2.5,FALSE,TRUE,1,"SSP1_1_9",1,2.35,FALSE,TRUE,1,"SSP1_1_9"
40.5032213745418,40.5032213745418,1,2.5,FALSE,TRUE,1,"SSP1_1_9",1,2.5,FALSE,TRUE,1,"SSP1_1_9"
33.4602533317884,33.4602533317884,1,1,FALSE,TRUE,1,"SSP1_2_6",1,1,FALSE,TRUE,1,"SSP1_2_6"
33.4602533317884,32.0733628500529,1,1,FALSE,TRUE,1,"SSP1_2_6",1,1.15,FALSE,TRUE,1,"SSP1_2_6"
33.4602533317884,31.4010156077305,1,1,FALSE,TRUE,1,"SSP1_2_6",1,1.3,FALSE,TRUE,1,"SSP1_2_6"
33.4602533317884,28.8882214032812,1,1,FALSE,TRUE,1,"SSP1_2_6",1,1.45,FALSE,TRUE,1,"SSP1_2_6"
33.4602533317884,21.8487423817627,1,1,FALSE,TRUE,1,"SSP1_2_6",1,1.6,FALSE,TRUE,1,"SSP1_2_6"
33.4602533317884,8.6399525161618,1,1,FALSE,TRUE,1,"SSP1_2_6",1,1.75,FALSE,TRUE,1,"SSP1_2_6"
33.4602533317884,5.76745374806084,1,1,FALSE,TRUE,1,"SSP1_2_6",1,1.9,FALSE,TRUE,1,"SSP1_2_6"
33.4602533317884,5.46647998253846,1,1,FALSE,TRUE,1,"SSP1_2_6",1,2.05,FALSE,TRUE,1,"SSP1_2_6"
33.4602533317884,5.45852059143057,1,1,FALSE,TRUE,1,"SSP1_2_6",1,2.2,FALSE,TRUE,1,"SSP1_2_6"
33.4602533317884,5.45852017257145,1,1,FALSE,TRUE,1,"SSP1_2_6",1,2.35,FALSE,TRUE,1,"SSP1_2_6"
33.4602533317884,5.45852017257145,1,1,FALSE,TRUE,1,"SSP1_2_6",1,2.5,FALSE,TRUE,1,"SSP1_2_6"
35.4087724335352,34.2661574567527,1,1.15,FALSE,TRUE,1,"SSP1_2_6",1,1,FALSE,TRUE,1,"SSP1_2_6"
35.4087724335352,35.4087724335352,1,1.15,FALSE,TRUE,1,"SSP1_2_6",1,1.15,FALSE,TRUE,1,"SSP1_2_6"
35.4087724335352,35.2917536961711,1,1.15,FALSE,TRUE,1,"SSP1_2_6",1,1.3,FALSE,TRUE,1,"SSP1_2_6"
35.4087724335352,34.8627076487143,1,1.15,FALSE,TRUE,1,"SSP1_2_6",1,1.45,FALSE,TRUE,1,"SSP1_2_6"
35.4087724335352,31.5769334381018,1,1.15,FALSE,TRUE,1,"SSP1_2_6",1,1.6,FALSE,TRUE,1,"SSP1_2_6"
35.4087724335352,24.1260363222924,1,1.15,FALSE,TRUE,1,"SSP1_2_6",1,1.75,FALSE,TRUE,1,"SSP1_2_6"
35.4087724335352,10.7700268874911,1,1.15,FALSE,TRUE,1,"SSP1_2_6",1,1.9,FALSE,TRUE,1,"SSP1_2_6"
35.4087724335352,8.48030383650883,1,1.15,FALSE,TRUE,1,"SSP1_2_6",1,2.05,FALSE,TRUE,1,"SSP1_2_6"
35.4087724335352,8.26578281115528,1,1.15,FALSE,TRUE,1,"SSP1_2_6",1,2.2,FALSE,TRUE,1,"SSP1_2_6"
35.4087724335352,8.2642199796466,1,1.15,FALSE,TRUE,1,"SSP1_2_6",1,2.35,FALSE,TRUE,1,"SSP1_2_6"
35.4087724335352,8.2642199796466,1,1.15,FALSE,TRUE,1,"SSP1_2_6",1,2.5,FALSE,TRUE,1,"SSP1_2_6"
36.9288643477607,34.5850614862862,1,1.3,FALSE,TRUE,1,"SSP1_2_6",1,1,FALSE,TRUE,1,"SSP1_2_6"
36.9288643477607,36.8827812011495,1,1.3,FALSE,TRUE,1,"SSP1_2_6",1,1.15,FALSE,TRUE,1,"SSP1_2_6"
36.9288643477607,36.9288643477607,1,1.3,FALSE,TRUE,1,"SSP1_2_6",1,1.3,FALSE,TRUE,1,"SSP1_2_6"
36.9288643477607,36.8504986315778,1,1.3,FALSE,TRUE,1,"SSP1_2_6",1,1.45,FALSE,TRUE,1,"SSP1_2_6"
36.9288643477607,35.7468276774545,1,1.3,FALSE,TRUE,1,"SSP1_2_6",1,1.6,FALSE,TRUE,1,"SSP1_2_6"
36.9288643477607,33.0481930621651,1,1.3,FALSE,TRUE,1,"SSP1_2_6",1,1.75,FALSE,TRUE,1,"SSP1_2_6"
36.9288643477607,23.2465458528876,1,1.3,FALSE,TRUE,1,"SSP1_2_6",1,1.9,FALSE,TRUE,1,"SSP1_2_6"
36.9288643477607,13.3281256319409,1,1.3,FALSE,TRUE,1,"SSP1_2_6",1,2.05,FALSE,TRUE,1,"SSP1_2_6"
36.9288643477607,11.6130991147395,1,1.3,FALSE,TRUE,1,"SSP1_2_6",1,2.2,FALSE,TRUE,1,"SSP1_2_6"
36.9288643477607,11.5462552977488,1,1.3,FALSE,TRUE,1,"SSP1_2_6",1,2.35,FALSE,TRUE,1,"SSP1_2_6"
36.9288643477607,11.5462552977488,1,1.3,FALSE,TRUE,1,"SSP1_2_6",1,2.5,FALSE,TRUE,1,"SSP1_2_6"
37.5854502638156,34.7287841955591,1,1.45,FALSE,TRUE,1,"SSP1_2_6",1,1,FALSE,TRUE,1,"SSP1_2_6"
37.5854502638156,37.4448037216641,1,1.45,FALSE,TRUE,1,"SSP1_2_6",1,1.15,FALSE,TRUE,1,"SSP1_2_6"
37.5854502638156,37.5533453561761,1,1.45,FALSE,TRUE,1,"SSP1_2_6",1,1.3,FALSE,TRUE,1,"SSP1_2_6"
37.5854502638156,37.5854502638157,1,1.45,FALSE,TRUE,1,"SSP1_2_6",1,1.45,FALSE,TRUE,1,"SSP1_2_6"
37.5854502638156,37.4026595786831,1,1.45,FALSE,TRUE,1,"SSP1_2_6",1,1.6,FALSE,TRUE,1,"SSP1_2_6"
37.5854502638156,36.5155598173279,1,1.45,FALSE,TRUE,1,"SSP1_2_6",1,1.75,FALSE,TRUE,1,"SSP1_2_6"
37.5854502638156,33.2670572455335,1,1.45,FALSE,TRUE,1,"SSP1_2_6",1,1.9,FALSE,TRUE,1,"SSP1_2_6"
37.5854502638156,23.017750417035,1,1.45,FALSE,TRUE,1,"SSP1_2_6",1,2.05,FALSE,TRUE,1,"SSP1_2_6"
37.5854502638156,15.8161005829573,1,1.45,FALSE,TRUE,1,"SSP1_2_6",1,2.2,FALSE,TRUE,1,"SSP1_2_6"
37.5854502638156,15.3459160721618,1,1.45,FALSE,TRUE,1,"SSP1_2_6",1,2.35,FALSE,TRUE,1,"SSP1_2_6"
37.5854502638156,15.3459160721618,1,1.45,FALSE,TRUE,1,"SSP1_2_6",1,2.5,FALSE,TRUE,1,"SSP1_2_6"
37.8880752382208,34.790242032098,1,1.6,FALSE,TRUE,1,"SSP1_2_6",1,1,FALSE,TRUE,1,"SSP1_2_6"
37.8880752382208,37.6804043211744,1,1.6,FALSE,TRUE,1,"SSP1_2_6",1,1.15,FALSE,TRUE,1,"SSP1_2_6"
37.8880752382208,37.7383768578215,1,1.6,FALSE,TRUE,1,"SSP1_2_6",1,1.3,FALSE,TRUE,1,"SSP1_2_6"
37.8880752382208,37.8019692116584,1,1.6,FALSE,TRUE,1,"SSP1_2_6",1,1.45,FALSE,TRUE,1,"SSP1_2_6"
37.8880752382208,37.8880752382208,1,1.6,FALSE,TRUE,1,"SSP1_2_6",1,1.6,FALSE,TRUE,1,"SSP1_2_6"
37.8880752382208,37.7151477559523,1,1.6,FALSE,TRUE,1,"SSP1_2_6",1,1.75,FALSE,TRUE,1,"SSP1_2_6"
37.8880752382208,36.6709379902206,1,1.6,FALSE,TRUE,1,"SSP1_2_6",1,1.9,FALSE,TRUE,1,"SSP1_2_6"
37.8880752382208,32.5239059312089,1,1.6,FALSE,TRUE,1,"SSP1_2_6",1,2.05,FALSE,TRUE,1,"SSP1_2_6"
37.8880752382208,22.2439769285215,1,1.6,FALSE,TRUE,1,"SSP1_2_6",1,2.2,FALSE,TRUE,1,"SSP1_2_6"
37.8880752382208,19.9067417775864,1,1.6,FALSE,TRUE,1,"SSP1_2_6",1,2.35,FALSE,TRUE,1,"SSP1_2_6"
37.8880752382208,19.9067417775864,1,1.6,FALSE,TRUE,1,"SSP1_2_6",1,2.5,FALSE,TRUE,1,"SSP1_2_6"
38.1875926186291,34.8199350669219,1,1.75,FALSE,TRUE,1,"SSP1_2_6",1,1,FALSE,TRUE,1,"SSP1_2_6"
38.1875926186291,37.7903390546926,1,1.75,FALSE,TRUE,1,"SSP1_2_6",1,1.15,FALSE,TRUE,1,"SSP1_2_6"
38.1875926186291,37.8592715242487,1,1.75,FALSE,TRUE,1,"SSP1_2_6",1,1.3,FALSE,TRUE,1,"SSP1_2_6"
38.1875926186291,37.9229738968101,1,1.75,FALSE,TRUE,1,"SSP1_2_6",1,1.45,FALSE,TRUE,1,"SSP1_2_6"
38.1875926186291,38.1028370097463,1,1.75,FALSE,TRUE,1,"SSP1_2_6",1,1.6,FALSE,TRUE,1,"SSP1_2_6"
38.1875926186291,38.1875926186291,1,1.75,FALSE,TRUE,1,"SSP1_2_6",1,1.75,FALSE,TRUE,1,"SSP1_2_6"
38.1875926186291,37.9941915973282,1,1.75,FALSE,TRUE,1,"SSP1_2_6",1,1.9,FALSE,TRUE,1,"SSP1_2_6"
38.1875926186291,36.6722294664188,1,1.75,FALSE,TRUE,1,"SSP1_2_6",1,2.05,FALSE,TRUE,1,"SSP1_2_6"
38.1875926186291,30.6243175835137,1,1.75,FALSE,TRUE,1,"SSP1_2_6",1,2.2,FALSE,TRUE,1,"SSP1_2_6"
38.1875926186291,25.2669314749288,1,1.75,FALSE,TRUE,1,"SSP1_2_6",1,2.35,FALSE,TRUE,1,"SSP1_2_6"
38.1875926186291,25.2669314749288,1,1.75,FALSE,TRUE,1,"SSP1_2_6",1,2.5,FALSE,TRUE,1,"SSP1_2_6"
38.4727664475803,34.8324641270742,1,1.9,FALSE,TRUE,1,"SSP1_2_6",1,1,FALSE,TRUE,1,"SSP1_2_6"
38.4727664475803,37.8422820408275,1,1.9,FALSE,TRUE,1,"SSP1_2_6",1,1.15,FALSE,TRUE,1,"SSP1_2_6"
38.4727664475803,37.9160216392744,1,1.9,FALSE,TRUE,1,"SSP1_2_6",1,1.3,FALSE,TRUE,1,"SSP1_2_6"
38.4727664475803,37.9890684493889,1,1.9,FALSE,TRUE,1,"SSP1_2_6",1,1.45,FALSE,TRUE,1,"SSP1_2_6"
38.4727664475803,38.1988118812803,1,1.9,FALSE,TRUE,1,"SSP1_2_6",1,1.6,FALSE,TRUE,1,"SSP1_2_6"
38.4727664475803,38.3689568304186,1,1.9,FALSE,TRUE,1,"SSP1_2_6",1,1.75,FALSE,TRUE,1,"SSP1_2_6"
38.4727664475803,38.4727664475803,1,1.9,FALSE,TRUE,1,"SSP1_2_6",1,1.9,FALSE,TRUE,1,"SSP1_2_6"
38.4727664475803,38.2125108190434,1,1.9,FALSE,TRUE,1,"SSP1_2_6",1,2.05,FALSE,TRUE,1,"SSP1_2_6"
38.4727664475803,36.0147286147925,1,1.9,FALSE,TRUE,1,"SSP1_2_6",1,2.2,FALSE,TRUE,1,"SSP1_2_6"
38.4727664475803,31.2923397332492,1,1.9,FALSE,TRUE,1,"SSP1_2_6",1,2.35,FALSE,TRUE,1,"SSP1_2_6"
38.4727664475803,31.2923397332492,1,1.9,FALSE,TRUE,1,"SSP1_2_6",1,2.5,FALSE,TRUE,1,"SSP1_2_6"
38.7660304502048,34.8366782691268,1,2.05,FALSE,TRUE,1,"SSP1_2_6",1,1,FALSE,TRUE,1,"SSP1_2_6"
38.7660304502048,37.855361872491,1,2.05,FALSE,TRUE,1,"SSP1_2_6",1,1.15,FALSE,TRUE,1,"SSP1_2_6"
38.7660304502048,37.9318150426978,1,2.05,FALSE,TRUE,1,"SSP1_2_6",1,1.3,FALSE,TRUE,1,"SSP1_2_6"
38.7660304502048,38.0085446641764,1,2.05,FALSE,TRUE,1,"SSP1_2_6",1,1.45,FALSE,TRUE,1,"SSP1_2_6"
38.7660304502048,38.2399681080107,1,2.05,FALSE,TRUE,1,"SSP1_2_6",1,1.6,FALSE,TRUE,1,"SSP1_2_6"
38.7660304502048,38.4437183002439,1,2.05,FALSE,TRUE,1,"SSP1_2_6",1,1.75,FALSE,TRUE,1,"SSP1_2_6"
38.7660304502048,38.6400709257762,1,2.05,FALSE,TRUE,1,"SSP1_2_6",1,1.9,FALSE,TRUE,1,"SSP1_2_6"
38.7660304502048,38.7660304502048,1,2.05,FALSE,TRUE,1,"SSP1_2_6",1,2.05,FALSE,TRUE,1,"SSP1_2_6"
38.7660304502048,38.3033106984759,1,2.05,FALSE,TRUE,1,"SSP1_2_6",1,2.2,FALSE,TRUE,1,"SSP1_2_6"
38.7660304502048,36.1443190056024,1,2.05,FALSE,TRUE,1,"SSP1_2_6",1,2.35,FALSE,TRUE,1,"SSP1_2_6"
38.7660304502048,36.1443190056024,1,2.05,FALSE,TRUE,1,"SSP1_2_6",1,2.5,FALSE,TRUE,1,"SSP1_2_6"
39.1401587131563,34.8387258687533,1,2.2,FALSE,TRUE,1,"SSP1_2_6",1,1,FALSE,TRUE,1,"SSP1_2_6"
39.1401587131563,37.8617704458872,1,2.2,FALSE,TRUE,1,"SSP1_2_6",1,1.15,FALSE,TRUE,1,"SSP1_2_6"
39.1401587131563,37.9394264350836,1,2.2,FALSE,TRUE,1,"SSP1_2_6",1,1.3,FALSE,TRUE,1,"SSP1_2_6"
39.1401587131563,38.0184646438313,1,2.2,FALSE,TRUE,1,"SSP1_2_6",1,1.45,FALSE,TRUE,1,"SSP1_2_6"
39.1401587131563,38.2606593899198,1,2.2,FALSE,TRUE,1,"SSP1_2_6",1,1.6,FALSE,TRUE,1,"SSP1_2_6"
39.1401587131563,38.4837574986568,1,2.2,FALSE,TRUE,1,"SSP1_2_6",1,1.75,FALSE,TRUE,1,"SSP1_2_6"
39.1401587131563,38.7299338276745,1,2.2,FALSE,TRUE,1,"SSP1_2_6",1,1.9,FALSE,TRUE,1,"SSP1_2_6"
39.1401587131563,38.9689835946975,1,2.2,FALSE,TRUE,1,"SSP1_2_6",1,2.05,FALSE,TRUE,1,"SSP1_2_6"
39.1401587131563,39.1401587131563,1,2.2,FALSE,TRUE,1,"SSP1_2_6",1,2.2,FALSE,TRUE,1,"SSP1_2_6"
39.1401587131563,38.7849562109058,1,2.2,FALSE,TRUE,1,"SSP1_2_6",1,2.35,FALSE,TRUE,1,"SSP1_2_6"
39.1401587131563,38.7849562109058,1,2.2,FALSE,TRUE,1,"SSP1_2_6",1,2.5,FALSE,TRUE,1,"SSP1_2_6"
39.8536030751592,34.8415441978091,1,2.35,FALSE,TRUE,1,"SSP1_2_6",1,1,FALSE,TRUE,1,"SSP1_2_6"
39.8536030751592,37.8653438425988,1,2.35,FALSE,TRUE,1,"SSP1_2_6",1,1.15,FALSE,TRUE,1,"SSP1_2_6"
39.8536030751592,37.9434541049999,1,2.35,FALSE,TRUE,1,"SSP1_2_6",1,1.3,FALSE,TRUE,1,"SSP1_2_6"
39.8536030751592,38.0233407504292,1,2.35,FALSE,TRUE,1,"SSP1_2_6",1,1.45,FALSE,TRUE,1,"SSP1_2_6"
39.8536030751592,38.2691180056612,1,2.35,FALSE,TRUE,1,"SSP1_2_6",1,1.6,FALSE,TRUE,1,"SSP1_2_6"
39.8536030751592,38.5017901000501,1,2.35,FALSE,TRUE,1,"SSP1_2_6",1,1.75,FALSE,TRUE,1,"SSP1_2_6"
39.8536030751592,38.7716927774938,1,2.35,FALSE,TRUE,1,"SSP1_2_6",1,1.9,FALSE,TRUE,1,"SSP1_2_6"
39.8536030751592,39.0693608447177,1,2.35,FALSE,TRUE,1,"SSP1_2_6",1,2.05,FALSE,TRUE,1,"SSP1_2_6"
39.8536030751592,39.4508673176146,1,2.35,FALSE,TRUE,1,"SSP1_2_6",1,2.2,FALSE,TRUE,1,"SSP1_2_6"
39.8536030751592,39.8536030751592,1,2.35,FALSE,TRUE,1,"SSP1_2_6",1,2.35,FALSE,TRUE,1,"SSP1_2_6"
39.8536030751592,39.8536030751592,1,2.35,FALSE,TRUE,1,"SSP1_2_6",1,2.5,FALSE,TRUE,1,"SSP1_2_6"
40.2616397568689,34.8426777202296,1,2.5,FALSE,TRUE,1,"SSP1_2_6",1,1,FALSE,TRUE,1,"SSP1_2_6"
40.2616397568689,37.8701757435024,1,2.5,FALSE,TRUE,1,"SSP1_2_6",1,1.15,FALSE,TRUE,1,"SSP1_2_6"
40.2616397568689,37.948353282059,1,2.5,FALSE,TRUE,1,"SSP1_2_6",1,1.3,FALSE,TRUE,1,"SSP1_2_6"
40.2616397568689,38.0284639835027,1,2.5,FALSE,TRUE,1,"SSP1_2_6",1,1.45,FALSE,TRUE,1,"SSP1_2_6"
40.2616397568689,38.2755901080864,1,2.5,FALSE,TRUE,1,"SSP1_2_6",1,1.6,FALSE,TRUE,1,"SSP1_2_6"
40.2616397568689,38.5115803468433,1,2.5,FALSE,TRUE,1,"SSP1_2_6",1,1.75,FALSE,TRUE,1,"SSP1_2_6"
40.2616397568689,38.7922160248483,1,2.5,FALSE,TRUE,1,"SSP1_2_6",1,1.9,FALSE,TRUE,1,"SSP1_2_6"
40.2616397568689,39.1171405120024,1,2.5,FALSE,TRUE,1,"SSP1_2_6",1,2.05,FALSE,TRUE,1,"SSP1_2_6"
40.2616397568689,39.5924904964853,1,2.5,FALSE,TRUE,1,"SSP1_2_6",1,2.2,FALSE,TRUE,1,"SSP1_2_6"
40.2616397568689,40.2616397568689,1,2.5,FALSE,TRUE,1,"SSP1_2_6",1,2.35,FALSE,TRUE,1,"SSP1_2_6"
40.2616397568689,40.2616397568689,1,2.5,FALSE,TRUE,1,"SSP1_2_6",1,2.5,FALSE,TRUE,1,"SSP1_2_6"
31.2998748792123,31.2998748792123,1,1,FALSE,TRUE,1,"SSP2_4_5",1,1,FALSE,TRUE,1,"SSP2_4_5"
31.2998748792123,30.8416217604892,1,1,FALSE,TRUE,1,"SSP2_4_5",1,1.15,FALSE,TRUE,1,"SSP2_4_5"
31.2998748792123,28.00419274054,1,1,FALSE,TRUE,1,"SSP2_4_5",1,1.3,FALSE,TRUE,1,"SSP2_4_5"
31.2998748792123,22.299261341161,1,1,FALSE,TRUE,1,"SSP2_4_5",1,1.45,FALSE,TRUE,1,"SSP2_4_5"
31.2998748792123,14.7734088679253,1,1,FALSE,TRUE,1,"SSP2_4_5",1,1.6,FALSE,TRUE,1,"SSP2_4_5"
31.2998748792123,6.78405539975312,1,1,FALSE,TRUE,1,"SSP2_4_5",1,1.75,FALSE,TRUE,1,"SSP2_4_5"
31.2998748792123,5.49722832905646,1,1,FALSE,TRUE,1,"SSP2_4_5",1,1.9,FALSE,TRUE,1,"SSP2_4_5"
31.2998748792123,5.34203748406312,1,1,FALSE,TRUE,1,"SSP2_4_5",1,2.05,FALSE,TRUE,1,"SSP2_4_5"
31.2998748792123,5.33038425222766,1,1,FALSE,TRUE,1,"SSP2_4_5",1,2.2,FALSE,TRUE,1,"SSP2_4_5"
31.2998748792123,5.33032017947431,1,1,FALSE,TRUE,1,"SSP2_4_5",1,2.35,FALSE,TRUE,1,"SSP2_4_5"
31.2998748792123,5.33032017099698,1,1,FALSE,TRUE,1,"SSP2_4_5",1,2.5,FALSE,TRUE,1,"SSP2_4_5"
32.6711538839686,32.4717723823111,1,1.15,FALSE,TRUE,1,"SSP2_4_5",1,1,FALSE,TRUE,1,"SSP2_4_5"
32.6711538839686,32.6711538839686,1,1.15,FALSE,TRUE,1,"SSP2_4_5",1,1.15,FALSE,TRUE,1,"SSP2_4_5"
32.6711538839686,32.0908133203379,1,1.15,FALSE,TRUE,1,"SSP2_4_5",1,1.3,FALSE,TRUE,1,"SSP2_4_5"
32.6711538839686,29.7516492750329,1,1.15,FALSE,TRUE,1,"SSP2_4_5",1,1.45,FALSE,TRUE,1,"SSP2_4_5"
32.6711538839686,23.781493603504,1,1.15,FALSE,TRUE,1,"SSP2_4_5",1,1.6,FALSE,TRUE,1,"SSP2_4_5"
32.6711538839686,16.093305255317,1,1.15,FALSE,TRUE,1,"SSP2_4_5",1,1.75,FALSE,TRUE,1,"SSP2_4_5"
32.6711538839686,9.47615982441816,1,1.15,FALSE,TRUE,1,"SSP2_4_5",1,1.9,FALSE,TRUE,1,"SSP2_4_5"
32.6711538839686,8.14288569672423,1,1.15,FALSE,TRUE,1,"SSP2_4_5",1,2.05,FALSE,TRUE,1,"SSP2_4_5"
32.6711538839686,7.98425845140255,1,1.15,FALSE,TRUE,1,"SSP2_4_5",1,2.2,FALSE,TRUE,1,"SSP2_4_5"
32.6711538839686,7.97266991667572,1,1.15,FALSE,TRUE,1,"SSP2_4_5",1,2.35,FALSE,TRUE,1,"SSP2_4_5"
32.6711538839686,7.97254090459721,1,1.15,FALSE,TRUE,1,"SSP2_4_5",1,2.5,FALSE,TRUE,1,"SSP2_4_5"
33.653511121015,33.0295178922951,1,1.3,FALSE,TRUE,1,"SSP2_4_5",1,1,FALSE,TRUE,1,"SSP2_4_5"
33.653511121015,33.4296421292053,1,1.3,FALSE,TRUE,1,"SSP2_4_5",1,1.15,FALSE,TRUE,1,"SSP2_4_5"
33.653511121015,33.653511121015,1,1.3,FALSE,TRUE,1,"SSP2_4_5",1,1.3,FALSE,TRUE,1,"SSP2_4_5"
33.653511121015,33.1417556995744,1,1.3,FALSE,TRUE,1,"SSP2_4_5",1,1.45,FALSE,TRUE,1,"SSP2_4_5"
33.653511121015,30.3724433926678,1,1.3,FALSE,TRUE,1,"SSP2_4_5",1,1.6,FALSE,TRUE,1,"SSP2_4_5"
33.653511121015,25.0921135594556,1,1.3,FALSE,TRUE,1,"SSP2_4_5",1,1.75,FALSE,TRUE,1,"SSP2_4_5"
33.653511121015,18.0738101925779,1,1.3,FALSE,TRUE,1,"SSP2_4_5",1,1.9,FALSE,TRUE,1,"SSP2_4_5"
33.653511121015,12.4137158586438,1,1.3,FALSE,TRUE,1,"SSP2_4_5",1,2.05,FALSE,TRUE,1,"SSP2_4_5"
33.653511121015,11.0311723182473,1,1.3,FALSE,TRUE,1,"SSP2_4_5",1,2.2,FALSE,TRUE,1,"SSP2_4_5"
33.653511121015,10.8869436564813,1,1.3,FALSE,TRUE,1,"SSP2_4_5",1,2.35,FALSE,TRUE,1,"SSP2_4_5"
33.653511121015,10.8739575884672,1,1.3,FALSE,TRUE,1,"SSP2_4_5",1,2.5,FALSE,TRUE,1,"SSP2_4_5"
34.4524870272071,33.2906233014608,1,1.45,FALSE,TRUE,1,"SSP2_4_5",1,1,FALSE,TRUE,1,"SSP2_4_5"
34.4524870272071,33.7602306922743,1,1.45,FALSE,TRUE,1,"SSP2_4_5",1,1.15,FALSE,TRUE,1,"SSP2_4_5"
34.4524870272071,34.2466992653229,1,1.45,FALSE,TRUE,1,"SSP2_4_5",1,1.3,FALSE,TRUE,1,"SSP2_4_5"
34.4524870272071,34.4524870272071,1,1.45,FALSE,TRUE,1,"SSP2_4_5",1,1.45,FALSE,TRUE,1,"SSP2_4_5"
34.4524870272071,33.8813124903602,1,1.45,FALSE,TRUE,1,"SSP2_4_5",1,1.6,FALSE,TRUE,1,"SSP2_4_5"
34.4524870272071,31.3058552031037,1,1.45,FALSE,TRUE,1,"SSP2_4_5",1,1.75,FALSE,TRUE,1,"SSP2_4_5"
34.4524870272071,26.6851290207409,1,1.45,FALSE,TRUE,1,"SSP2_4_5",1,1.9,FALSE,TRUE,1,"SSP2_4_5"
34.4524870272071,20.950761989504,1,1.45,FALSE,TRUE,1,"SSP2_4_5",1,2.05,FALSE,TRUE,1,"SSP2_4_5"
34.4524870272071,15.2459017798232,1,1.45,FALSE,TRUE,1,"SSP2_4_5",1,2.2,FALSE,TRUE,1,"SSP2_4_5"
34.4524870272071,14.0540246424341,1,1.45,FALSE,TRUE,1,"SSP2_4_5",1,2.35,FALSE,TRUE,1,"SSP2_4_5"
34.4524870272071,13.8870436302997,1,1.45,FALSE,TRUE,1,"SSP2_4_5",1,2.5,FALSE,TRUE,1,"SSP2_4_5"
35.1165163686749,33.4003190794096,1,1.6,FALSE,TRUE,1,"SSP2_4_5",1,1,FALSE,TRUE,1,"SSP2_4_5"
35.1165163686749,33.9022109460927,1,1.6,FALSE,TRUE,1,"SSP2_4_5",1,1.15,FALSE,TRUE,1,"SSP2_4_5"
35.1165163686749,34.4116137391713,1,1.6,FALSE,TRUE,1,"SSP2_4_5",1,1.3,FALSE,TRUE,1,"SSP2_4_5"
35.1165163686749,34.8473866265014,1,1.6,FALSE,TRUE,1,"SSP2_4_5",1,1.45,FALSE,TRUE,1,"SSP2_4_5"
35.1165163686749,35.1165163686749,1,1.6,FALSE,TRUE,1,"SSP2_4_5",1,1.6,FALSE,TRUE,1,"SSP2_4_5"
35.1165163686749,34.5142267073987,1,1.6,FALSE,TRUE,1,"SSP2_4_5",1,1.75,FALSE,TRUE,1,"SSP2_4_5"
35.1165163686749,32.1566374781311,1,1.6,FALSE,TRUE,1,"SSP2_4_5",1,1.9,FALSE,TRUE,1,"SSP2_4_5"
35.1165163686749,28.764464260159,1,1.6,FALSE,TRUE,1,"SSP2_4_5",1,2.05,FALSE,TRUE,1,"SSP2_4_5"
35.1165163686749,23.2191312808378,1,1.6,FALSE,TRUE,1,"SSP2_4_5",1,2.2,FALSE,TRUE,1,"SSP2_4_5"
35.1165163686749,18.3644000682662,1,1.6,FALSE,TRUE,1,"SSP2_4_5",1,2.35,FALSE,TRUE,1,"SSP2_4_5"
35.1165163686749,17.0044989292248,1,1.6,FALSE,TRUE,1,"SSP2_4_5",1,2.5,FALSE,TRUE,1,"SSP2_4_5"
35.8783681742499,33.4487760198081,1,1.75,FALSE,TRUE,1,"SSP2_4_5",1,1,FALSE,TRUE,1,"SSP2_4_5"
35.8783681742499,33.9651958090842,1,1.75,FALSE,TRUE,1,"SSP2_4_5",1,1.15,FALSE,TRUE,1,"SSP2_4_5"
35.8783681742499,34.5150966328961,1,1.75,FALSE,TRUE,1,"SSP2_4_5",1,1.3,FALSE,TRUE,1,"SSP2_4_5"
35.8783681742499,35.0161945827133,1,1.75,FALSE,TRUE,1,"SSP2_4_5",1,1.45,FALSE,TRUE,1,"SSP2_4_5"
35.8783681742499,35.5772861526867,1,1.75,FALSE,TRUE,1,"SSP2_4_5",1,1.6,FALSE,TRUE,1,"SSP2_4_5"
35.8783681742499,35.8783681742499,1,1.75,FALSE,TRUE,1,"SSP2_4_5",1,1.75,FALSE,TRUE,1,"SSP2_4_5"
35.8783681742499,35.3171272305085,1,1.75,FALSE,TRUE,1,"SSP2_4_5",1,1.9,FALSE,TRUE,1,"SSP2_4_5"
35.8783681742499,33.4727810909561,1,1.75,FALSE,TRUE,1,"SSP2_4_5",1,2.05,FALSE,TRUE,1,"SSP2_4_5"
35.8783681742499,31.0130577215633,1,1.75,FALSE,TRUE,1,"SSP2_4_5",1,2.2,FALSE,TRUE,1,"SSP2_4_5"
35.8783681742499,25.9711695074519,1,1.75,FALSE,TRUE,1,"SSP2_4_5",1,2.35,FALSE,TRUE,1,"SSP2_4_5"
35.8783681742499,21.1147988650518,1,1.75,FALSE,TRUE,1,"SSP2_4_5",1,2.5,FALSE,TRUE,1,"SSP2_4_5"
36.6580986474743,33.4689768278329,1,1.9,FALSE,TRUE,1,"SSP2_4_5",1,1,FALSE,TRUE,1,"SSP2_4_5"
36.6580986474743,33.9928406483749,1,1.9,FALSE,TRUE,1,"SSP2_4_5",1,1.15,FALSE,TRUE,1,"SSP2_4_5"
36.6580986474743,34.5607465629878,1,1.9,FALSE,TRUE,1,"SSP2_4_5",1,1.3,FALSE,TRUE,1,"SSP2_4_5"
36.6580986474743,35.0991570080505,1,1.9,FALSE,TRUE,1,"SSP2_4_5",1,1.45,FALSE,TRUE,1,"SSP2_4_5"
36.6580986474743,35.7485455999923,1,1.9,FALSE,TRUE,1,"SSP2_4_5",1,1.6,FALSE,TRUE,1,"SSP2_4_5"
36.6580986474743,36.3795060109589,1,1.9,FALSE,TRUE,1,"SSP2_4_5",1,1.75,FALSE,TRUE,1,"SSP2_4_5"
36.6580986474743,36.6580986474743,1,1.9,FALSE,TRUE,1,"SSP2_4_5",1,1.9,FALSE,TRUE,1,"SSP2_4_5"
36.6580986474743,36.1501313318304,1,1.9,FALSE,TRUE,1,"SSP2_4_5",1,2.05,FALSE,TRUE,1,"SSP2_4_5"
36.6580986474743,35.220597861993,1,1.9,FALSE,TRUE,1,"SSP2_4_5",1,2.2,FALSE,TRUE,1,"SSP2_4_5"
36.6580986474743,33.0151711216422,1,1.9,FALSE,TRUE,1,"SSP2_4_5",1,2.35,FALSE,TRUE,1,"SSP2_4_5"
36.6580986474743,28.0537907897024,1,1.9,FALSE,TRUE,1,"SSP2_4_5",1,2.5,FALSE,TRUE,1,"SSP2_4_5"
37.4941064590068,33.4774144525996,1,2.05,FALSE,TRUE,1,"SSP2_4_5",1,1,FALSE,TRUE,1,"SSP2_4_5"
37.4941064590068,34.0033949758634,1,2.05,FALSE,TRUE,1,"SSP2_4_5",1,1.15,FALSE,TRUE,1,"SSP2_4_5"
37.4941064590068,34.5807352290135,1,2.05,FALSE,TRUE,1,"SSP2_4_5",1,1.3,FALSE,TRUE,1,"SSP2_4_5"
37.4941064590068,35.1347501374768,1,2.05,FALSE,TRUE,1,"SSP2_4_5",1,1.45,FALSE,TRUE,1,"SSP2_4_5"
37.4941064590068,35.8285956686653,1,2.05,FALSE,TRUE,1,"SSP2_4_5",1,1.6,FALSE,TRUE,1,"SSP2_4_5"
37.4941064590068,36.572441145172,1,2.05,FALSE,TRUE,1,"SSP2_4_5",1,1.75,FALSE,TRUE,1,"SSP2_4_5"
37.4941064590068,37.1633914333404,1,2.05,FALSE,TRUE,1,"SSP2_4_5",1,1.9,FALSE,TRUE,1,"SSP2_4_5"
37.4941064590068,37.4941064590068,1,2.05,FALSE,TRUE,1,"SSP2_4_5",1,2.05,FALSE,TRUE,1,"SSP2_4_5"
37.4941064590068,37.3233562452574,1,2.05,FALSE,TRUE,1,"SSP2_4_5",1,2.2,FALSE,TRUE,1,"SSP2_4_5"
37.4941064590068,36.6276465768857,1,2.05,FALSE,TRUE,1,"SSP2_4_5",1,2.35,FALSE,TRUE,1,"SSP2_4_5"
37.4941064590068,34.3416430702283,1,2.05,FALSE,TRUE,1,"SSP2_4_5",1,2.5,FALSE,TRUE,1,"SSP2_4_5"
38.3335595138326,33.4815515736707,1,2.2,FALSE,TRUE,1,"SSP2_4_5",1,1,FALSE,TRUE,1,"SSP2_4_5"
38.3335595138326,34.0085465031733,1,2.2,FALSE,TRUE,1,"SSP2_4_5",1,1.15,FALSE,TRUE,1,"SSP2_4_5"
38.3335595138326,34.5888477746928,1,2.2,FALSE,TRUE,1,"SSP2_4_5",1,1.3,FALSE,TRUE,1,"SSP2_4_5"
38.3335595138326,35.1512914423456,1,2.2,FALSE,TRUE,1,"SSP2_4_5",1,1.45,FALSE,TRUE,1,"SSP2_4_5"
38.3335595138326,35.866058919885,1,2.2,FALSE,TRUE,1,"SSP2_4_5",1,1.6,FALSE,TRUE,1,"SSP2_4_5"
38.3335595138326,36.6603316909604,1,2.2,FALSE,TRUE,1,"SSP2_4_5",1,1.75,FALSE,TRUE,1,"SSP2_4_5"
38.3335595138326,37.3722192654906,1,2.2,FALSE,TRUE,1,"SSP2_4_5",1,1.9,FALSE,TRUE,1,"SSP2_4_5"
38.3335595138326,38.0806229823549,1,2.2,FALSE,TRUE,1,"SSP2_4_5",1,2.05,FALSE,TRUE,1,"SSP2_4_5"
38.3335595138326,38.3335595138326,1,2.2,FALSE,TRUE,1,"SSP2_4_5",1,2.2,FALSE,TRUE,1,"SSP2_4_5"
38.3335595138326,38.2082689487462,1,2.2,FALSE,TRUE,1,"SSP2_4_5",1,2.35,FALSE,TRUE,1,"SSP2_4_5"
38.3335595138326,37.4739066404837,1,2.2,FALSE,TRUE,1,"SSP2_4_5",1,2.5,FALSE,TRUE,1,"SSP2_4_5"
38.8576865156547,33.4850023416569,1,2.35,FALSE,TRUE,1,"SSP2_4_5",1,1,FALSE,TRUE,1,"SSP2_4_5"
38.8576865156547,34.0120228183997,1,2.35,FALSE,TRUE,1,"SSP2_4_5",1,1.15,FALSE,TRUE,1,"SSP2_4_5"
38.8576865156547,34.5936376548055,1,2.35,FALSE,TRUE,1,"SSP2_4_5",1,1.3,FALSE,TRUE,1,"SSP2_4_5"
38.8576865156547,35.1586138416833,1,2.35,FALSE,TRUE,1,"SSP2_4_5",1,1.45,FALSE,TRUE,1,"SSP2_4_5"
38.8576865156547,35.8821292178456,1,2.35,FALSE,TRUE,1,"SSP2_4_5",1,1.6,FALSE,TRUE,1,"SSP2_4_5"
38.8576865156547,36.6994314155351,1,2.35,FALSE,TRUE,1,"SSP2_4_5",1,1.75,FALSE,TRUE,1,"SSP2_4_5"
38.8576865156547,37.4617652226408,1,2.35,FALSE,TRUE,1,"SSP2_4_5",1,1.9,FALSE,TRUE,1,"SSP2_4_5"
38.8576865156547,38.3422398069861,1,2.35,FALSE,TRUE,1,"SSP2_4_5",1,2.05,FALSE,TRUE,1,"SSP2_4_5"
38.8576865156547,38.7897819802612,1,2.35,FALSE,TRUE,1,"SSP2_4_5",1,2.2,FALSE,TRUE,1,"SSP2_4_5"
38.8576865156547,38.8576865156547,1,2.35,FALSE,TRUE,1,"SSP2_4_5",1,2.35,FALSE,TRUE,1,"SSP2_4_5"
38.8576865156547,38.7200443696479,1,2.35,FALSE,TRUE,1,"SSP2_4_5",1,2.5,FALSE,TRUE,1,"SSP2_4_5"
39.1852739004793,33.4871655486766,1,2.5,FALSE,TRUE,1,"SSP2_4_5",1,1,FALSE,TRUE,1,"SSP2_4_5"
39.1852739004793,34.014884160543,1,2.5,FALSE,TRUE,1,"SSP2_4_5",1,1.15,FALSE,TRUE,1,"SSP2_4_5"
39.1852739004793,34.5967240486955,1,2.5,FALSE,TRUE,1,"SSP2_4_5",1,1.3,FALSE,TRUE,1,"SSP2_4_5"
39.1852739004793,35.162731515812,1,2.5,FALSE,TRUE,1,"SSP2_4_5",1,1.45,FALSE,TRUE,1,"SSP2_4_5"
39.1852739004793,35.888752663942,1,2.5,FALSE,TRUE,1,"SSP2_4_5",1,1.6,FALSE,TRUE,1,"SSP2_4_5"
39.1852739004793,36.7162016116505,1,2.5,FALSE,TRUE,1,"SSP2_4_5",1,1.75,FALSE,TRUE,1,"SSP2_4_5"
39.1852739004793,37.5009863654839,1,2.5,FALSE,TRUE,1,"SSP2_4_5",1,1.9,FALSE,TRUE,1,"SSP2_4_5"
39.1852739004793,38.4495545439805,1,2.5,FALSE,TRUE,1,"SSP2_4_5",1,2.05,FALSE,TRUE,1,"SSP2_4_5"
39.1852739004793,38.9965553707869,1,2.5,FALSE,TRUE,1,"SSP2_4_5",1,2.2,FALSE,TRUE,1,"SSP2_4_5"
39.1852739004793,39.1268417866716,1,2.5,FALSE,TRUE,1,"SSP2_4_5",1,2.35,FALSE,TRUE,1,"SSP2_4_5"
39.1852739004793,39.1852739004793,1,2.5,FALSE,TRUE,1,"SSP2_4_5",1,2.5,FALSE,TRUE,1,"SSP2_4_5"
25.9951221721,25.995150952686,1,1,FALSE,TRUE,1,"SSP3_7_0",1,1,FALSE,TRUE,1,"SSP3_7_0"
25.9951221721,25.641720038814,1,1,FALSE,TRUE,1,"SSP3_7_0",1,1.15,FALSE,TRUE,1,"SSP3_7_0"
25.9951221721,23.5245618252442,1,1,FALSE,TRUE,1,"SSP3_7_0",1,1.3,FALSE,TRUE,1,"SSP3_7_0"
25.9951221721,19.3340235131471,1,1,FALSE,TRUE,1,"SSP3_7_0",1,1.45,FALSE,TRUE,1,"SSP3_7_0"
25.9951221721,12.3919662331032,1,1,FALSE,TRUE,1,"SSP3_7_0",1,1.6,FALSE,TRUE,1,"SSP3_7_0"
25.9951221721,6.80094431543955,1,1,FALSE,TRUE,1,"SSP3_7_0",1,1.75,FALSE,TRUE,1,"SSP3_7_0"
25.9951221721,5.54701983341212,1,1,FALSE,TRUE,1,"SSP3_7_0",1,1.9,FALSE,TRUE,1,"SSP3_7_0"
25.9951221721,5.40168347012313,1,1,FALSE,TRUE,1,"SSP3_7_0",1,2.05,FALSE,TRUE,1,"SSP3_7_0"
25.9951221721,5.38799329555042,1,1,FALSE,TRUE,1,"SSP3_7_0",1,2.2,FALSE,TRUE,1,"SSP3_7_0"
25.9951221721,5.38771911780201,1,1,FALSE,TRUE,1,"SSP3_7_0",1,2.35,FALSE,TRUE,1,"SSP3_7_0"
25.9951221721,5.38771889829142,1,1,FALSE,TRUE,1,"SSP3_7_0",1,2.5,FALSE,TRUE,1,"SSP3_7_0"
27.4122804947008,27.2533401369523,1,1.15,FALSE,TRUE,1,"SSP3_7_0",1,1,FALSE,TRUE,1,"SSP3_7_0"
27.4122804947008,27.4123018384392,1,1.15,FALSE,TRUE,1,"SSP3_7_0",1,1.15,FALSE,TRUE,1,"SSP3_7_0"
27.4122804947008,26.9715776214933,1,1.15,FALSE,TRUE,1,"SSP3_7_0",1,1.3,FALSE,TRUE,1,"SSP3_7_0"
27.4122804947008,25.2210109623578,1,1.15,FALSE,TRUE,1,"SSP3_7_0",1,1.45,FALSE,TRUE,1,"SSP3_7_0"
27.4122804947008,20.6055611910488,1,1.15,FALSE,TRUE,1,"SSP3_7_0",1,1.6,FALSE,TRUE,1,"SSP3_7_0"
27.4122804947008,14.7621576883468,1,1.15,FALSE,TRUE,1,"SSP3_7_0",1,1.75,FALSE,TRUE,1,"SSP3_7_0"
27.4122804947008,9.20815928911959,1,1.15,FALSE,TRUE,1,"SSP3_7_0",1,1.9,FALSE,TRUE,1,"SSP3_7_0"
27.4122804947008,8.06459700413356,1,1.15,FALSE,TRUE,1,"SSP3_7_0",1,2.05,FALSE,TRUE,1,"SSP3_7_0"
27.4122804947008,7.94441422067672,1,1.15,FALSE,TRUE,1,"SSP3_7_0",1,2.2,FALSE,TRUE,1,"SSP3_7_0"
27.4122804947008,7.92823880474949,1,1.15,FALSE,TRUE,1,"SSP3_7_0",1,2.35,FALSE,TRUE,1,"SSP3_7_0"
27.4122804947008,7.92785166844125,1,1.15,FALSE,TRUE,1,"SSP3_7_0",1,2.5,FALSE,TRUE,1,"SSP3_7_0"
28.7813324042035,28.2491791242973,1,1.3,FALSE,TRUE,1,"SSP3_7_0",1,1,FALSE,TRUE,1,"SSP3_7_0"
28.7813324042035,28.6037438499635,1,1.3,FALSE,TRUE,1,"SSP3_7_0",1,1.15,FALSE,TRUE,1,"SSP3_7_0"
28.7813324042035,28.7813480448311,1,1.3,FALSE,TRUE,1,"SSP3_7_0",1,1.3,FALSE,TRUE,1,"SSP3_7_0"
28.7813324042035,28.4034794952836,1,1.3,FALSE,TRUE,1,"SSP3_7_0",1,1.45,FALSE,TRUE,1,"SSP3_7_0"
28.7813324042035,26.355227848032,1,1.3,FALSE,TRUE,1,"SSP3_7_0",1,1.6,FALSE,TRUE,1,"SSP3_7_0"
28.7813324042035,22.5961948091789,1,1.3,FALSE,TRUE,1,"SSP3_7_0",1,1.75,FALSE,TRUE,1,"SSP3_7_0"
28.7813324042035,16.9680559740501,1,1.3,FALSE,TRUE,1,"SSP3_7_0",1,1.9,FALSE,TRUE,1,"SSP3_7_0"
28.7813324042035,11.7467367757517,1,1.3,FALSE,TRUE,1,"SSP3_7_0",1,2.05,FALSE,TRUE,1,"SSP3_7_0"
28.7813324042035,10.7694035131248,1,1.3,FALSE,TRUE,1,"SSP3_7_0",1,2.2,FALSE,TRUE,1,"SSP3_7_0"
28.7813324042035,10.6361070725128,1,1.3,FALSE,TRUE,1,"SSP3_7_0",1,2.35,FALSE,TRUE,1,"SSP3_7_0"
28.7813324042035,10.6215144170917,1,1.3,FALSE,TRUE,1,"SSP3_7_0",1,2.5,FALSE,TRUE,1,"SSP3_7_0"
30.1343798176613,29.0918782263845,1,1.45,FALSE,TRUE,1,"SSP3_7_0",1,1,FALSE,TRUE,1,"SSP3_7_0"
30.1343798176613,29.5471492433151,1,1.45,FALSE,TRUE,1,"SSP3_7_0",1,1.15,FALSE,TRUE,1,"SSP3_7_0"
30.1343798176613,29.9508877122279,1,1.45,FALSE,TRUE,1,"SSP3_7_0",1,1.3,FALSE,TRUE,1,"SSP3_7_0"
30.1343798176613,30.1343798176613,1,1.45,FALSE,TRUE,1,"SSP3_7_0",1,1.45,FALSE,TRUE,1,"SSP3_7_0"
30.1343798176613,29.7144473948962,1,1.45,FALSE,TRUE,1,"SSP3_7_0",1,1.6,FALSE,TRUE,1,"SSP3_7_0"
30.1343798176613,27.9929875043034,1,1.45,FALSE,TRUE,1,"SSP3_7_0",1,1.75,FALSE,TRUE,1,"SSP3_7_0"
30.1343798176613,24.7450518787402,1,1.45,FALSE,TRUE,1,"SSP3_7_0",1,1.9,FALSE,TRUE,1,"SSP3_7_0"
30.1343798176613,18.8112115465917,1,1.45,FALSE,TRUE,1,"SSP3_7_0",1,2.05,FALSE,TRUE,1,"SSP3_7_0"
30.1343798176613,14.5081476581159,1,1.45,FALSE,TRUE,1,"SSP3_7_0",1,2.2,FALSE,TRUE,1,"SSP3_7_0"
30.1343798176613,13.4281274888143,1,1.45,FALSE,TRUE,1,"SSP3_7_0",1,2.35,FALSE,TRUE,1,"SSP3_7_0"
30.1343798176613,13.2967806310157,1,1.45,FALSE,TRUE,1,"SSP3_7_0",1,2.5,FALSE,TRUE,1,"SSP3_7_0"
31.3906167279837,29.7881657374582,1,1.6,FALSE,TRUE,1,"SSP3_7_0",1,1,FALSE,TRUE,1,"SSP3_7_0"
31.3906167279837,30.3511225404373,1,1.6,FALSE,TRUE,1,"SSP3_7_0",1,1.15,FALSE,TRUE,1,"SSP3_7_0"
31.3906167279837,30.7965712838411,1,1.6,FALSE,TRUE,1,"SSP3_7_0",1,1.3,FALSE,TRUE,1,"SSP3_7_0"
31.3906167279837,31.1742924169624,1,1.6,FALSE,TRUE,1,"SSP3_7_0",1,1.45,FALSE,TRUE,1,"SSP3_7_0"
31.3906167279837,31.3906167279837,1,1.6,FALSE,TRUE,1,"SSP3_7_0",1,1.6,FALSE,TRUE,1,"SSP3_7_0"
31.3906167279837,31.0062877738263,1,1.6,FALSE,TRUE,1,"SSP3_7_0",1,1.75,FALSE,TRUE,1,"SSP3_7_0"
31.3906167279837,29.5868886924681,1,1.6,FALSE,TRUE,1,"SSP3_7_0",1,1.9,FALSE,TRUE,1,"SSP3_7_0"
31.3906167279837,26.3056980242896,1,1.6,FALSE,TRUE,1,"SSP3_7_0",1,2.05,FALSE,TRUE,1,"SSP3_7_0"
31.3906167279837,21.1963842108423,1,1.6,FALSE,TRUE,1,"SSP3_7_0",1,2.2,FALSE,TRUE,1,"SSP3_7_0"
31.3906167279837,17.0033298385415,1,1.6,FALSE,TRUE,1,"SSP3_7_0",1,2.35,FALSE,TRUE,1,"SSP3_7_0"
31.3906167279837,15.9350708849649,1,1.6,FALSE,TRUE,1,"SSP3_7_0",1,2.5,FALSE,TRUE,1,"SSP3_7_0"
32.6820670492341,30.3249859429933,1,1.75,FALSE,TRUE,1,"SSP3_7_0",1,1,FALSE,TRUE,1,"SSP3_7_0"
32.6820670492341,31.0356132632535,1,1.75,FALSE,TRUE,1,"SSP3_7_0",1,1.15,FALSE,TRUE,1,"SSP3_7_0"
32.6820670492341,31.5781751120861,1,1.75,FALSE,TRUE,1,"SSP3_7_0",1,1.3,FALSE,TRUE,1,"SSP3_7_0"
32.6820670492341,32.0339176961239,1,1.75,FALSE,TRUE,1,"SSP3_7_0",1,1.45,FALSE,TRUE,1,"SSP3_7_0"
32.6820670492341,32.4744313102054,1,1.75,FALSE,TRUE,1,"SSP3_7_0",1,1.6,FALSE,TRUE,1,"SSP3_7_0"
32.6820670492341,32.6820670492341,1,1.75,FALSE,TRUE,1,"SSP3_7_0",1,1.75,FALSE,TRUE,1,"SSP3_7_0"
32.6820670492341,32.3804593851262,1,1.75,FALSE,TRUE,1,"SSP3_7_0",1,1.9,FALSE,TRUE,1,"SSP3_7_0"
32.6820670492341,31.028254214568,1,1.75,FALSE,TRUE,1,"SSP3_7_0",1,2.05,FALSE,TRUE,1,"SSP3_7_0"
32.6820670492341,28.0851203046982,1,1.75,FALSE,TRUE,1,"SSP3_7_0",1,2.2,FALSE,TRUE,1,"SSP3_7_0"
32.6820670492341,23.0518449775582,1,1.75,FALSE,TRUE,1,"SSP3_7_0",1,2.35,FALSE,TRUE,1,"SSP3_7_0"
32.6820670492341,19.3404838902699,1,1.75,FALSE,TRUE,1,"SSP3_7_0",1,2.5,FALSE,TRUE,1,"SSP3_7_0"
33.8810559060255,30.6900952219298,1,1.9,FALSE,TRUE,1,"SSP3_7_0",1,1,FALSE,TRUE,1,"SSP3_7_0"
33.8810559060255,31.5854863708434,1,1.9,FALSE,TRUE,1,"SSP3_7_0",1,1.15,FALSE,TRUE,1,"SSP3_7_0"
33.8810559060255,32.2464646969667,1,1.9,FALSE,TRUE,1,"SSP3_7_0",1,1.3,FALSE,TRUE,1,"SSP3_7_0"
33.8810559060255,32.7652646494549,1,1.9,FALSE,TRUE,1,"SSP3_7_0",1,1.45,FALSE,TRUE,1,"SSP3_7_0"
33.8810559060255,33.2886242017133,1,1.9,FALSE,TRUE,1,"SSP3_7_0",1,1.6,FALSE,TRUE,1,"SSP3_7_0"
33.8810559060255,33.706985537946,1,1.9,FALSE,TRUE,1,"SSP3_7_0",1,1.75,FALSE,TRUE,1,"SSP3_7_0"
33.8810559060255,33.8810559060255,1,1.9,FALSE,TRUE,1,"SSP3_7_0",1,1.9,FALSE,TRUE,1,"SSP3_7_0"
33.8810559060255,33.5827432255824,1,1.9,FALSE,TRUE,1,"SSP3_7_0",1,2.05,FALSE,TRUE,1,"SSP3_7_0"
33.8810559060255,32.357570888333,1,1.9,FALSE,TRUE,1,"SSP3_7_0",1,2.2,FALSE,TRUE,1,"SSP3_7_0"
33.8810559060255,29.3361523819106,1,1.9,FALSE,TRUE,1,"SSP3_7_0",1,2.35,FALSE,TRUE,1,"SSP3_7_0"
33.8810559060255,24.9098991488578,1,1.9,FALSE,TRUE,1,"SSP3_7_0",1,2.5,FALSE,TRUE,1,"SSP3_7_0"
34.9384360864606,30.9151040504541,1,2.05,FALSE,TRUE,1,"SSP3_7_0",1,1,FALSE,TRUE,1,"SSP3_7_0"
34.9384360864606,31.9934352330719,1,2.05,FALSE,TRUE,1,"SSP3_7_0",1,1.15,FALSE,TRUE,1,"SSP3_7_0"
34.9384360864606,32.8013790725925,1,2.05,FALSE,TRUE,1,"SSP3_7_0",1,1.3,FALSE,TRUE,1,"SSP3_7_0"
34.9384360864606,33.3655858036044,1,2.05,FALSE,TRUE,1,"SSP3_7_0",1,1.45,FALSE,TRUE,1,"SSP3_7_0"
34.9384360864606,33.9290347671597,1,2.05,FALSE,TRUE,1,"SSP3_7_0",1,1.6,FALSE,TRUE,1,"SSP3_7_0"
34.9384360864606,34.4278169195136,1,2.05,FALSE,TRUE,1,"SSP3_7_0",1,1.75,FALSE,TRUE,1,"SSP3_7_0"
34.9384360864606,34.7709379962391,1,2.05,FALSE,TRUE,1,"SSP3_7_0",1,1.9,FALSE,TRUE,1,"SSP3_7_0"
34.9384360864606,34.9384360864607,1,2.05,FALSE,TRUE,1,"SSP3_7_0",1,2.05,FALSE,TRUE,1,"SSP3_7_0"
34.9384360864606,34.6760394353272,1,2.05,FALSE,TRUE,1,"SSP3_7_0",1,2.2,FALSE,TRUE,1,"SSP3_7_0"
34.9384360864606,33.4232043585454,1,2.05,FALSE,TRUE,1,"SSP3_7_0",1,2.35,FALSE,TRUE,1,"SSP3_7_0"
34.9384360864606,30.6243744992773,1,2.05,FALSE,TRUE,1,"SSP3_7_0",1,2.5,FALSE,TRUE,1,"SSP3_7_0"
35.8331709332252,31.0369427101484,1,2.2,FALSE,TRUE,1,"SSP3_7_0",1,1,FALSE,TRUE,1,"SSP3_7_0"
35.8331709332252,32.2607723313585,1,2.2,FALSE,TRUE,1,"SSP3_7_0",1,1.15,FALSE,TRUE,1,"SSP3_7_0"
35.8331709332252,33.2175770732833,1,2.2,FALSE,TRUE,1,"SSP3_7_0",1,1.3,FALSE,TRUE,1,"SSP3_7_0"
35.8331709332252,33.8121785959631,1,2.2,FALSE,TRUE,1,"SSP3_7_0",1,1.45,FALSE,TRUE,1,"SSP3_7_0"
35.8331709332252,34.3919506415281,1,2.2,FALSE,TRUE,1,"SSP3_7_0",1,1.6,FALSE,TRUE,1,"SSP3_7_0"
35.8331709332252,34.9250300177389,1,2.2,FALSE,TRUE,1,"SSP3_7_0",1,1.75,FALSE,TRUE,1,"SSP3_7_0"
35.8331709332252,35.332824177564,1,2.2,FALSE,TRUE,1,"SSP3_7_0",1,1.9,FALSE,TRUE,1,"SSP3_7_0"
35.8331709332252,35.6721320570188,1,2.2,FALSE,TRUE,1,"SSP3_7_0",1,2.05,FALSE,TRUE,1,"SSP3_7_0"
35.8331709332252,35.8331709332252,1,2.2,FALSE,TRUE,1,"SSP3_7_0",1,2.2,FALSE,TRUE,1,"SSP3_7_0"
35.8331709332252,35.556025973813,1,2.2,FALSE,TRUE,1,"SSP3_7_0",1,2.35,FALSE,TRUE,1,"SSP3_7_0"
35.8331709332252,34.3536209535768,1,2.2,FALSE,TRUE,1,"SSP3_7_0",1,2.5,FALSE,TRUE,1,"SSP3_7_0"
36.5547244265982,31.1058588496791,1,2.35,FALSE,TRUE,1,"SSP3_7_0",1,1,FALSE,TRUE,1,"SSP3_7_0"
36.5547244265982,32.4278441570001,1,2.35,FALSE,TRUE,1,"SSP3_7_0",1,1.15,FALSE,TRUE,1,"SSP3_7_0"
36.5547244265982,33.5095856879651,1,2.35,FALSE,TRUE,1,"SSP3_7_0",1,1.3,FALSE,TRUE,1,"SSP3_7_0"
36.5547244265982,34.1161336884838,1,2.35,FALSE,TRUE,1,"SSP3_7_0",1,1.45,FALSE,TRUE,1,"SSP3_7_0"
36.5547244265982,34.7017384533782,1,2.35,FALSE,TRUE,1,"SSP3_7_0",1,1.6,FALSE,TRUE,1,"SSP3_7_0"
36.5547244265982,35.2503664060693,1,2.35,FALSE,TRUE,1,"SSP3_7_0",1,1.75,FALSE,TRUE,1,"SSP3_7_0"
36.5547244265982,35.6858436790413,1,2.35,FALSE,TRUE,1,"SSP3_7_0",1,1.9,FALSE,TRUE,1,"SSP3_7_0"
36.5547244265982,36.0904858381926,1,2.35,FALSE,TRUE,1,"SSP3_7_0",1,2.05,FALSE,TRUE,1,"SSP3_7_0"
36.5547244265982,36.4023654585812,1,2.35,FALSE,TRUE,1,"SSP3_7_0",1,2.2,FALSE,TRUE,1,"SSP3_7_0"
36.5547244265982,36.5547244265982,1,2.35,FALSE,TRUE,1,"SSP3_7_0",1,2.35,FALSE,TRUE,1,"SSP3_7_0"
36.5547244265982,36.2775403245086,1,2.35,FALSE,TRUE,1,"SSP3_7_0",1,2.5,FALSE,TRUE,1,"SSP3_7_0"
37.1373105379807,31.147196510482,1,2.5,FALSE,TRUE,1,"SSP3_7_0",1,1,FALSE,TRUE,1,"SSP3_7_0"
37.1373105379807,32.5231706161437,1,2.5,FALSE,TRUE,1,"SSP3_7_0",1,1.15,FALSE,TRUE,1,"SSP3_7_0"
37.1373105379807,33.6917125471063,1,2.5,FALSE,TRUE,1,"SSP3_7_0",1,1.3,FALSE,TRUE,1,"SSP3_7_0"
37.1373105379807,34.2991532759543,1,2.5,FALSE,TRUE,1,"SSP3_7_0",1,1.45,FALSE,TRUE,1,"SSP3_7_0"
37.1373105379807,34.8849961298246,1,2.5,FALSE,TRUE,1,"SSP3_7_0",1,1.6,FALSE,TRUE,1,"SSP3_7_0"
37.1373105379807,35.4398809854906,1,2.5,FALSE,TRUE,1,"SSP3_7_0",1,1.75,FALSE,TRUE,1,"SSP3_7_0"
37.1373105379807,35.8871447368128,1,2.5,FALSE,TRUE,1,"SSP3_7_0",1,1.9,FALSE,TRUE,1,"SSP3_7_0"
37.1373105379807,36.3187161062717,1,2.5,FALSE,TRUE,1,"SSP3_7_0",1,2.05,FALSE,TRUE,1,"SSP3_7_0"
37.1373105379807,36.6932117262261,1,2.5,FALSE,TRUE,1,"SSP3_7_0",1,2.2,FALSE,TRUE,1,"SSP3_7_0"
37.1373105379807,37.003370921616,1,2.5,FALSE,TRUE,1,"SSP3_7_0",1,2.35,FALSE,TRUE,1,"SSP3_7_0"
37.1373105379807,37.1373105379807,1,2.5,FALSE,TRUE,1,"SSP3_7_0",1,2.5,FALSE,TRUE,1,"SSP3_7_0"
22.6531055452344,22.6531155501079,1,1,FALSE,TRUE,1,"SSP5_8_5",1,1,FALSE,TRUE,1,"SSP5_8_5"
22.6531055452344,22.3762644686587,1,1,FALSE,TRUE,1,"SSP5_8_5",1,1.15,FALSE,TRUE,1,"SSP5_8_5"
22.6531055452344,20.5372047820368,1,1,FALSE,TRUE,1,"SSP5_8_5",1,1.3,FALSE,TRUE,1,"SSP5_8_5"
22.6531055452344,17.6041983325439,1,1,FALSE,TRUE,1,"SSP5_8_5",1,1.45,FALSE,TRUE,1,"SSP5_8_5"
22.6531055452344,11.0507336061927,1,1,FALSE,TRUE,1,"SSP5_8_5",1,1.6,FALSE,TRUE,1,"SSP5_8_5"
22.6531055452344,5.9042471101313,1,1,FALSE,TRUE,1,"SSP5_8_5",1,1.75,FALSE,TRUE,1,"SSP5_8_5"
22.6531055452344,4.91662673869545,1,1,FALSE,TRUE,1,"SSP5_8_5",1,1.9,FALSE,TRUE,1,"SSP5_8_5"
22.6531055452344,4.78317932025254,1,1,FALSE,TRUE,1,"SSP5_8_5",1,2.05,FALSE,TRUE,1,"SSP5_8_5"
22.6531055452344,4.76480482168857,1,1,FALSE,TRUE,1,"SSP5_8_5",1,2.2,FALSE,TRUE,1,"SSP5_8_5"
22.6531055452344,4.76410924896802,1,1,FALSE,TRUE,1,"SSP5_8_5",1,2.35,FALSE,TRUE,1,"SSP5_8_5"
22.6531055452344,4.76410410493875,1,1,FALSE,TRUE,1,"SSP5_8_5",1,2.5,FALSE,TRUE,1,"SSP5_8_5"
23.9070275413936,23.7470733391183,1,1.15,FALSE,TRUE,1,"SSP5_8_5",1,1,FALSE,TRUE,1,"SSP5_8_5"
23.9070275413936,23.9070374904122,1,1.15,FALSE,TRUE,1,"SSP5_8_5",1,1.15,FALSE,TRUE,1,"SSP5_8_5"
23.9070275413936,23.5132349259475,1,1.15,FALSE,TRUE,1,"SSP5_8_5",1,1.3,FALSE,TRUE,1,"SSP5_8_5"
23.9070275413936,22.22730104677,1,1.15,FALSE,TRUE,1,"SSP5_8_5",1,1.45,FALSE,TRUE,1,"SSP5_8_5"
23.9070275413936,18.3181004407963,1,1.15,FALSE,TRUE,1,"SSP5_8_5",1,1.6,FALSE,TRUE,1,"SSP5_8_5"
23.9070275413936,13.0303739136522,1,1.15,FALSE,TRUE,1,"SSP5_8_5",1,1.75,FALSE,TRUE,1,"SSP5_8_5"
23.9070275413936,8.27577146459205,1,1.15,FALSE,TRUE,1,"SSP5_8_5",1,1.9,FALSE,TRUE,1,"SSP5_8_5"
23.9070275413936,7.1663590653219,1,1.15,FALSE,TRUE,1,"SSP5_8_5",1,2.05,FALSE,TRUE,1,"SSP5_8_5"
23.9070275413936,7.02399142684351,1,1.15,FALSE,TRUE,1,"SSP5_8_5",1,2.2,FALSE,TRUE,1,"SSP5_8_5"
23.9070275413936,7.00611440261989,1,1.15,FALSE,TRUE,1,"SSP5_8_5",1,2.35,FALSE,TRUE,1,"SSP5_8_5"
23.9070275413936,7.00466202884654,1,1.15,FALSE,TRUE,1,"SSP5_8_5",1,2.5,FALSE,TRUE,1,"SSP5_8_5"
25.0881281426195,24.6118940955664,1,1.3,FALSE,TRUE,1,"SSP5_8_5",1,1,FALSE,TRUE,1,"SSP5_8_5"
25.0881281426195,24.9415265600628,1,1.3,FALSE,TRUE,1,"SSP5_8_5",1,1.15,FALSE,TRUE,1,"SSP5_8_5"
25.0881281426195,25.088138023409,1,1.3,FALSE,TRUE,1,"SSP5_8_5",1,1.3,FALSE,TRUE,1,"SSP5_8_5"
25.0881281426195,24.7996056868224,1,1.3,FALSE,TRUE,1,"SSP5_8_5",1,1.45,FALSE,TRUE,1,"SSP5_8_5"
25.0881281426195,23.1220933985459,1,1.3,FALSE,TRUE,1,"SSP5_8_5",1,1.6,FALSE,TRUE,1,"SSP5_8_5"
25.0881281426195,20.0763682112091,1,1.3,FALSE,TRUE,1,"SSP5_8_5",1,1.75,FALSE,TRUE,1,"SSP5_8_5"
25.0881281426195,14.9191298124354,1,1.3,FALSE,TRUE,1,"SSP5_8_5",1,1.9,FALSE,TRUE,1,"SSP5_8_5"
25.0881281426195,10.6410526642268,1,1.3,FALSE,TRUE,1,"SSP5_8_5",1,2.05,FALSE,TRUE,1,"SSP5_8_5"
25.0881281426195,9.51645032468427,1,1.3,FALSE,TRUE,1,"SSP5_8_5",1,2.2,FALSE,TRUE,1,"SSP5_8_5"
25.0881281426195,9.37998293300379,1,1.3,FALSE,TRUE,1,"SSP5_8_5",1,2.35,FALSE,TRUE,1,"SSP5_8_5"
25.0881281426195,9.35727542807753,1,1.3,FALSE,TRUE,1,"SSP5_8_5",1,2.5,FALSE,TRUE,1,"SSP5_8_5"
26.2565399028412,25.3459897718561,1,1.45,FALSE,TRUE,1,"SSP5_8_5",1,1,FALSE,TRUE,1,"SSP5_8_5"
26.2565399028412,25.7677359861971,1,1.45,FALSE,TRUE,1,"SSP5_8_5",1,1.15,FALSE,TRUE,1,"SSP5_8_5"
26.2565399028412,26.1207992194872,1,1.45,FALSE,TRUE,1,"SSP5_8_5",1,1.3,FALSE,TRUE,1,"SSP5_8_5"
26.2565399028412,26.2565495305214,1,1.45,FALSE,TRUE,1,"SSP5_8_5",1,1.45,FALSE,TRUE,1,"SSP5_8_5"
26.2565399028412,25.9003034555832,1,1.45,FALSE,TRUE,1,"SSP5_8_5",1,1.6,FALSE,TRUE,1,"SSP5_8_5"
26.2565399028412,24.5605668761626,1,1.45,FALSE,TRUE,1,"SSP5_8_5",1,1.75,FALSE,TRUE,1,"SSP5_8_5"
26.2565399028412,21.6729709936266,1,1.45,FALSE,TRUE,1,"SSP5_8_5",1,1.9,FALSE,TRUE,1,"SSP5_8_5"
26.2565399028412,16.8824579737073,1,1.45,FALSE,TRUE,1,"SSP5_8_5",1,2.05,FALSE,TRUE,1,"SSP5_8_5"
26.2565399028412,12.8475724883029,1,1.45,FALSE,TRUE,1,"SSP5_8_5",1,2.2,FALSE,TRUE,1,"SSP5_8_5"
26.2565399028412,11.8648785038089,1,1.45,FALSE,TRUE,1,"SSP5_8_5",1,2.35,FALSE,TRUE,1,"SSP5_8_5"
26.2565399028412,11.6912409704722,1,1.45,FALSE,TRUE,1,"SSP5_8_5",1,2.5,FALSE,TRUE,1,"SSP5_8_5"
27.3431494807072,25.9545039223903,1,1.6,FALSE,TRUE,1,"SSP5_8_5",1,1,FALSE,TRUE,1,"SSP5_8_5"
27.3431494807072,26.4680194047033,1,1.6,FALSE,TRUE,1,"SSP5_8_5",1,1.15,FALSE,TRUE,1,"SSP5_8_5"
27.3431494807072,26.8686692639346,1,1.6,FALSE,TRUE,1,"SSP5_8_5",1,1.3,FALSE,TRUE,1,"SSP5_8_5"
27.3431494807072,27.1543623048055,1,1.6,FALSE,TRUE,1,"SSP5_8_5",1,1.45,FALSE,TRUE,1,"SSP5_8_5"
27.3431494807072,27.3431582056095,1,1.6,FALSE,TRUE,1,"SSP5_8_5",1,1.6,FALSE,TRUE,1,"SSP5_8_5"
27.3431494807072,27.0449297452586,1,1.6,FALSE,TRUE,1,"SSP5_8_5",1,1.75,FALSE,TRUE,1,"SSP5_8_5"
27.3431494807072,25.8357694685012,1,1.6,FALSE,TRUE,1,"SSP5_8_5",1,1.9,FALSE,TRUE,1,"SSP5_8_5"
27.3431494807072,23.0161602938901,1,1.6,FALSE,TRUE,1,"SSP5_8_5",1,2.05,FALSE,TRUE,1,"SSP5_8_5"
27.3431494807072,18.4939049208173,1,1.6,FALSE,TRUE,1,"SSP5_8_5",1,2.2,FALSE,TRUE,1,"SSP5_8_5"
27.3431494807072,15.2182262969896,1,1.6,FALSE,TRUE,1,"SSP5_8_5",1,2.35,FALSE,TRUE,1,"SSP5_8_5"
27.3431494807072,14.040136431102,1,1.6,FALSE,TRUE,1,"SSP5_8_5",1,2.5,FALSE,TRUE,1,"SSP5_8_5"
28.4729609394434,26.4456877586154,1,1.75,FALSE,TRUE,1,"SSP5_8_5",1,1,FALSE,TRUE,1,"SSP5_8_5"
28.4729609394434,27.07388660278,1,1.75,FALSE,TRUE,1,"SSP5_8_5",1,1.15,FALSE,TRUE,1,"SSP5_8_5"
28.4729609394434,27.5589523277812,1,1.75,FALSE,TRUE,1,"SSP5_8_5",1,1.3,FALSE,TRUE,1,"SSP5_8_5"
28.4729609394434,27.910670855645,1,1.75,FALSE,TRUE,1,"SSP5_8_5",1,1.45,FALSE,TRUE,1,"SSP5_8_5"
28.4729609394434,28.2999543697628,1,1.75,FALSE,TRUE,1,"SSP5_8_5",1,1.6,FALSE,TRUE,1,"SSP5_8_5"
28.4729609394434,28.4729961167208,1,1.75,FALSE,TRUE,1,"SSP5_8_5",1,1.75,FALSE,TRUE,1,"SSP5_8_5"
28.4729609394434,28.222585945085,1,1.75,FALSE,TRUE,1,"SSP5_8_5",1,1.9,FALSE,TRUE,1,"SSP5_8_5"
28.4729609394434,26.9957280708296,1,1.75,FALSE,TRUE,1,"SSP5_8_5",1,2.05,FALSE,TRUE,1,"SSP5_8_5"
28.4729609394434,24.3885851981827,1,1.75,FALSE,TRUE,1,"SSP5_8_5",1,2.2,FALSE,TRUE,1,"SSP5_8_5"
28.4729609394434,20.6184095271705,1,1.75,FALSE,TRUE,1,"SSP5_8_5",1,2.35,FALSE,TRUE,1,"SSP5_8_5"
28.4729609394434,17.2371173554117,1,1.75,FALSE,TRUE,1,"SSP5_8_5",1,2.5,FALSE,TRUE,1,"SSP5_8_5"
29.5625005462864,26.8040921487898,1,1.9,FALSE,TRUE,1,"SSP5_8_5",1,1,FALSE,TRUE,1,"SSP5_8_5"
29.5625005462864,27.5680810689248,1,1.9,FALSE,TRUE,1,"SSP5_8_5",1,1.15,FALSE,TRUE,1,"SSP5_8_5"
29.5625005462864,28.1601453665017,1,1.9,FALSE,TRUE,1,"SSP5_8_5",1,1.3,FALSE,TRUE,1,"SSP5_8_5"
29.5625005462864,28.5740600436812,1,1.9,FALSE,TRUE,1,"SSP5_8_5",1,1.45,FALSE,TRUE,1,"SSP5_8_5"
29.5625005462864,29.050437788418,1,1.9,FALSE,TRUE,1,"SSP5_8_5",1,1.6,FALSE,TRUE,1,"SSP5_8_5"
29.5625005462864,29.4114545338149,1,1.9,FALSE,TRUE,1,"SSP5_8_5",1,1.75,FALSE,TRUE,1,"SSP5_8_5"
29.5625005462864,29.5625300850524,1,1.9,FALSE,TRUE,1,"SSP5_8_5",1,1.9,FALSE,TRUE,1,"SSP5_8_5"
29.5625005462864,29.2821581978705,1,1.9,FALSE,TRUE,1,"SSP5_8_5",1,2.05,FALSE,TRUE,1,"SSP5_8_5"
29.5625005462864,28.1839968294623,1,1.9,FALSE,TRUE,1,"SSP5_8_5",1,2.2,FALSE,TRUE,1,"SSP5_8_5"
29.5625005462864,25.9768934310524,1,1.9,FALSE,TRUE,1,"SSP5_8_5",1,2.35,FALSE,TRUE,1,"SSP5_8_5"
29.5625005462864,22.3088428028451,1,1.9,FALSE,TRUE,1,"SSP5_8_5",1,2.5,FALSE,TRUE,1,"SSP5_8_5"
30.6150291187768,27.0489769528193,1,2.05,FALSE,TRUE,1,"SSP5_8_5",1,1,FALSE,TRUE,1,"SSP5_8_5"
30.6150291187768,27.9464526436499,1,2.05,FALSE,TRUE,1,"SSP5_8_5",1,1.15,FALSE,TRUE,1,"SSP5_8_5"
30.6150291187768,28.6767811763761,1,2.05,FALSE,TRUE,1,"SSP5_8_5",1,1.3,FALSE,TRUE,1,"SSP5_8_5"
30.6150291187768,29.1644351085059,1,2.05,FALSE,TRUE,1,"SSP5_8_5",1,1.45,FALSE,TRUE,1,"SSP5_8_5"
30.6150291187768,29.7075502944297,1,2.05,FALSE,TRUE,1,"SSP5_8_5",1,1.6,FALSE,TRUE,1,"SSP5_8_5"
30.6150291187768,30.149285588637,1,2.05,FALSE,TRUE,1,"SSP5_8_5",1,1.75,FALSE,TRUE,1,"SSP5_8_5"
30.6150291187768,30.453486045766,1,2.05,FALSE,TRUE,1,"SSP5_8_5",1,1.9,FALSE,TRUE,1,"SSP5_8_5"
30.6150291187768,30.6150555028681,1,2.05,FALSE,TRUE,1,"SSP5_8_5",1,2.05,FALSE,TRUE,1,"SSP5_8_5"
30.6150291187768,30.3587391395213,1,2.05,FALSE,TRUE,1,"SSP5_8_5",1,2.2,FALSE,TRUE,1,"SSP5_8_5"
30.6150291187768,29.4521536207086,1,2.05,FALSE,TRUE,1,"SSP5_8_5",1,2.35,FALSE,TRUE,1,"SSP5_8_5"
30.6150291187768,27.345145579641,1,2.05,FALSE,TRUE,1,"SSP5_8_5",1,2.5,FALSE,TRUE,1,"SSP5_8_5"
31.6133700406813,27.2010673727392,1,2.2,FALSE,TRUE,1,"SSP5_8_5",1,1,FALSE,TRUE,1,"SSP5_8_5"
31.6133700406813,28.2085754329396,1,2.2,FALSE,TRUE,1,"SSP5_8_5",1,1.15,FALSE,TRUE,1,"SSP5_8_5"
31.6133700406813,29.0900056520848,1,2.2,FALSE,TRUE,1,"SSP5_8_5",1,1.3,FALSE,TRUE,1,"SSP5_8_5"
31.6133700406813,29.6737945400112,1,2.2,FALSE,TRUE,1,"SSP5_8_5",1,1.45,FALSE,TRUE,1,"SSP5_8_5"
31.6133700406813,30.2879023184746,1,2.2,FALSE,TRUE,1,"SSP5_8_5",1,1.6,FALSE,TRUE,1,"SSP5_8_5"
31.6133700406813,30.7856086610439,1,2.2,FALSE,TRUE,1,"SSP5_8_5",1,1.75,FALSE,TRUE,1,"SSP5_8_5"
31.6133700406813,31.1557128838383,1,2.2,FALSE,TRUE,1,"SSP5_8_5",1,1.9,FALSE,TRUE,1,"SSP5_8_5"
31.6133700406813,31.483948560465,1,2.2,FALSE,TRUE,1,"SSP5_8_5",1,2.05,FALSE,TRUE,1,"SSP5_8_5"
31.6133700406813,31.6133877396035,1,2.2,FALSE,TRUE,1,"SSP5_8_5",1,2.2,FALSE,TRUE,1,"SSP5_8_5"
31.6133700406813,31.411975380829,1,2.2,FALSE,TRUE,1,"SSP5_8_5",1,2.35,FALSE,TRUE,1,"SSP5_8_5"
31.6133700406813,30.5992792504351,1,2.2,FALSE,TRUE,1,"SSP5_8_5",1,2.5,FALSE,TRUE,1,"SSP5_8_5"
32.5839078255425,27.2924609931774,1,2.35,FALSE,TRUE,1,"SSP5_8_5",1,1,FALSE,TRUE,1,"SSP5_8_5"
32.5839078255425,28.378069800875,1,2.35,FALSE,TRUE,1,"SSP5_8_5",1,1.15,FALSE,TRUE,1,"SSP5_8_5"
32.5839078255425,29.3989647755648,1,2.35,FALSE,TRUE,1,"SSP5_8_5",1,1.3,FALSE,TRUE,1,"SSP5_8_5"
32.5839078255425,30.0915009489323,1,2.35,FALSE,TRUE,1,"SSP5_8_5",1,1.45,FALSE,TRUE,1,"SSP5_8_5"
32.5839078255425,30.7952396464332,1,2.35,FALSE,TRUE,1,"SSP5_8_5",1,1.6,FALSE,TRUE,1,"SSP5_8_5"
32.5839078255425,31.3529361468314,1,2.35,FALSE,TRUE,1,"SSP5_8_5",1,1.75,FALSE,TRUE,1,"SSP5_8_5"
32.5839078255425,31.7695724062062,1,2.35,FALSE,TRUE,1,"SSP5_8_5",1,1.9,FALSE,TRUE,1,"SSP5_8_5"
32.5839078255425,32.1785865737171,1,2.35,FALSE,TRUE,1,"SSP5_8_5",1,2.05,FALSE,TRUE,1,"SSP5_8_5"
32.5839078255425,32.4528981959569,1,2.35,FALSE,TRUE,1,"SSP5_8_5",1,2.2,FALSE,TRUE,1,"SSP5_8_5"
32.5839078255425,32.5839078255425,1,2.35,FALSE,TRUE,1,"SSP5_8_5",1,2.35,FALSE,TRUE,1,"SSP5_8_5"
32.5839078255425,32.4182969513975,1,2.35,FALSE,TRUE,1,"SSP5_8_5",1,2.5,FALSE,TRUE,1,"SSP5_8_5"
33.4883492416431,27.3489748827889,1,2.5,FALSE,TRUE,1,"SSP5_8_5",1,1,FALSE,TRUE,1,"SSP5_8_5"
33.4883492416431,28.4803866903114,1,2.5,FALSE,TRUE,1,"SSP5_8_5",1,1.15,FALSE,TRUE,1,"SSP5_8_5"
33.4883492416431,29.6110038771554,1,2.5,FALSE,TRUE,1,"SSP5_8_5",1,1.3,FALSE,TRUE,1,"SSP5_8_5"
33.4883492416431,30.4108735592592,1,2.5,FALSE,TRUE,1,"SSP5_8_5",1,1.45,FALSE,TRUE,1,"SSP5_8_5"
33.4883492416431,31.2194476758037,1,2.5,FALSE,TRUE,1,"SSP5_8_5",1,1.6,FALSE,TRUE,1,"SSP5_8_5"
33.4883492416431,31.8533076641096,1,2.5,FALSE,TRUE,1,"SSP5_8_5",1,1.75,FALSE,TRUE,1,"SSP5_8_5"
33.4883492416431,32.3182385175146,1,2.5,FALSE,TRUE,1,"SSP5_8_5",1,1.9,FALSE,TRUE,1,"SSP5_8_5"
33.4883492416431,32.7725685104443,1,2.5,FALSE,TRUE,1,"SSP5_8_5",1,2.05,FALSE,TRUE,1,"SSP5_8_5"
33.4883492416431,33.1159251999825,1,2.5,FALSE,TRUE,1,"SSP5_8_5",1,2.2,FALSE,TRUE,1,"SSP5_8_5"
33.4883492416431,33.375377100619,1,2.5,FALSE,TRUE,1,"SSP5_8_5",1,2.35,FALSE,TRUE,1,"SSP5_8_5"
33.4883492416431,33.4883492416431,1,2.5,FALSE,TRUE,1,"SSP5_8_5",1,2.5,FALSE,TRUE,1,"SSP5_8_5"
