"Year","X5.","Mean","X95.","scenario"
1950,-0.06003,0.252242,0.608546,"Historical"
1951,-0.0556856,0.274715,0.525308,"Historical"
1952,-0.0428913,0.274303,0.540725,"Historical"
1953,-0.0205299,0.253376,0.535419,"Historical"
1954,-0.127657,0.246369,0.553914,"Historical"
1955,-0.0454359,0.273183,0.541897,"Historical"
1956,-0.122056,0.270194,0.595489,"Historical"
1957,-0.0815188,0.26802,0.57224,"Historical"
1958,-0.0351503,0.258518,0.534191,"Historical"
1959,-0.0235373,0.258082,0.555881,"Historical"
1960,-0.083648,0.275816,0.549635,"Historical"
1961,0.0237076,0.278716,0.596956,"Historical"
1962,-0.114702,0.243163,0.485732,"Historical"
1963,-0.154688,0.146068,0.446616,"Historical"
1964,-0.199097,0.0675637,0.358201,"Historical"
1965,-0.189913,0.0892355,0.330021,"Historical"
1966,-0.0801923,0.136807,0.41921,"Historical"
1967,-0.252428,0.13223,0.43186,"Historical"
1968,-0.225698,0.163259,0.469934,"Historical"
1969,-0.141856,0.197771,0.431807,"Historical"
1970,-0.0973114,0.211585,0.493199,"Historical"
1971,-0.187701,0.228505,0.531925,"Historical"
1972,-0.179701,0.20259,0.472747,"Historical"
1973,-0.0230189,0.226456,0.451735,"Historical"
1974,-0.0151033,0.246628,0.497963,"Historical"
1975,-0.0295577,0.211784,0.529958,"Historical"
1976,-0.0158827,0.219708,0.468149,"Historical"
1977,0.0225135,0.278376,0.499191,"Historical"
1978,0.0282921,0.282009,0.611599,"Historical"
1979,-0.0254563,0.311394,0.570115,"Historical"
1980,0.0330293,0.34729,0.624456,"Historical"
1981,0.113745,0.377955,0.592297,"Historical"
1982,0.0713663,0.337443,0.585534,"Historical"
1983,-0.0139346,0.23189,0.568651,"Historical"
1984,0.134554,0.303182,0.607088,"Historical"
1985,0.0504538,0.354818,0.646899,"Historical"
1986,0.145226,0.38841,0.688514,"Historical"
1987,0.166573,0.437567,0.693618,"Historical"
1988,0.152693,0.471578,0.695916,"Historical"
1989,0.293242,0.516417,0.7338,"Historical"
1990,0.409507,0.586496,0.817305,"Historical"
1991,0.300284,0.565131,0.814267,"Historical"
1992,0.065736,0.292329,0.523401,"Historical"
1993,0.149989,0.348397,0.626579,"Historical"
1994,0.167363,0.450393,0.681278,"Historical"
1995,0.282344,0.490861,0.751686,"Historical"
1996,0.356335,0.565519,0.755367,"Historical"
1997,0.434545,0.638018,0.845823,"Historical"
1998,0.445872,0.645688,0.831704,"Historical"
1999,0.445269,0.681837,0.865118,"Historical"
2000,0.537534,0.735275,0.871411,"Historical"
2001,0.604782,0.798701,0.999765,"Historical"
2002,0.597459,0.820328,0.991021,"Historical"
2003,0.682348,0.856159,0.994181,"Historical"
2004,0.689514,0.865993,1.06856,"Historical"
2005,0.693329,0.884204,1.06246,"Historical"
2006,0.692701,0.899079,1.08839,"Historical"
2007,0.732211,0.928693,1.10407,"Historical"
2008,0.792066,0.942816,1.13052,"Historical"
2009,0.797398,0.961617,1.15798,"Historical"
2010,0.836971,1.00262,1.28012,"Historical"
2011,0.842644,1.03633,1.18925,"Historical"
2012,0.882825,1.0613,1.24067,"Historical"
2013,0.913046,1.08492,1.2857,"Historical"
2014,0.930436,1.10004,1.33164,"Historical"
2015,1.01546459357663,1.09880669721751,1.18712866215176,"SSP1_1_9"
2016,1.03216409446169,1.12323368410444,1.21992190159828,"SSP1_1_9"
2017,1.04992247013711,1.14885574915022,1.25396833936711,"SSP1_1_9"
2018,1.06804849474999,1.17520480992897,1.28916137636271,"SSP1_1_9"
2019,1.08437853533359,1.20060356703987,1.32411643744686,"SSP1_1_9"
2020,1.09938112015122,1.22547244329054,1.35948001406576,"SSP1_1_9"
2021,1.11631639693312,1.25171581253895,1.3955455623045,"SSP1_1_9"
2022,1.13142663906088,1.27695901514128,1.43143521676517,"SSP1_1_9"
2023,1.14370364228629,1.3000423511139,1.46609590469604,"SSP1_1_9"
2024,1.15578087387031,1.32145467060418,1.49779300749945,"SSP1_1_9"
2025,1.16770025671539,1.3438290739085,1.53144356298067,"SSP1_1_9"
2026,1.18207165921853,1.36675273156074,1.56387451758906,"SSP1_1_9"
2027,1.19575000196353,1.38825963794898,1.59414876609009,"SSP1_1_9"
2028,1.20635791349151,1.40725666186774,1.62264788460226,"SSP1_1_9"
2029,1.21702039291782,1.42604976620236,1.65049169132224,"SSP1_1_9"
2030,1.2280106717716,1.44350264832618,1.67534071715188,"SSP1_1_9"
2031,1.23497585479255,1.45908255032505,1.70070714387842,"SSP1_1_9"
2032,1.24124069435339,1.47405299164357,1.72590405509735,"SSP1_1_9"
2033,1.24756786495889,1.48786115423776,1.7481014697085,"SSP1_1_9"
2034,1.25262955061646,1.49935936809009,1.76709098837977,"SSP1_1_9"
2035,1.25677508540653,1.51006705999104,1.7861702646108,"SSP1_1_9"
2036,1.26058919086002,1.52004617046452,1.80360748386388,"SSP1_1_9"
2037,1.26387502692782,1.52824108656861,1.81815648973751,"SSP1_1_9"
2038,1.26546232936804,1.53533600397683,1.83178330878198,"SSP1_1_9"
2039,1.26850744718597,1.54306937990365,1.84564712697995,"SSP1_1_9"
2040,1.27090732927004,1.54963503853779,1.85740127337531,"SSP1_1_9"
2041,1.27182351555035,1.55412144972471,1.86706328866607,"SSP1_1_9"
2042,1.27360382919224,1.55873453534562,1.87536086901302,"SSP1_1_9"
2043,1.2759308241435,1.56280042368702,1.88266543641266,"SSP1_1_9"
2044,1.27625341471842,1.56635688065419,1.89074459953722,"SSP1_1_9"
2045,1.27459756882445,1.56812107890494,1.89679854975088,"SSP1_1_9"
2046,1.27062905287353,1.56716839905392,1.90047684740473,"SSP1_1_9"
2047,1.265763207983,1.5670003955098,1.90598003209729,"SSP1_1_9"
2048,1.26235169039083,1.5667685716258,1.91040922386971,"SSP1_1_9"
2049,1.25921493738856,1.56617200135306,1.91285366859673,"SSP1_1_9"
2050,1.25673531340553,1.56544787107881,1.91574512901776,"SSP1_1_9"
2051,1.25304777249401,1.56464291713007,1.91887727722184,"SSP1_1_9"
2052,1.25003424569508,1.56282889223914,1.91919953899489,"SSP1_1_9"
2053,1.24617071404265,1.56123466515327,1.92086847506629,"SSP1_1_9"
2054,1.24298093864845,1.55996311278605,1.92236992907247,"SSP1_1_9"
2055,1.23887375099653,1.55720722170862,1.9216479343015,"SSP1_1_9"
2056,1.23255411216519,1.55333097880176,1.9207913341078,"SSP1_1_9"
2057,1.22701848971692,1.54982954048268,1.92084284423311,"SSP1_1_9"
2058,1.22218313069165,1.5473093023778,1.92143092731529,"SSP1_1_9"
2059,1.21697839812923,1.54364920437138,1.92012210882471,"SSP1_1_9"
2060,1.21221316251947,1.5400054359228,1.91808655292744,"SSP1_1_9"
2061,1.20752797952913,1.53662846960053,1.91733439495358,"SSP1_1_9"
2062,1.20241592784492,1.53317072781098,1.91651534468874,"SSP1_1_9"
2063,1.19639793657117,1.52903493279692,1.91445036056955,"SSP1_1_9"
2064,1.19174215346227,1.52495298834794,1.91150317468561,"SSP1_1_9"
2065,1.18689087873197,1.52056943243236,1.90889088555797,"SSP1_1_9"
2066,1.18350568401977,1.51791725068682,1.90747321758829,"SSP1_1_9"
2067,1.18134011546701,1.51443681226857,1.90344046961898,"SSP1_1_9"
2068,1.17719925518364,1.51055123708371,1.90050583213942,"SSP1_1_9"
2069,1.1716482343899,1.50650287893157,1.89852891568626,"SSP1_1_9"
2070,1.16689147485318,1.50278456533853,1.89632409255134,"SSP1_1_9"
2071,1.16537274249884,1.49930182645054,1.89204072786541,"SSP1_1_9"
2072,1.16202067562991,1.49557312977572,1.88901783914494,"SSP1_1_9"
2073,1.15892012754667,1.49224310609281,1.88579907355733,"SSP1_1_9"
2074,1.15558409120272,1.48902485715597,1.88305480734431,"SSP1_1_9"
2075,1.15337225647282,1.48670566590514,1.88101070771964,"SSP1_1_9"
2076,1.1504384803762,1.48322480904565,1.8780388738558,"SSP1_1_9"
2077,1.14635895818569,1.47947022321863,1.87543331021681,"SSP1_1_9"
2078,1.14278373456857,1.47476224633044,1.86970506716175,"SSP1_1_9"
2079,1.1391086060401,1.4690253025127,1.86253612214512,"SSP1_1_9"
2080,1.13551460189468,1.46355893188024,1.85671622834887,"SSP1_1_9"
2081,1.13278801321487,1.45929551081744,1.85160659543069,"SSP1_1_9"
2082,1.12908117280116,1.45521333373012,1.8473490703417,"SSP1_1_9"
2083,1.12592345861925,1.45104272774693,1.84242259632146,"SSP1_1_9"
2084,1.12232539351142,1.44657266994286,1.83798107909377,"SSP1_1_9"
2085,1.12006428277015,1.44361110905976,1.8349845878819,"SSP1_1_9"
2086,1.1154737326594,1.4390948093946,1.83130304016555,"SSP1_1_9"
2087,1.10980848704391,1.43445752493749,1.82754921577474,"SSP1_1_9"
2088,1.10618096651187,1.42955155594614,1.82230312519983,"SSP1_1_9"
2089,1.10144005096606,1.42389760978786,1.81679177760403,"SSP1_1_9"
2090,1.09523146584302,1.41788078449631,1.81110342271832,"SSP1_1_9"
2091,1.09225386115082,1.41431034706296,1.80754850517826,"SSP1_1_9"
2092,1.08938555785683,1.41098426869593,1.80301321180096,"SSP1_1_9"
2093,1.08449787939723,1.40719264889958,1.79876970964054,"SSP1_1_9"
2094,1.07975693385572,1.40334356028605,1.79529345685855,"SSP1_1_9"
2095,1.07538724635178,1.39959568014057,1.7913781373021,"SSP1_1_9"
2096,1.07057041916962,1.39593194740065,1.78764024482485,"SSP1_1_9"
2097,1.06570288857247,1.39223064640506,1.78275146158312,"SSP1_1_9"
2098,1.06125923773761,1.38840285974541,1.77804816900921,"SSP1_1_9"
2099,1.05623256526101,1.38491434340723,1.77419501492738,"SSP1_1_9"
2015,1.01028596777476,1.09924754747724,1.19646878721148,"SSP1_2_6"
2016,1.02775375471178,1.12493648875298,1.23238070608561,"SSP1_2_6"
2017,1.04576849843246,1.15112728061103,1.26727655247612,"SSP1_2_6"
2018,1.06336849810567,1.17686657191716,1.30233044413284,"SSP1_2_6"
2019,1.08130089635487,1.20226640935634,1.34035075062448,"SSP1_2_6"
2020,1.09865453978521,1.22876837300737,1.3789032266076,"SSP1_2_6"
2021,1.11405209675999,1.25412359639538,1.41433250060937,"SSP1_2_6"
2022,1.13023214042745,1.27877893670613,1.44986041520357,"SSP1_2_6"
2023,1.1461672540616,1.30178068042794,1.4843974759145,"SSP1_2_6"
2024,1.16112239421716,1.32522223196617,1.52139297719173,"SSP1_2_6"
2025,1.17560457447699,1.35061853106499,1.55292516230532,"SSP1_2_6"
2026,1.18976822942919,1.3726191632086,1.58559268394401,"SSP1_2_6"
2027,1.20451432744689,1.39575458502741,1.61472898867281,"SSP1_2_6"
2028,1.21885635101403,1.4172805921757,1.64586194708373,"SSP1_2_6"
2029,1.23281477712777,1.43977472355674,1.67824880893459,"SSP1_2_6"
2030,1.24687465262313,1.46075354622364,1.7083615601033,"SSP1_2_6"
2031,1.25975318541054,1.48046994985744,1.73750788457762,"SSP1_2_6"
2032,1.27055629611823,1.49920018798334,1.76548491233937,"SSP1_2_6"
2033,1.28169637724019,1.51761100675208,1.79277056534057,"SSP1_2_6"
2034,1.29147397624847,1.53426134671169,1.82049261900729,"SSP1_2_6"
2035,1.29926630752069,1.54981792798785,1.8435216532399,"SSP1_2_6"
2036,1.30763527108229,1.5652408799388,1.86762964513135,"SSP1_2_6"
2037,1.31534722811183,1.57949181156022,1.89345036644196,"SSP1_2_6"
2038,1.32329316881773,1.59462959197988,1.91731802876387,"SSP1_2_6"
2039,1.33153499552495,1.609538328947,1.94052866294532,"SSP1_2_6"
2040,1.33964293484298,1.62243962510369,1.96203603985282,"SSP1_2_6"
2041,1.34672777770948,1.63516595208078,1.98361827538066,"SSP1_2_6"
2042,1.35433454408424,1.6479460325499,2.00687161709963,"SSP1_2_6"
2043,1.35925362671029,1.6604228538617,2.02921899264616,"SSP1_2_6"
2044,1.36464258476933,1.66968991126705,2.04902198493287,"SSP1_2_6"
2045,1.37017447821733,1.6798423471563,2.06702431337052,"SSP1_2_6"
2046,1.3750883088763,1.69082389548078,2.08294678300357,"SSP1_2_6"
2047,1.37821535887815,1.70040427246081,2.11289303721454,"SSP1_2_6"
2048,1.38105822324102,1.7080199392076,2.12809185683861,"SSP1_2_6"
2049,1.38471323105641,1.71600871402358,2.14282916038196,"SSP1_2_6"
2050,1.38574558983319,1.72381629854118,2.15608966842187,"SSP1_2_6"
2051,1.38755683213835,1.73270215478958,2.16912328137966,"SSP1_2_6"
2052,1.39178554276993,1.7403653561269,2.18183605472506,"SSP1_2_6"
2053,1.39413745663298,1.74741078933257,2.19351097289386,"SSP1_2_6"
2054,1.39525378111926,1.75403651170736,2.20480721623232,"SSP1_2_6"
2055,1.39769053858746,1.76004420887956,2.21567875358274,"SSP1_2_6"
2056,1.39803716518737,1.76564366530306,2.22533481974998,"SSP1_2_6"
2057,1.39894250196487,1.77044839518429,2.23361548476937,"SSP1_2_6"
2058,1.40126837547033,1.77436238533112,2.24231721670217,"SSP1_2_6"
2059,1.40242540032096,1.77805151865683,2.25015049554476,"SSP1_2_6"
2060,1.40304165038633,1.78269619683256,2.25724758856806,"SSP1_2_6"
2061,1.40541873438723,1.78585272961068,2.26380925541319,"SSP1_2_6"
2062,1.40635563539816,1.78799318146247,2.26979171290233,"SSP1_2_6"
2063,1.40812705583325,1.7917420636157,2.27411652346367,"SSP1_2_6"
2064,1.41016898186401,1.79476157675302,2.27949419457492,"SSP1_2_6"
2065,1.41107630143237,1.79747650456422,2.28524893543546,"SSP1_2_6"
2066,1.41064173186505,1.79883581329112,2.28998130581195,"SSP1_2_6"
2067,1.41087682447001,1.7985892106994,2.29307410574204,"SSP1_2_6"
2068,1.41072584834134,1.79904217260493,2.2962985408963,"SSP1_2_6"
2069,1.40996725557673,1.80117064454395,2.29991770916487,"SSP1_2_6"
2070,1.40946362966243,1.80050925719406,2.30378656805052,"SSP1_2_6"
2071,1.40914493602842,1.80017614318767,2.3072756709024,"SSP1_2_6"
2072,1.40809953197803,1.80064378223429,2.31012104783852,"SSP1_2_6"
2073,1.40671703031251,1.79968231414812,2.31349172796391,"SSP1_2_6"
2074,1.40702684872226,1.79924190067784,2.31633328342291,"SSP1_2_6"
2075,1.40632187701043,1.7986081423458,2.31997690100781,"SSP1_2_6"
2076,1.40704158033008,1.79796942918959,2.32231970763572,"SSP1_2_6"
2077,1.40660220700957,1.79633425595172,2.32387802105512,"SSP1_2_6"
2078,1.40353774115485,1.79354431850956,2.32498420208588,"SSP1_2_6"
2079,1.40025922090045,1.79222900426615,2.32636561485746,"SSP1_2_6"
2080,1.39835588150275,1.7888919377847,2.32612907181711,"SSP1_2_6"
2081,1.39361072562903,1.78683331070552,2.32720368690625,"SSP1_2_6"
2082,1.39190019218642,1.78381190868415,2.32755477438652,"SSP1_2_6"
2083,1.38884784352024,1.78055345685931,2.32888363962032,"SSP1_2_6"
2084,1.38383948838218,1.77784217257976,2.32956722129259,"SSP1_2_6"
2085,1.38185377021695,1.77457694239731,2.33061119906131,"SSP1_2_6"
2086,1.3789685416373,1.77218948160282,2.33136676184296,"SSP1_2_6"
2087,1.37416306036818,1.76901363721373,2.33296573284583,"SSP1_2_6"
2088,1.36889895621725,1.76449822831306,2.33288842053152,"SSP1_2_6"
2089,1.36490199461799,1.76080984522584,2.33246645744267,"SSP1_2_6"
2090,1.36025662739567,1.75872990902621,2.3314712468229,"SSP1_2_6"
2091,1.35695075689567,1.75431595979412,2.33264912980642,"SSP1_2_6"
2092,1.35256016219281,1.7498712182443,2.33251510036657,"SSP1_2_6"
2093,1.34830232639293,1.74627502511873,2.3321387756966,"SSP1_2_6"
2094,1.34293286321563,1.74247745519347,2.33145073536843,"SSP1_2_6"
2095,1.33856451910923,1.73899400006742,2.33031112710465,"SSP1_2_6"
2096,1.33390117274318,1.73482455762806,2.32950064486528,"SSP1_2_6"
2097,1.32877629029025,1.73158106390397,2.32814847742911,"SSP1_2_6"
2098,1.32455721877411,1.72742295183338,2.3266104439749,"SSP1_2_6"
2099,1.31965213035809,1.72363302930062,2.32461297954852,"SSP1_2_6"
2015,1.01114460818915,1.1032292502774,1.19478186647007,"SSP2_4_5"
2016,1.02988784928463,1.1269017637264,1.22915700373218,"SSP2_4_5"
2017,1.04769798941919,1.15191916733475,1.26423782331056,"SSP2_4_5"
2018,1.06435711514693,1.17725727918633,1.3002358448713,"SSP2_4_5"
2019,1.08132173673772,1.20291064322881,1.33696483517334,"SSP2_4_5"
2020,1.10033878948845,1.2299345112918,1.37773935887215,"SSP2_4_5"
2021,1.11993778224222,1.25579922513576,1.41280396693338,"SSP2_4_5"
2022,1.13871651248141,1.28132557040134,1.44762128912645,"SSP2_4_5"
2023,1.15482429696183,1.3066672932138,1.48177929211348,"SSP2_4_5"
2024,1.17126759565426,1.33284625827605,1.51508760726553,"SSP2_4_5"
2025,1.18363506957573,1.3576367316004,1.5485102580181,"SSP2_4_5"
2026,1.20155350051872,1.38120241124314,1.5815071695027,"SSP2_4_5"
2027,1.21913770576351,1.40555050251697,1.61551340818093,"SSP2_4_5"
2028,1.23764395197576,1.43280894070878,1.64975603774475,"SSP2_4_5"
2029,1.25639678553507,1.45803759350364,1.68445996702132,"SSP2_4_5"
2030,1.27493656827105,1.48294275576227,1.71928545389781,"SSP2_4_5"
2031,1.29246858470741,1.506218010742,1.75336046862282,"SSP2_4_5"
2032,1.30862329410119,1.52944601410171,1.78580775560001,"SSP2_4_5"
2033,1.32496165778355,1.55143229097889,1.8193149823231,"SSP2_4_5"
2034,1.34253044808962,1.57280012306276,1.8520667178138,"SSP2_4_5"
2035,1.35906994453849,1.59411239323347,1.88388644137379,"SSP2_4_5"
2036,1.37579872183388,1.61712930205272,1.91577485160566,"SSP2_4_5"
2037,1.39280257433538,1.64093209330759,1.94766386012523,"SSP2_4_5"
2038,1.41151204353851,1.66519443644973,1.98172592717189,"SSP2_4_5"
2039,1.43045786352715,1.68914525491577,2.01568291116201,"SSP2_4_5"
2040,1.44797730193759,1.71233475946877,2.0488968246332,"SSP2_4_5"
2041,1.46477951057054,1.7369289858917,2.08322970302105,"SSP2_4_5"
2042,1.4829581721057,1.76167521548585,2.11754980971189,"SSP2_4_5"
2043,1.50128549454696,1.78670484576813,2.15169510897384,"SSP2_4_5"
2044,1.51878709471924,1.80909093248414,2.18617335311151,"SSP2_4_5"
2045,1.53567129756109,1.83074844537589,2.22629912366889,"SSP2_4_5"
2046,1.55135397001986,1.85450937492105,2.25870435325424,"SSP2_4_5"
2047,1.56696853133884,1.879956885551,2.29316933098651,"SSP2_4_5"
2048,1.58318950194083,1.90173863285526,2.32804980445251,"SSP2_4_5"
2049,1.59792026837652,1.9223701832365,2.35929924544334,"SSP2_4_5"
2050,1.61380154632258,1.94577395296003,2.40027499080404,"SSP2_4_5"
2051,1.63025055677042,1.9732951371812,2.42338820304878,"SSP2_4_5"
2052,1.64730176747867,1.99448948062872,2.46192145730367,"SSP2_4_5"
2053,1.66125823227345,2.01703930724073,2.49422380643913,"SSP2_4_5"
2054,1.6759181179409,2.03864048536785,2.52452475593942,"SSP2_4_5"
2055,1.69057716476164,2.06118721889043,2.54567112778789,"SSP2_4_5"
2056,1.70361984904006,2.08390441525191,2.5769435137803,"SSP2_4_5"
2057,1.71717783494499,2.10435781802634,2.60607776039986,"SSP2_4_5"
2058,1.73096208999099,2.12483549884385,2.63379461210578,"SSP2_4_5"
2059,1.74345839335314,2.14550684996103,2.66206318347114,"SSP2_4_5"
2060,1.75828529862347,2.16512168298361,2.69982559511548,"SSP2_4_5"
2061,1.7730465209119,2.18622947074591,2.72822483690722,"SSP2_4_5"
2062,1.78550983134753,2.20537703919723,2.76517890837075,"SSP2_4_5"
2063,1.79937550013,2.22537885934976,2.79299965578134,"SSP2_4_5"
2064,1.81420907873478,2.24527411652296,2.81937559576923,"SSP2_4_5"
2065,1.82792440103737,2.26340708972682,2.84662996927196,"SSP2_4_5"
2066,1.84075696365878,2.28125640985988,2.87176849745837,"SSP2_4_5"
2067,1.85412341837364,2.29836614861881,2.89757810199644,"SSP2_4_5"
2068,1.8674294640655,2.3162377943662,2.92136172779096,"SSP2_4_5"
2069,1.87968102864353,2.33386064696164,2.94510975696836,"SSP2_4_5"
2070,1.89076174123668,2.34967723198065,2.96836692274227,"SSP2_4_5"
2071,1.90159885664764,2.36576414664724,3.00034685121202,"SSP2_4_5"
2072,1.9140472307262,2.38565258152384,3.02482190679285,"SSP2_4_5"
2073,1.92626569296314,2.40087244091491,3.0476963857747,"SSP2_4_5"
2074,1.93703096759974,2.42085602546445,3.07203679930565,"SSP2_4_5"
2075,1.94788662970043,2.43698662779398,3.09541860661499,"SSP2_4_5"
2076,1.95922177958504,2.44928256991671,3.11847145881504,"SSP2_4_5"
2077,1.9708282153056,2.46922702498656,3.14211696281769,"SSP2_4_5"
2078,1.98123854065462,2.48495660077362,3.16551196359796,"SSP2_4_5"
2079,1.99077658561169,2.49868892218696,3.18674536948297,"SSP2_4_5"
2080,1.99945372785684,2.51298640591587,3.20751477284657,"SSP2_4_5"
2081,2.00804173057937,2.52722887407158,3.22875590177237,"SSP2_4_5"
2082,2.01782431707849,2.54241097782221,3.2506917046551,"SSP2_4_5"
2083,2.02590916183823,2.55704964211911,3.27218614652879,"SSP2_4_5"
2084,2.03398547870241,2.57172818208724,3.29289225812145,"SSP2_4_5"
2085,2.04417113355796,2.58620336683565,3.31270451495417,"SSP2_4_5"
2086,2.05435275616519,2.60052419105503,3.33421654681649,"SSP2_4_5"
2087,2.0627976879693,2.61444253695513,3.35594550565074,"SSP2_4_5"
2088,2.07056644272485,2.6274137690637,3.37620941224988,"SSP2_4_5"
2089,2.07815520510925,2.63888688305394,3.39652516448189,"SSP2_4_5"
2090,2.08534574948589,2.65009197025783,3.41572734674045,"SSP2_4_5"
2091,2.09393502029583,2.66482726741906,3.43502016994607,"SSP2_4_5"
2092,2.10078843122503,2.67531545699763,3.45362584579886,"SSP2_4_5"
2093,2.10739609731124,2.68694980561042,3.47190004823182,"SSP2_4_5"
2094,2.11452816985675,2.69834570693205,3.48783778047523,"SSP2_4_5"
2095,2.12117447638434,2.70981021154911,3.50437138056907,"SSP2_4_5"
2096,2.12658144967094,2.72136658888412,3.52052190340543,"SSP2_4_5"
2097,2.13202320261678,2.73028053664237,3.53606559055511,"SSP2_4_5"
2098,2.1382357725815,2.7398339446399,3.5509912769322,"SSP2_4_5"
2099,2.1441443734836,2.74813370534139,3.56574071686952,"SSP2_4_5"
2015,1.00481977079551,1.09435537170704,1.19135690932766,"SSP3_7_0"
2016,1.02022594886254,1.11792898417894,1.22391053751273,"SSP3_7_0"
2017,1.03791925727692,1.14345095429993,1.25796174188763,"SSP3_7_0"
2018,1.0556307602186,1.16983147676732,1.29376553409318,"SSP3_7_0"
2019,1.07271851126748,1.19481568925976,1.33308090882538,"SSP3_7_0"
2020,1.09103693073806,1.2201709465256,1.3707551505,"SSP3_7_0"
2021,1.10903394042536,1.24663715945885,1.40684145618701,"SSP3_7_0"
2022,1.1259327639161,1.27272297461404,1.44260403728284,"SSP3_7_0"
2023,1.14326248437859,1.29862883471056,1.47331066879508,"SSP3_7_0"
2024,1.16083626568066,1.32394076174351,1.51401739433267,"SSP3_7_0"
2025,1.17865779046937,1.34919587571413,1.54954699053008,"SSP3_7_0"
2026,1.19703498886412,1.37572108583669,1.58563205946559,"SSP3_7_0"
2027,1.21571284844761,1.40325434997657,1.62211737649294,"SSP3_7_0"
2028,1.23579230814598,1.43213483860927,1.6550380449204,"SSP3_7_0"
2029,1.25514649618701,1.46023451515005,1.69243256164825,"SSP3_7_0"
2030,1.27527883314509,1.48825929221573,1.73026769390751,"SSP3_7_0"
2031,1.29574459920541,1.51741063935421,1.76897761567048,"SSP3_7_0"
2032,1.31698020795759,1.5462760252856,1.80768735364129,"SSP3_7_0"
2033,1.33694703988853,1.57446023962321,1.84741563813696,"SSP3_7_0"
2034,1.3594662297632,1.60199058183987,1.88614652203876,"SSP3_7_0"
2035,1.38166120402377,1.62981876229744,1.92407030158884,"SSP3_7_0"
2036,1.40397816874654,1.65960094511651,1.96706866897393,"SSP3_7_0"
2037,1.42639927875309,1.69052740944763,2.00620702694043,"SSP3_7_0"
2038,1.44673079762392,1.72035992759727,2.04663326043121,"SSP3_7_0"
2039,1.47000673024798,1.74949416013746,2.08658246844134,"SSP3_7_0"
2040,1.49705727170548,1.78132036634748,2.12858905528652,"SSP3_7_0"
2041,1.5225253705478,1.81507835520978,2.16697667505021,"SSP3_7_0"
2042,1.54761192765239,1.84717485215369,2.21467738591944,"SSP3_7_0"
2043,1.57146940378506,1.87623038183679,2.25658777983793,"SSP3_7_0"
2044,1.59544296394749,1.90756718866691,2.29976386988796,"SSP3_7_0"
2045,1.61948141905012,1.94039888397967,2.3432549616771,"SSP3_7_0"
2046,1.64429320980969,1.97396307667811,2.38648762877733,"SSP3_7_0"
2047,1.66918741610172,2.00633954236547,2.429366418991,"SSP3_7_0"
2048,1.69286639926299,2.03721255334831,2.47072247631565,"SSP3_7_0"
2049,1.71781748182411,2.06608830498904,2.513280735093,"SSP3_7_0"
2050,1.74123733866558,2.10065825191707,2.55801747885851,"SSP3_7_0"
2051,1.76639510057665,2.13323950199083,2.5997044792634,"SSP3_7_0"
2052,1.7918913472118,2.16650230768691,2.64346711951547,"SSP3_7_0"
2053,1.81880757009285,2.20031281945209,2.68798350066131,"SSP3_7_0"
2054,1.84154879234779,2.23490415789538,2.73286577367046,"SSP3_7_0"
2055,1.86437941034456,2.26824955827806,2.78159975910205,"SSP3_7_0"
2056,1.89038039606504,2.30038069973691,2.82736213535754,"SSP3_7_0"
2057,1.91732920613652,2.33372409641575,2.87231933741278,"SSP3_7_0"
2058,1.94352993330481,2.36842676143069,2.91728249496608,"SSP3_7_0"
2059,1.96768445859155,2.40376809318697,2.96391983691936,"SSP3_7_0"
2060,1.99158333877609,2.43856071858517,3.00982611961508,"SSP3_7_0"
2061,2.01703107228925,2.47310137212982,3.05624038349743,"SSP3_7_0"
2062,2.03908280503621,2.51004387244988,3.10410094055756,"SSP3_7_0"
2063,2.06537828207732,2.54670902923675,3.15241865354326,"SSP3_7_0"
2064,2.09198967044258,2.58408701987237,3.19887947324721,"SSP3_7_0"
2065,2.11752244191171,2.62183266994272,3.24845854776435,"SSP3_7_0"
2066,2.14151174936138,2.65874578392176,3.29757264977422,"SSP3_7_0"
2067,2.16757740549313,2.69575256623182,3.34632349437268,"SSP3_7_0"
2068,2.19225136247524,2.72999783065455,3.39570738934584,"SSP3_7_0"
2069,2.22026320540239,2.76467609453521,3.4449028723084,"SSP3_7_0"
2070,2.2454257514544,2.79920547647392,3.49387892145384,"SSP3_7_0"
2071,2.27236518189404,2.83720624917532,3.54311534882845,"SSP3_7_0"
2072,2.30035427201626,2.875600342069,3.59244061543665,"SSP3_7_0"
2073,2.32784468660381,2.91232157253154,3.64267496913039,"SSP3_7_0"
2074,2.35769364641738,2.95005714563479,3.69231871387272,"SSP3_7_0"
2075,2.38765651856517,2.98748498658805,3.7437534454688,"SSP3_7_0"
2076,2.41692463588548,3.02804248730073,3.7954872037503,"SSP3_7_0"
2077,2.44195859164191,3.0659652367904,3.84769073193744,"SSP3_7_0"
2078,2.46961689690488,3.10242488291716,3.89889924972295,"SSP3_7_0"
2079,2.49919385158783,3.14093660399794,3.95008048034577,"SSP3_7_0"
2080,2.52844743663468,3.18103969938255,4.00134638484765,"SSP3_7_0"
2081,2.55568792264216,3.21831840136972,4.05352617337608,"SSP3_7_0"
2082,2.58302788317212,3.25436501212584,4.10391257138614,"SSP3_7_0"
2083,2.6116027362843,3.29317654974787,4.15741105811466,"SSP3_7_0"
2084,2.64027343000714,3.33233679407379,4.21317201064301,"SSP3_7_0"
2085,2.66891921881024,3.371378585299,4.26873612928413,"SSP3_7_0"
2086,2.69671778177784,3.40911871001579,4.32322465329132,"SSP3_7_0"
2087,2.72716813108937,3.44835806737165,4.37756429328615,"SSP3_7_0"
2088,2.76014496585477,3.48969721371523,4.43239414443737,"SSP3_7_0"
2089,2.78999785165132,3.52951652416466,4.4842337660193,"SSP3_7_0"
2090,2.82043441284666,3.56762871086941,4.54113601703178,"SSP3_7_0"
2091,2.84746452851883,3.60635765934793,4.59560618918265,"SSP3_7_0"
2092,2.8763823745708,3.64537613656772,4.649576731316,"SSP3_7_0"
2093,2.90434747258261,3.68424377285249,4.70416549900332,"SSP3_7_0"
2094,2.93224713382296,3.72122885928359,4.75839778691346,"SSP3_7_0"
2095,2.95968471825325,3.75845168321596,4.81213796354546,"SSP3_7_0"
2096,2.98687518162869,3.79647213702936,4.86717256530755,"SSP3_7_0"
2097,3.01403705127976,3.83512364906916,4.92207523629288,"SSP3_7_0"
2098,3.04039235992474,3.87238348037829,4.97558831571363,"SSP3_7_0"
2099,3.06645689320595,3.90872306547346,5.02786293121447,"SSP3_7_0"
2015,1.02088484995096,1.11008761335391,1.2144647756989,"SSP5_8_5"
2016,1.04053454865484,1.13682979463729,1.25105003956026,"SSP5_8_5"
2017,1.06093297661717,1.16613880121318,1.28902333480342,"SSP5_8_5"
2018,1.0792720995838,1.1952751851349,1.32955864171263,"SSP5_8_5"
2019,1.09917878212352,1.22385784356077,1.37385731071307,"SSP5_8_5"
2020,1.12056668907397,1.25372695025947,1.41505958346909,"SSP5_8_5"
2021,1.14297241151824,1.28347013180317,1.45678177106822,"SSP5_8_5"
2022,1.16505436623525,1.31598198613145,1.50133811448421,"SSP5_8_5"
2023,1.18642786871007,1.34679997367966,1.53898408463074,"SSP5_8_5"
2024,1.20525800668825,1.37680334150879,1.58149407276705,"SSP5_8_5"
2025,1.22414643707267,1.40963853117141,1.62623650781063,"SSP5_8_5"
2026,1.24700661052841,1.44187780586913,1.66799999405406,"SSP5_8_5"
2027,1.27112057403433,1.47521251392188,1.71151660677161,"SSP5_8_5"
2028,1.29415606591148,1.50904932115015,1.75647773093605,"SSP5_8_5"
2029,1.31830494967976,1.54363575391916,1.7980854575206,"SSP5_8_5"
2030,1.34085532491361,1.576928656448,1.84145770859179,"SSP5_8_5"
2031,1.36478252479898,1.61043913758366,1.88685013028281,"SSP5_8_5"
2032,1.3906258154284,1.64426233754571,1.93228506759303,"SSP5_8_5"
2033,1.41074602810266,1.67787434507788,1.97872827915271,"SSP5_8_5"
2034,1.43490673271046,1.71272012929054,2.02474736612262,"SSP5_8_5"
2035,1.45880320303878,1.74763476955123,2.07152009323403,"SSP5_8_5"
2036,1.48337097100738,1.7830155707168,2.11794897743584,"SSP5_8_5"
2037,1.50906796193295,1.81778520012253,2.16279083864333,"SSP5_8_5"
2038,1.5361567144224,1.85378511225463,2.21101736584053,"SSP5_8_5"
2039,1.56359243409656,1.89233438481483,2.26036902809596,"SSP5_8_5"
2040,1.59166426274565,1.93294112534188,2.31249452533833,"SSP5_8_5"
2041,1.62076039302146,1.97345026615939,2.36585663197175,"SSP5_8_5"
2042,1.64854106275183,2.01131116670767,2.41699398646827,"SSP5_8_5"
2043,1.67778459234983,2.05200884325908,2.47100980160926,"SSP5_8_5"
2044,1.70798685610054,2.09422104722134,2.52743289718927,"SSP5_8_5"
2045,1.73870162801187,2.13551735112082,2.58217987499945,"SSP5_8_5"
2046,1.76825609393605,2.17751711904027,2.63802693900457,"SSP5_8_5"
2047,1.79819345988353,2.21934435042073,2.69473294783208,"SSP5_8_5"
2048,1.83299845453575,2.26073759608286,2.75067528802596,"SSP5_8_5"
2049,1.86579389303968,2.30406394761705,2.81236945674517,"SSP5_8_5"
2050,1.89972550455549,2.34843442288292,2.87015547646488,"SSP5_8_5"
2051,1.9330480686947,2.39289321507898,2.92854218325182,"SSP5_8_5"
2052,1.96505115764496,2.43888747638886,2.98766709253578,"SSP5_8_5"
2053,1.9997546768118,2.48634231934266,3.04796599374248,"SSP5_8_5"
2054,2.03306484970093,2.53105971133802,3.10846159935692,"SSP5_8_5"
2055,2.06526083035676,2.57327765921329,3.16804872584855,"SSP5_8_5"
2056,2.09908015786164,2.61944598176969,3.22851367105688,"SSP5_8_5"
2057,2.13121150930986,2.66812118826682,3.29117037785056,"SSP5_8_5"
2058,2.16434010252642,2.71261840110961,3.3527803008182,"SSP5_8_5"
2059,2.19571636029679,2.75715767123422,3.4147999333775,"SSP5_8_5"
2060,2.22815812483392,2.79667982265641,3.47817836357871,"SSP5_8_5"
2061,2.26227942032762,2.8449350161437,3.5430395107192,"SSP5_8_5"
2062,2.29713105419946,2.89329315437714,3.60913213492134,"SSP5_8_5"
2063,2.31913070296329,2.94200222113361,3.67455927309661,"SSP5_8_5"
2064,2.3529328242689,2.98903250921433,3.7394160824045,"SSP5_8_5"
2065,2.38539102085743,3.03628207538283,3.81698311329724,"SSP5_8_5"
2066,2.41501493635417,3.08611574016498,3.88210482992848,"SSP5_8_5"
2067,2.44855176510457,3.1345362024133,3.94598833854306,"SSP5_8_5"
2068,2.48309937959415,3.18064826956999,4.01049126162905,"SSP5_8_5"
2069,2.51648498835126,3.22945690619414,4.07647809354435,"SSP5_8_5"
2070,2.54900918296168,3.27956475640043,4.14422237525546,"SSP5_8_5"
2071,2.58235178903226,3.32939329829877,4.21388852791563,"SSP5_8_5"
2072,2.61577665118219,3.3762014339363,4.28229722374529,"SSP5_8_5"
2073,2.65192574380168,3.42638903279522,4.352691630971,"SSP5_8_5"
2074,2.68771318666216,3.4782399477907,4.42178540830778,"SSP5_8_5"
2075,2.72676799371231,3.52847327294028,4.49437253089864,"SSP5_8_5"
2076,2.76397609851817,3.57851749098548,4.56747786000172,"SSP5_8_5"
2077,2.79977605636119,3.62956571047454,4.63956798406187,"SSP5_8_5"
2078,2.83570271202621,3.67930726697291,4.71264236681161,"SSP5_8_5"
2079,2.87090936721802,3.7336689017705,4.78535492978579,"SSP5_8_5"
2080,2.90392730652692,3.7843463874314,4.85781232607752,"SSP5_8_5"
2081,2.9379350923908,3.83334357075581,4.92705389684894,"SSP5_8_5"
2082,2.97280550819256,3.88556943649778,5.00079506997485,"SSP5_8_5"
2083,3.00782620381383,3.93907594436793,5.07320396090822,"SSP5_8_5"
2084,3.04316366202499,3.9904790732006,5.14771495972554,"SSP5_8_5"
2085,3.07883163793715,4.04217039726787,5.22188232393199,"SSP5_8_5"
2086,3.11518191353308,4.09311887826219,5.29612150771734,"SSP5_8_5"
2087,3.1518219838253,4.14518605520534,5.37119023084581,"SSP5_8_5"
2088,3.18577758778546,4.19785604616095,5.44681868104617,"SSP5_8_5"
2089,3.2229395565851,4.24928992125381,5.52099910752081,"SSP5_8_5"
2090,3.25908768909655,4.3000774772895,5.59616637016288,"SSP5_8_5"
2091,3.29213907459413,4.35062670969655,5.66733477584825,"SSP5_8_5"
2092,3.32739145167197,4.40169789932753,5.73979511534717,"SSP5_8_5"
2093,3.36211258589366,4.45065807136505,5.81096595367456,"SSP5_8_5"
2094,3.39567385345608,4.49915057045371,5.8807175697155,"SSP5_8_5"
2095,3.42917756918331,4.5486810424961,5.95002500827101,"SSP5_8_5"
2096,3.46259621043138,4.59671645478602,6.01871214966387,"SSP5_8_5"
2097,3.49445751662011,4.64448069793044,6.0866261084912,"SSP5_8_5"
2098,3.52601790176612,4.68965750181672,6.15390104889905,"SSP5_8_5"
2099,3.55601574316127,4.73467940455061,6.21962064194396,"SSP5_8_5"
